feature,Dunn,French,LMU,q_value__French_vs_Dunn,auc_abs__French_vs_Dunn,raw_log2_fc__French_vs_Dunn,effect_direction__French_vs_Dunn,significant_fdr_05__French_vs_Dunn,q_value__French_vs_LMU,auc_abs__French_vs_LMU,raw_log2_fc__French_vs_LMU,effect_direction__French_vs_LMU,significant_fdr_05__French_vs_LMU,q_value__LMU_vs_Dunn,auc_abs__LMU_vs_Dunn,raw_log2_fc__LMU_vs_Dunn,effect_direction__LMU_vs_Dunn,significant_fdr_05__LMU_vs_Dunn,n_strong_tasks,clinical_profile,profile_note
FT-002,7.248595200778398,7.37049277567329,7.336073915494046,0.0057748020412430765,0.7352071005917159,0.06384418793205625,French > Dunn,True,0.9555146550693046,0.5064102564102564,-0.08475343914489548,French > LMU,False,0.030581690556412335,0.6891025641025641,0.14859762707695184,LMU > Dunn,True,0,healthy-depleted,Dunn is lowest overall.
FT-004,8.483066197997818,8.649305945773337,8.611466996502752,0.0027863291204515556,0.7544378698224852,0.0915769084470928,French > Dunn,True,0.831179809321972,0.5224358974358974,-0.025172934776093704,French > LMU,False,0.011189987760409038,0.7227564102564102,0.11674984322318664,LMU > Dunn,True,0,healthy-depleted,Dunn is lowest overall.
FT-005,10.289423613986042,10.420952911573043,10.427732656959211,0.0011371302685897046,0.7781065088757396,0.08093085422860918,French > Dunn,True,0.763040947591776,0.532051282051282,-0.09911324810285524,French < LMU,False,0.004720920659165824,0.7467948717948718,0.1800441023314644,LMU > Dunn,True,0,healthy-depleted,Dunn is lowest overall.
FT-006,9.542770272096684,9.698865934730453,9.649389239658039,0.0015599909833124124,0.7692307692307693,0.11158558515129836,French > Dunn,True,0.9229841368506082,0.5112179487179487,-0.054522319479105213,French > LMU,False,0.008532533004227735,0.7307692307692308,0.16610790463040337,LMU > Dunn,True,0,healthy-depleted,Dunn is lowest overall.
FT-007,7.516949763301821,7.592562941212931,7.5770087197742075,0.002083164056381955,0.7618343195266273,0.04618360923269233,French > Dunn,True,0.5437870202644245,0.5608974358974359,0.0766799030896825,French > LMU,False,0.015561634359095711,0.7115384615384616,-0.030496293856989938,LMU > Dunn,True,0,healthy-depleted,Dunn is lowest overall.
FT-008,8.697543357582612,8.781183542653073,8.763567209184572,0.0008086956467013231,0.7869822485207101,0.03806027617181028,French > Dunn,True,0.698031622315522,0.5400641025641026,0.006685170548127541,French > LMU,False,0.008984758686771082,0.7291666666666666,0.031375105623682585,LMU > Dunn,True,0,healthy-depleted,Dunn is lowest overall.
FT-009,9.635716903545168,9.718513479925456,9.703385181607224,0.0003443902724987079,0.8062130177514794,0.029171653897844374,French > Dunn,True,0.679248612321866,0.5432692307692308,0.0011777562114609712,French > LMU,False,0.004031401988208413,0.7516025641025641,0.02799389768638345,LMU > Dunn,True,0,healthy-depleted,Dunn is lowest overall.
FT-010,10.25693623564025,10.328845343279443,10.320144498830333,0.00026184315087000154,0.8121301775147929,-0.01022168527981456,French > Dunn,True,0.8961949276289886,0.5144230769230769,-0.032326023266408425,French > LMU,False,0.0014622673510006736,0.7772435897435896,0.02210433798659386,LMU > Dunn,True,0,healthy-depleted,Dunn is lowest overall.
FT-011,6.795748222526402,6.8618297639344235,6.838243696844521,0.020040910930088116,0.6997041420118343,0.004151125159774428,French > Dunn,True,0.24667875661596622,0.6073717948717948,0.0734330640329106,French > LMU,False,0.15291935603126908,0.6282051282051282,-0.06928193887313608,LMU > Dunn,False,0,non-specific but discriminative,"Strong separation exists, but the pattern is not cleanly attributable to one clinical interpretation."
FT-012,7.353118541727497,7.431207408140162,7.4219813657045,0.011119169997317095,0.7174556213017752,-0.00530131354651612,French > Dunn,True,0.698031622315522,0.5400641025641026,-0.01668853131390671,French > LMU,False,0.006750434973400094,0.7371794871794872,0.011387217767390488,LMU > Dunn,True,0,healthy-depleted,Dunn is lowest overall.
FT-014,8.058417997860204,7.771497190017268,7.9999335033939,6.788751309474513e-09,1.0,-0.49963885395627966,French < Dunn,True,8.212233262943234e-09,1.0,-0.3204478301155737,French < LMU,True,0.00565389164505238,0.7419871794871795,-0.1791910238407059,LMU < Dunn,True,2,cancer-specific low,French is clearly depleted relative to both comparison groups.
FT-015,7.617092332234768,7.311098293612716,7.5628737463439,1.4505916071587172e-07,0.9482248520710059,-0.5175641205666425,French < Dunn,True,7.059621969852433e-06,0.8862179487179487,-0.3237386363487134,French < LMU,True,0.0036034470976637825,0.7548076923076923,-0.1938254842179291,LMU < Dunn,True,2,cancer-specific low,French is clearly depleted relative to both comparison groups.
FT-016,7.335011840203956,6.8899158374369645,7.46478431293326,6.788751309474513e-09,1.0,-0.6760839854375731,French < Dunn,True,8.212233262943234e-09,1.0,-0.7681983099493214,French < LMU,True,1.8674239325054577e-05,0.875,0.09211432451174811,LMU > Dunn,True,2,cancer-specific low,French is clearly depleted relative to both comparison groups.
FT-018,7.845032765102081,7.925990533634005,7.9338830117668895,0.010038156727827957,0.7204142011834319,-0.0083189085177933,French > Dunn,True,0.9447543958944866,0.5080128205128206,-0.01871988898943122,French < LMU,False,0.02003211953166722,0.7035256410256411,0.010400980471637894,LMU > Dunn,True,0,healthy-depleted,Dunn is lowest overall.
FT-020,9.542057851246224,9.271119362146269,9.492833919398088,6.788751309474513e-09,1.0,-0.470256500511369,French < Dunn,True,8.212233262943234e-09,1.0,-0.27363978821781754,French < LMU,True,0.033608950645108465,0.6858974358974359,-0.19661671229355157,LMU < Dunn,True,2,cancer-specific low,French is clearly depleted relative to both comparison groups.
FT-021,9.732048965903106,9.470103409962633,9.698975706074418,6.788751309474513e-09,1.0,-0.46676306472330403,French < Dunn,True,8.212233262943234e-09,1.0,-0.3021512162486492,French < LMU,True,0.020691076505192967,0.701923076923077,-0.16461184847465485,LMU < Dunn,True,2,cancer-specific low,French is clearly depleted relative to both comparison groups.
FT-022,7.62150028367199,7.795167309718224,7.582437664559425,3.84558070066751e-07,0.9319526627218935,0.17597308340998638,French > Dunn,True,1.8461403903027396e-07,0.9471153846153847,0.3801268883910771,French > LMU,True,0.2527278743226868,0.6041666666666667,-0.20415380498109087,LMU < Dunn,False,2,cancer-specific high,French is clearly highest relative to both comparison groups.
FT-023,7.402073769513489,7.504172506397082,7.476333446796607,0.002083164056381955,0.7618343195266272,0.028402028347900628,French > Dunn,True,0.3906604790569022,0.5833333333333334,0.008952878843975809,French > LMU,False,0.018098651706314688,0.7067307692307692,0.019449149503924807,LMU > Dunn,True,0,healthy-depleted,Dunn is lowest overall.
FT-024,8.013687902129291,7.590816729327407,7.837939296443624,6.788751309474513e-09,1.0,-0.6777625371087812,French < Dunn,True,1.9596958705450186e-08,0.9823717948717949,-0.28632726202484243,French < LMU,True,1.2603413877909718e-08,0.9967948717948718,-0.39143527508393855,LMU < Dunn,True,3,cancer-specific low,"French is lowest, Dunn highest, and LMU intermediate."
FT-025,8.916874508417958,8.632184675064817,8.85605108448225,6.788751309474513e-09,1.0,-0.5070959310182878,French < Dunn,True,8.212233262943234e-09,1.0,-0.3275075875499383,French < LMU,True,0.020691076505192967,0.7019230769230769,-0.17958834346834973,LMU < Dunn,True,2,cancer-specific low,French is clearly depleted relative to both comparison groups.
FT-026,7.682375645793767,7.8774440611760514,7.691162635740946,5.1501196257706315e-08,0.9659763313609467,0.2097042448630622,French > Dunn,True,1.054753603406394e-08,0.9935897435897436,0.32664861505465304,French > LMU,True,0.9351140449159715,0.5080128205128205,-0.11694437019159086,LMU > Dunn,False,2,cancer-specific high,French is clearly highest relative to both comparison groups.
FT-027,8.60611983253618,8.18264075078843,8.402245581558834,6.788751309474513e-09,1.0,-0.6903583698335111,French < Dunn,True,1.6754494730629925e-08,0.9855769230769231,-0.2683967151759498,French < LMU,True,1.1976173508458883e-08,1.0,-0.42196165465756114,LMU < Dunn,True,3,cancer-specific low,"French is lowest, Dunn highest, and LMU intermediate."
FT-028,6.475140477159766,6.404070558952593,6.218182953833056,0.041766977237838246,0.6760355029585798,-0.23344046205426117,French < Dunn,True,0.000669664198322522,0.7932692307692308,0.2772531678320282,French > LMU,True,1.1235889208545753e-05,0.8846153846153846,-0.5106936298862894,LMU < Dunn,True,1,benign-depleted,LMU is specifically low for this feature.
FT-030,8.710793796899154,8.285609303466066,8.495959729149611,6.788751309474513e-09,1.0,-0.7048237437083614,French < Dunn,True,1.6754494730629925e-08,0.9855769230769231,-0.2726679427938914,French < LMU,True,1.1976173508458883e-08,1.0,-0.43215580091447003,LMU < Dunn,True,3,cancer-specific low,"French is lowest, Dunn highest, and LMU intermediate."
FT-031,9.100985634486978,9.072482327686625,8.888566752971375,0.026872081120461633,0.6908284023668639,-0.13027908161254426,French < Dunn,True,8.212233262943234e-09,1.0,0.35338089273805756,French > LMU,True,1.3649752514670982e-08,0.9935897435897436,-0.4836599743506018,LMU < Dunn,True,2,benign-depleted,LMU is specifically low for this feature.
FT-032,8.551362342352942,8.543830093788852,8.34183859938312,0.42428794700399886,0.5724852071005917,-0.11969617482070546,French < Dunn,False,8.212233262943234e-09,1.0,0.31773087853406967,French > LMU,True,1.1976173508458883e-08,1.0,-0.4374270533547751,LMU < Dunn,True,2,benign-depleted,LMU is specifically low for this feature.
FT-033,7.710204232707483,7.6532020507057075,7.463916376220922,0.0008086956467013231,0.7869822485207101,-0.17512208060847148,French < Dunn,True,8.212233262943234e-09,1.0,0.34852596786126055,French > LMU,True,1.8919665565000555e-08,0.9887820512820513,-0.523648048469732,LMU < Dunn,True,2,benign-depleted,LMU is specifically low for this feature.
FT-034,7.111045153219317,7.112595921698466,6.902352253247839,0.9340471749069502,0.5088757396449705,-0.12166387602688167,French > Dunn,False,1.9596958705450186e-08,0.9823717948717949,0.3193866586410488,French > LMU,True,1.1976173508458883e-08,1.0,-0.4410505346679303,LMU < Dunn,True,2,benign-depleted,LMU is specifically low for this feature.
FT-035,8.519308259770707,8.48476074510738,8.288478239902952,0.004633428261880739,0.7411242603550297,-0.13964839682977565,French < Dunn,True,8.76165135225367e-09,0.9983974358974359,0.382700070907766,French > LMU,True,1.3649752514670982e-08,0.9951923076923077,-0.5223484677375416,LMU < Dunn,True,2,benign-depleted,LMU is specifically low for this feature.
FT-036,7.953586772138039,7.92960451867032,7.739622692625221,0.19824796553391416,0.6124260355029586,-0.1258212059191348,French < Dunn,False,8.212233262943234e-09,1.0,0.33494001457487316,French > LMU,True,1.1976173508458883e-08,1.0,-0.4607612204940078,LMU < Dunn,True,2,benign-depleted,LMU is specifically low for this feature.
FT-037,8.059882690757835,7.925417960989181,7.8667534441474976,3.282185184489986e-08,0.9733727810650887,-0.3113413848338822,French < Dunn,True,0.004089330557968236,0.7483974358974359,0.1487950441627605,French > LMU,True,1.3649752514670982e-08,0.9935897435897436,-0.46013642899664253,LMU < Dunn,True,2,healthy-associated,"Healthy samples are highest, while both disease groups are lower."
FT-038,6.244498143067295,6.027400629376501,6.107036017879496,5.859430537797802e-08,0.9630177514792899,-0.4033789836655582,French < Dunn,True,0.015113817543006626,0.7115384615384616,0.020136219440912855,French < LMU,True,0.0001196832680520735,0.8365384615384616,-0.4235152031064708,LMU < Dunn,True,1,healthy-associated,Dunn is highest overall.
FT-039,8.60492329712348,8.45955229764269,8.42627302762352,6.348293542632446e-08,0.9615384615384616,-0.33627442057482465,French < Dunn,True,0.004868582735391594,0.7435897435897436,0.12284418289764099,French > LMU,True,1.3649752514670982e-08,0.9935897435897436,-0.4591186034724654,LMU < Dunn,True,2,healthy-associated,"Healthy samples are highest, while both disease groups are lower."
FT-040,6.789559998485157,6.5957510100075005,6.711105939763549,1.1728097797819808e-06,0.9127218934911243,-0.4038788077803356,French < Dunn,True,0.0038960185505050077,0.75,-0.18886452951753832,French < LMU,True,0.0007073787193731706,0.7948717948717949,-0.21501427826279731,LMU < Dunn,True,1,healthy-associated,Dunn is highest overall.
FT-041,8.570110634370899,8.436783193841432,8.376837896218781,1.849326451134321e-07,0.9437869822485208,-0.3065475664817588,French < Dunn,True,0.0013172491013146563,0.7772435897435898,0.15381014338197935,French > LMU,True,3.128238955056631e-08,0.9807692307692307,-0.4603577098637381,LMU < Dunn,True,2,healthy-associated,"Healthy samples are highest, while both disease groups are lower."
FT-042,6.7351172446911445,6.557591077221369,6.603789326992915,2.883826107069e-06,0.8979289940828402,-0.3256872585515608,French < Dunn,True,0.11573569717950376,0.6410256410256411,-0.03452322153880904,French < LMU,False,7.17255979529281e-05,0.8477564102564102,-0.2911640370127518,LMU < Dunn,True,1,healthy-associated,Dunn is highest overall.
FT-043,8.201503526914355,8.346827188108064,7.8366422105679865,1.168099301305001e-08,0.9911242603550297,0.11580273087097337,French > Dunn,True,8.212233262943234e-09,1.0,0.7921274563970486,French > LMU,True,1.1976173508458883e-08,1.0,-0.676324725526075,LMU < Dunn,True,3,cancer-specific high,"French is highest, while LMU stays below healthy."
FT-044,9.228042153260404,9.195391568004364,9.026381470076682,0.020040910930088116,0.6997041420118344,-0.13564792600781753,French < Dunn,True,8.76165135225367e-09,0.9983974358974359,0.3306802045450682,French > LMU,True,1.2603413877909718e-08,0.9967948717948718,-0.46632813055288563,LMU < Dunn,True,2,benign-depleted,LMU is specifically low for this feature.
FT-045,8.675707880191133,8.660657481763852,8.47627880344005,0.11208571160287764,0.6390532544378698,-0.1361824036636073,French < Dunn,False,8.212233262943234e-09,1.0,0.30709234264051466,French > LMU,True,1.1976173508458883e-08,1.0,-0.443274746304122,LMU < Dunn,True,2,benign-depleted,LMU is specifically low for this feature.
FT-046,8.782871169890429,8.93113251749807,8.438271165086753,6.788751309474513e-09,1.0,0.17305373968500407,French > Dunn,True,8.212233262943234e-09,1.0,0.7786324100409848,French > LMU,True,1.1976173508458883e-08,1.0,-0.6055786703559807,LMU < Dunn,True,3,cancer-specific high,"French is highest, while LMU stays below healthy."
FT-048,7.395038317218268,7.473545729443855,7.378711487698525,1.2995915829557238e-05,0.8713017751479291,0.03677911362575722,French > Dunn,True,9.141411354907337e-06,0.8814102564102564,0.25339922405418003,French > LMU,True,0.3831210596122296,0.5801282051282052,-0.21662011042842283,LMU < Dunn,False,1,non-specific but discriminative,"Strong separation exists, but the pattern is not cleanly attributable to one clinical interpretation."
FT-049,7.343657687377582,7.045582726382764,7.451723599573738,6.788751309474513e-09,1.0,-0.5075680642238413,French < Dunn,True,8.212233262943234e-09,1.0,-0.48854592226934934,French < LMU,True,1.0403653429256218e-05,0.8862179487179488,-0.019022141954491992,LMU > Dunn,True,2,cancer-specific low,French is clearly depleted relative to both comparison groups.
FT-050,8.731302385403577,8.880328698130135,8.38089759311823,6.788751309474513e-09,1.0,0.13140416885507183,French > Dunn,True,8.212233262943234e-09,1.0,0.7849390440111154,French > LMU,True,1.1976173508458883e-08,1.0,-0.6535348751560435,LMU < Dunn,True,3,cancer-specific high,"French is highest, while LMU stays below healthy."
FT-051,4.8757855948926085,4.68851734163564,4.6001000478011,3.538488977726333e-05,0.8520710059171597,-0.4174296046596713,French < Dunn,True,0.07197715454069754,0.6602564102564104,0.26309312967531356,French > LMU,False,3.505668184732216e-06,0.905448717948718,-0.680522734334985,LMU < Dunn,True,2,healthy-associated,"Healthy samples are highest, while both disease groups are lower."
FT-052,7.463094622079659,7.346352302924814,7.1888187202438925,9.241756783774908e-07,0.9171597633136095,-0.26149067119514324,French < Dunn,True,1.054753603406394e-08,0.9935897435897436,0.28221977197305786,French > LMU,True,1.1976173508458883e-08,1.0,-0.543710443168201,LMU < Dunn,True,3,benign-depleted,LMU is specifically low for this feature.
FT-053,7.355670911147103,7.0886091051995646,7.4913672459027945,6.788751309474513e-09,1.0,-0.4682482154395655,French < Dunn,True,8.212233262943234e-09,1.0,-0.5154302971073015,French < LMU,True,1.6009566735976373e-06,0.9182692307692308,0.047182081667735916,LMU > Dunn,True,2,cancer-specific low,French is clearly depleted relative to both comparison groups.
FT-054,7.798829313431046,7.810658923746794,7.687338652199438,0.09382517317225315,0.6464497041420117,-0.016222253016292765,French > Dunn,False,2.9495401058727973e-08,0.9759615384615384,0.27004998266771385,French > LMU,True,4.384949333090562e-07,0.9391025641025641,-0.28627223568400656,LMU < Dunn,True,2,benign-depleted,LMU is specifically low for this feature.
FT-055,7.749110549355651,7.777042286349397,7.673545726978986,0.018355778565671565,0.7026627218934911,-0.015663687859547405,French > Dunn,True,1.55378960634265e-07,0.9503205128205128,0.24478824150336936,French > LMU,True,0.0001377506557647319,0.8333333333333333,-0.26045192936291683,LMU < Dunn,True,1,non-specific but discriminative,"Strong separation exists, but the pattern is not cleanly attributable to one clinical interpretation."
FT-056,7.910201305295191,7.792662927208674,7.81843848412753,2.3427748862299875e-08,0.9792899408284024,-0.28228273239072305,French < Dunn,True,0.08058185026298856,0.655448717948718,0.03693886056613931,French < LMU,False,2.1717892193128136e-05,0.8717948717948718,-0.31922159295686253,LMU < Dunn,True,2,healthy-associated,"Healthy samples are highest, while both disease groups are lower."
FT-057,7.5675471811411,7.425417872931817,7.501467309284022,2.3427748862299875e-08,0.9792899408284024,-0.32960884899273996,French < Dunn,True,0.0006329178015444158,0.7948717948717948,-0.00341863449627263,French < LMU,True,0.00024826797172587103,0.8189102564102564,-0.3261902144964674,LMU < Dunn,True,1,healthy-associated,Dunn is highest overall.
FT-058,8.843090973829781,8.819862868447137,8.74467736172349,0.08709718559004824,0.6494082840236687,-0.13856579679507477,French < Dunn,False,1.3243674767527715e-06,0.9150641025641024,0.18829171680597165,French > LMU,True,3.6144446569001494e-07,0.9423076923076923,-0.32685751360104637,LMU < Dunn,True,2,benign-depleted,LMU is specifically low for this feature.
FT-059,7.662831836443347,7.847153873814578,7.696764364131388,7.738894144086707e-09,0.9970414201183432,0.16781500050623155,French > Dunn,True,1.6754494730629925e-08,0.9855769230769231,0.3053774808420954,French > LMU,True,0.02409964370963537,0.6971153846153846,-0.13756248033586393,LMU > Dunn,True,2,cancer-specific high,French is clearly highest relative to both comparison groups.
FT-060,6.045355018967479,5.876960104085251,6.036112204878306,3.072766874113735e-05,0.8550295857988166,-0.3006229557342595,French < Dunn,True,8.422354030597061e-06,0.8830128205128205,-0.16780346586461334,French < LMU,True,0.7762448132632037,0.5272435897435898,-0.132819489869646,LMU < Dunn,False,2,cancer-specific low,French is clearly depleted relative to both comparison groups.
FT-061,8.816578277185883,8.826002269459494,8.879873080289073,0.18227857796919494,0.6168639053254438,-0.06391522272403773,French > Dunn,False,0.0003351896391236179,0.8092948717948718,0.0012603257016534511,French < LMU,True,3.7977246662366424e-06,0.9038461538461539,-0.06517554842569116,LMU > Dunn,True,0,non-specific but discriminative,"Strong separation exists, but the pattern is not cleanly attributable to one clinical interpretation."
FT-062,8.029441127855746,7.9868077335392655,7.917028087992544,0.012302181426348915,0.7144970414201183,-0.1528772597405018,French < Dunn,True,0.00011506514799897856,0.8317307692307693,0.17872012126435288,French > LMU,True,2.396190223596113e-07,0.9487179487179487,-0.33159738100485464,LMU < Dunn,True,1,benign-depleted,LMU is specifically low for this feature.
FT-063,7.174460830698473,7.172220551378172,7.156964818131987,0.10851376023319055,0.6405325443786982,-0.10297915358849141,French < Dunn,False,0.8042508011494272,0.5256410256410257,0.09360943713090063,French > LMU,False,0.2154247660042225,0.6121794871794872,-0.19658859071939203,LMU < Dunn,False,0,non-specific but discriminative,"Strong separation exists, but the pattern is not cleanly attributable to one clinical interpretation."
FT-064,8.958079377570792,9.05889343559703,8.760257105953738,1.5047104383833055e-08,0.9866863905325444,0.048574742750812146,French > Dunn,True,8.212233262943234e-09,1.0,0.5050042471201005,French > LMU,True,1.1976173508458883e-08,1.0,-0.4564295043692883,LMU < Dunn,True,2,benign-depleted,LMU is specifically low for this feature.
FT-065,6.0062580180065765,5.861362590867612,6.390772187694429,8.036192937803037e-07,0.9201183431952663,-0.3452159402648839,French < Dunn,True,8.212233262943234e-09,1.0,-0.7469949246100622,French < LMU,True,1.2603413877909718e-08,0.9967948717948718,0.4017789843451784,LMU > Dunn,True,3,cancer-specific low,French is clearly lowest relative to both comparison groups.
FT-066,7.234289457414703,7.205280098516869,7.236852871226656,0.33519031096781504,0.5857988165680473,-0.1814371482122551,French < Dunn,False,0.2173359286285529,0.6137820512820513,-0.018262337052982556,French < LMU,False,0.6864826396956091,0.5384615384615384,-0.16317481115927268,LMU > Dunn,False,0,non-specific but discriminative,"Strong separation exists, but the pattern is not cleanly attributable to one clinical interpretation."
FT-067,9.004498677245211,9.113539747224277,8.812014341288807,2.4375672926468654e-08,0.9778106508875739,0.03158419900014529,French > Dunn,True,8.212233262943234e-09,1.0,0.47164135810033936,French > LMU,True,1.1976173508458883e-08,1.0,-0.44005715910019416,LMU < Dunn,True,2,benign-depleted,LMU is specifically low for this feature.
FT-068,6.021101932822623,5.7925393373769785,6.357599324219205,9.241756783774908e-07,0.9171597633136095,-0.38221859440898126,French < Dunn,True,8.212233262943234e-09,1.0,-0.7171271161840541,French < LMU,True,1.1976173508458883e-08,1.0,0.33490852177507285,LMU > Dunn,True,3,cancer-specific low,French is clearly lowest relative to both comparison groups.
FT-069,6.812233799727391,6.766317269587816,6.776379274126407,0.11574657821596825,0.6375739644970414,-0.18650175825790308,French < Dunn,False,0.7858487371872348,0.5288461538461539,0.08265587547545587,French < LMU,False,0.16918556413990965,0.6233974358974359,-0.26915763373335894,LMU < Dunn,False,0,non-specific but discriminative,"Strong separation exists, but the pattern is not cleanly attributable to one clinical interpretation."
FT-070,8.580427356215967,8.667482335675459,8.389958044324318,2.4375672926468654e-08,0.977810650887574,0.029203211103368938,French > Dunn,True,8.212233262943234e-09,1.0,0.48249078508970467,French > LMU,True,1.1976173508458883e-08,1.0,-0.4532875739863357,LMU < Dunn,True,2,benign-depleted,LMU is specifically low for this feature.
FT-071,5.5631083060075195,5.405263703431066,5.963152053226258,1.1728097797819808e-06,0.9127218934911243,-0.3988109138828393,French < Dunn,True,8.212233262943234e-09,1.0,-0.7329750516841879,French < LMU,True,1.3649752514670982e-08,0.9935897435897436,0.33416413780134857,LMU > Dunn,True,3,cancer-specific low,French is clearly lowest relative to both comparison groups.
FT-072,4.955972146994711,4.704586197686423,4.9047381645061305,9.006284986355352e-06,0.878698224852071,-0.4768253945110875,French < Dunn,True,0.002882780030806187,0.7580128205128205,-0.2936081978811696,French < LMU,True,0.6643191741819399,0.5416666666666666,-0.18321719662991798,LMU < Dunn,False,1,healthy-associated,Dunn is highest overall.
FT-073,7.817546867920326,7.813843107394877,7.86760616813169,0.5456875893246469,0.5547337278106509,-0.08528635258766641,French < Dunn,False,0.003054063490612795,0.7564102564102564,-0.003210883145857633,French < LMU,True,0.0005011651354031684,0.8028846153846154,-0.08207546944180868,LMU > Dunn,True,0,non-specific but discriminative,"Strong separation exists, but the pattern is not cleanly attributable to one clinical interpretation."
FT-074,7.997143395654822,7.8579678181356005,7.912795195089194,8.779339675602743e-08,0.9556213017751479,-0.26472336860799817,French < Dunn,True,0.0027203197688944643,0.7596153846153846,-0.0019818930040197916,French < LMU,True,4.5081472117005664e-05,0.8573717948717949,-0.26274147560397826,LMU < Dunn,True,2,healthy-associated,"Healthy samples are highest, while both disease groups are lower."
FT-075,6.640765183764603,6.749714146942528,6.666726359256872,1.8305638616823886e-06,0.9053254437869822,0.08190060946151836,French > Dunn,True,0.00047778776541181664,0.8012820512820513,0.19363743812591405,French > LMU,True,0.24583547218717647,0.6057692307692307,-0.11173682866439551,LMU > Dunn,False,0,non-specific but discriminative,"Strong separation exists, but the pattern is not cleanly attributable to one clinical interpretation."
FT-076,10.015183790650314,10.007995990003085,9.950002198681577,0.45592733833065024,0.5680473372781065,-0.07084667840229453,French < Dunn,False,1.3243674767527715e-06,0.9150641025641025,0.19035382999347913,French > LMU,True,5.90630126173926e-07,0.9342948717948718,-0.2612005083957737,LMU < Dunn,True,2,benign-depleted,LMU is specifically low for this feature.
FT-077,9.558164202119137,9.538054638939435,9.449063044979134,0.28580672923891015,0.5946745562130178,-0.12750881290264302,French < Dunn,False,6.823305286877054e-07,0.9262820512820513,0.19176726441433595,French > LMU,True,1.9682263117717348e-07,0.9519230769230769,-0.31927607731697916,LMU < Dunn,True,2,benign-depleted,LMU is specifically low for this feature.
FT-078,6.661000301962728,6.737320000758515,6.652463664130766,3.2976601666023695e-05,0.8535502958579881,-0.014484188052801966,French > Dunn,True,0.000669664198322522,0.7932692307692308,0.14896679229726106,French > LMU,True,0.7874078524342559,0.5256410256410255,-0.16345098035006297,LMU < Dunn,False,0,non-specific but discriminative,"Strong separation exists, but the pattern is not cleanly attributable to one clinical interpretation."
FT-079,4.3931347376772525,4.114283742602611,3.9578680833222406,0.0026392330957681178,0.7559171597633136,-0.4943544255771151,French < Dunn,True,0.0776271846096493,0.657051282051282,0.478007696179242,French > LMU,False,7.17255979529281e-05,0.8477564102564102,-0.9723621217563571,LMU < Dunn,True,0,healthy-associated,Dunn is highest overall.
FT-080,10.001183451369663,9.990675663833189,9.911138374932282,0.33519031096781504,0.5857988165680473,-0.12574530285208793,French < Dunn,False,3.8508245511815195e-07,0.9358974358974359,0.18033849747996994,French > LMU,True,1.8029699856200558e-07,0.953525641025641,-0.3060838003320581,LMU < Dunn,True,2,benign-depleted,LMU is specifically low for this feature.
FT-081,7.183706860672281,7.183318063771523,7.2750714565648735,0.7907737654638013,0.5251479289940828,-0.10356276745057551,French < Dunn,False,0.009222031206540303,0.7259615384615384,-0.059524687448429606,French < LMU,True,0.03849548304751876,0.6810897435897436,-0.04403808000214579,LMU > Dunn,True,0,non-specific but discriminative,"Strong separation exists, but the pattern is not cleanly attributable to one clinical interpretation."
FT-082,7.351102450014354,7.372789572234815,7.406924155904035,0.8550064596769263,0.5177514792899408,-0.06417152922174316,French > Dunn,False,0.016764688450998544,0.7083333333333333,-0.0044755858578649724,French < LMU,True,0.014936394884300125,0.7131410256410258,-0.059695943363878255,LMU > Dunn,True,0,non-specific but discriminative,"Strong separation exists, but the pattern is not cleanly attributable to one clinical interpretation."
FT-083,8.083098530989886,8.072763685547997,8.155858472786598,0.46498059445651874,0.5665680473372781,-0.11082429195655467,French < Dunn,False,3.355567933077233e-06,0.8990384615384616,-0.08142593618133814,French < LMU,True,0.0004068205357699013,0.8076923076923077,-0.029398355775216548,LMU > Dunn,True,0,non-specific but discriminative,"Strong separation exists, but the pattern is not cleanly attributable to one clinical interpretation."
FT-084,6.8273887686636625,7.003815679607975,6.858654748023938,6.788751309474513e-09,1.0,0.14882427287979685,French > Dunn,True,9.137475061484545e-09,0.9967948717948718,0.2899203003499983,French > LMU,True,0.06565618287815744,0.6618589743589743,-0.1410960274702014,LMU > Dunn,False,2,cancer-specific high,French is clearly highest relative to both comparison groups.
FT-085,8.910870696701663,8.899300656103842,8.98375421940672,0.5942130690006501,0.5488165680473372,-0.0966783590730792,French < Dunn,False,5.379419846469608e-05,0.8477564102564102,-0.07480634128031205,French < LMU,True,0.00017988791760016482,0.8269230769230769,-0.021872017792767137,LMU > Dunn,True,0,non-specific but discriminative,"Strong separation exists, but the pattern is not cleanly attributable to one clinical interpretation."
FT-086,5.619315588294713,5.463616151879065,5.594298512006482,3.796326509590352e-05,0.8505917159763313,-0.3819769761753867,French < Dunn,True,0.000446985120764988,0.8028846153846154,-0.13980713272045794,French < LMU,True,0.2637004729388886,0.6009615384615384,-0.24216984345492867,LMU < Dunn,False,1,non-specific but discriminative,"Strong separation exists, but the pattern is not cleanly attributable to one clinical interpretation."
FT-087,8.455558548044715,8.469595601210921,8.518004306213646,0.36275690699989294,0.5813609467455622,-0.04906131181113203,French > Dunn,False,0.035827256594216796,0.6842948717948718,0.05017723727283768,French < LMU,True,0.0031889159632811806,0.7580128205128206,-0.09923854908396952,LMU > Dunn,True,0,non-specific but discriminative,"Strong separation exists, but the pattern is not cleanly attributable to one clinical interpretation."
FT-088,9.700385162344475,9.708971266442614,9.767695659459143,0.7907737654638013,0.5251479289940829,-0.07646350887763688,French > Dunn,False,0.00027041371945288795,0.8141025641025641,-0.03915587846186707,French < LMU,True,0.0004068205357699013,0.8076923076923077,-0.037307630415769816,LMU > Dunn,True,0,non-specific but discriminative,"Strong separation exists, but the pattern is not cleanly attributable to one clinical interpretation."
FT-089,7.570473759161846,7.605353644955372,7.653326275280975,0.4953264751016329,0.5621301775147929,-0.019912311038933345,French > Dunn,False,0.004868582735391594,0.7435897435897436,-0.03462605318659088,French < LMU,True,0.002465280556676781,0.7644230769230769,0.014713742147657546,LMU > Dunn,True,0,non-specific but discriminative,"Strong separation exists, but the pattern is not cleanly attributable to one clinical interpretation."
FT-091,5.83421741587535,5.681760687563626,5.849025284649291,8.622425153357288e-05,0.834319526627219,-0.33735600590441844,French < Dunn,True,6.252108193466941e-05,0.844551282051282,-0.18276030326984014,French < LMU,True,0.4959315994322912,0.5641025641025641,-0.15459570263457842,LMU > Dunn,False,0,non-specific but discriminative,"Strong separation exists, but the pattern is not cleanly attributable to one clinical interpretation."
FT-092,8.677515547779326,8.697360446719383,8.74561015524302,0.056100600017159406,0.665680473372781,-0.027405442868200673,French > Dunn,False,0.02946341325007285,0.6907051282051282,0.03596300736151961,French < LMU,True,0.00019969213589697844,0.8237179487179487,-0.06336845022972033,LMU > Dunn,True,0,non-specific but discriminative,"Strong separation exists, but the pattern is not cleanly attributable to one clinical interpretation."
FT-093,7.636660831244515,7.624319876971753,7.680326967498121,0.6648108537144302,0.5399408284023669,-0.09533706794376477,French < Dunn,False,0.004089330557968236,0.7483974358974359,-0.08517431931071333,French < LMU,True,0.01433457739029933,0.7147435897435898,-0.01016274863305136,LMU > Dunn,True,0,non-specific but discriminative,"Strong separation exists, but the pattern is not cleanly attributable to one clinical interpretation."
FT-095,7.877428255537168,7.778834111458018,7.859227672362351,1.849326451134321e-07,0.9437869822485208,-0.21345967705562643,French < Dunn,True,2.159729640711103e-05,0.8653846153846154,-0.035010079679286016,French < LMU,True,0.1215372809609982,0.6378205128205128,-0.17844959737634034,LMU < Dunn,False,1,non-specific but discriminative,"Strong separation exists, but the pattern is not cleanly attributable to one clinical interpretation."
FT-096,7.447119850527268,7.431029389278375,7.4922165502868285,0.3017198539983038,0.591715976331361,-0.0694194938169775,French < Dunn,False,0.00737534336511894,0.7323717948717949,-0.08186163435784614,French < LMU,True,0.03849548304751876,0.6810897435897436,0.012442140540868557,LMU > Dunn,True,0,non-specific but discriminative,"Strong separation exists, but the pattern is not cleanly attributable to one clinical interpretation."
FT-098,7.192712626569257,7.197352713020688,7.276164097708536,0.6888463974700112,0.5369822485207101,-0.1186397888661379,French > Dunn,False,0.0038960185505050077,0.75,-0.09255371879821708,French < LMU,True,0.013755469558024693,0.716346153846154,-0.026086070067920755,LMU > Dunn,True,0,non-specific but discriminative,"Strong separation exists, but the pattern is not cleanly attributable to one clinical interpretation."
FT-099,8.493095253394724,8.398870087130852,8.476325955413014,8.091916063596068e-08,0.9571005917159763,-0.22326188404545874,French < Dunn,True,1.0885242541867543e-05,0.8782051282051282,-0.029751017089150275,French < LMU,True,0.15787614568645275,0.6266025641025641,-0.19351086695630856,LMU < Dunn,False,1,non-specific but discriminative,"Strong separation exists, but the pattern is not cleanly attributable to one clinical interpretation."
FT-100,8.724507175077068,8.904628862300825,8.742654331751044,6.788751309474513e-09,1.0,0.20951955032189734,French > Dunn,True,8.212233262943234e-09,1.0,0.32238667368476465,French > LMU,True,0.2708896914234863,0.5993589743589743,-0.1128671233628671,LMU > Dunn,False,2,cancer-specific high,French is clearly highest relative to both comparison groups.
FT-101,10.665513988031595,10.663281418224546,10.738558144826422,0.9780993948083464,0.5029585798816568,-0.08169806571185965,French < Dunn,False,0.00011506514799897856,0.8317307692307692,-0.05656909128188642,French < LMU,True,0.0004692431482564395,0.8044871794871795,-0.025128974429973232,LMU > Dunn,True,0,non-specific but discriminative,"Strong separation exists, but the pattern is not cleanly attributable to one clinical interpretation."
FT-102,6.380332058447014,6.406922528061001,6.240582067249827,0.1863630322150996,0.6153846153846154,-0.04792359305529283,French > Dunn,False,1.8461403903027396e-07,0.9471153846153846,0.2494923399623951,French > LMU,True,3.5080339464829276e-05,0.8621794871794872,-0.29741593301768793,LMU < Dunn,True,2,benign-depleted,LMU is specifically low for this feature.
FT-103,8.662615550515877,8.604667628488201,8.667884875859823,6.727536239853925e-07,0.9230769230769231,-0.17955081074630652,French < Dunn,True,0.0008888644467415773,0.7868589743589743,-0.028791132744983242,French < LMU,True,0.44834763540561,0.5705128205128205,-0.15075967800132317,LMU > Dunn,False,1,non-specific but discriminative,"Strong separation exists, but the pattern is not cleanly attributable to one clinical interpretation."
FT-104,8.60011712239951,8.839293339997187,8.64165144635092,6.788751309474513e-09,1.0,0.27565997650392804,French > Dunn,True,1.5849786482893282e-08,0.9871794871794871,0.3643964590893021,French > LMU,True,0.08145297814762543,0.6538461538461539,-0.08873648258537409,LMU > Dunn,False,2,cancer-specific high,French is clearly highest relative to both comparison groups.
FT-105,10.609252041911493,10.613772811217032,10.678831543235301,0.6274995867544358,0.5443786982248521,-0.03486507568631056,French > Dunn,False,0.0016096504163282267,0.7724358974358974,-0.013840425074686224,French < LMU,True,0.0007073787193731706,0.7948717948717949,-0.02102465061162424,LMU > Dunn,True,0,non-specific but discriminative,"Strong separation exists, but the pattern is not cleanly attributable to one clinical interpretation."
FT-110,8.055319101151753,7.9410984334996995,8.052948325601943,2.729383319908216e-07,0.9378698224852071,-0.2815742196113069,French < Dunn,True,3.6537581347093105e-06,0.8974358974358975,-0.13554295856162737,French < LMU,True,0.8978805293661544,0.5128205128205128,-0.1460312610496797,LMU < Dunn,False,2,cancer-specific low,French is clearly depleted relative to both comparison groups.
FT-111,6.809713757292341,6.784799806867545,6.8685198063091555,0.10502964414541938,0.6420118343195267,-0.1150066891256932,French < Dunn,False,1.1672229408035067e-05,0.8766025641025641,-0.026578657580286002,French < LMU,True,0.0008116824384535816,0.7916666666666666,-0.08842803154540724,LMU > Dunn,True,0,non-specific but discriminative,"Strong separation exists, but the pattern is not cleanly attributable to one clinical interpretation."
FT-112,6.561243182465374,6.5669510391421575,6.429960772480023,0.953768561439261,0.5059171597633136,-0.065024712519889,French > Dunn,False,6.211096413531786e-08,0.9647435897435898,0.3023274913156117,French > LMU,True,1.8029699856200558e-07,0.953525641025641,-0.36735220383550077,LMU < Dunn,True,2,benign-depleted,LMU is specifically low for this feature.
FT-113,8.84338949720188,8.76304814625675,8.825029538472117,4.167915207075494e-07,0.9304733727810651,-0.20899774263217974,French < Dunn,True,5.379419846469608e-05,0.8477564102564102,-0.04712524972618516,French < LMU,True,0.2637004729388886,0.6009615384615384,-0.16187249290599467,LMU < Dunn,False,1,non-specific but discriminative,"Strong separation exists, but the pattern is not cleanly attributable to one clinical interpretation."
FT-114,7.899623817141343,7.975551732534263,7.691286063344124,5.859430537797802e-08,0.96301775147929,0.03752622328748764,French > Dunn,True,8.212233262943234e-09,1.0,0.48843689740814655,French > LMU,True,1.1976173508458883e-08,1.0,-0.4509106741206589,LMU < Dunn,True,2,benign-depleted,LMU is specifically low for this feature.
FT-115,4.800931207799662,4.5548748109283625,5.217817137731371,1.2995915829557238e-05,0.8713017751479291,-0.5109385402373504,French < Dunn,True,9.137475061484545e-09,0.9967948717948718,-0.9274284636957624,French < LMU,True,3.337067486000392e-08,0.9791666666666666,0.4164899234584119,LMU > Dunn,True,3,cancer-specific low,French is clearly lowest relative to both comparison groups.
FT-116,5.341311106442168,5.594602657268072,5.417677696401045,0.00015571578318550723,0.8224852071005917,0.23743279409539128,French > Dunn,True,0.0003351896391236179,0.8092948717948718,0.44098215903839566,French > LMU,True,0.5534704586579708,0.5560897435897436,-0.20354936494300455,LMU > Dunn,False,0,healthy-depleted,Dunn is lowest overall.
FT-117,7.7879932955282865,7.83321082009857,7.826575946023125,0.17715965351617433,0.6183431952662722,-0.0385950527674779,French > Dunn,False,0.1963697886978703,0.6185897435897436,0.195393090356839,French > LMU,False,0.9612811229977414,0.5048076923076923,-0.23398814312431682,LMU > Dunn,False,0,non-specific but discriminative,"Strong separation exists, but the pattern is not cleanly attributable to one clinical interpretation."
FT-119,7.157793160153725,7.401181293025047,7.384153853376617,0.0009645334405391913,0.7825443786982249,0.15630830908891666,French > Dunn,True,0.933909361648652,0.5096153846153846,0.06424200752014508,French > LMU,False,0.0001196832680520735,0.8365384615384616,0.09206630156877144,LMU > Dunn,True,0,healthy-depleted,Dunn is lowest overall.
FT-123,7.069533306750417,6.935719891213441,7.587514160433573,1.1396200974655143e-05,0.8742603550295858,-0.21137141122860525,French < Dunn,True,8.212233262943234e-09,1.0,-0.8446133097635369,French < LMU,True,1.1976173508458883e-08,1.0,0.6332418985349316,LMU > Dunn,True,3,cancer-specific low,French is clearly lowest relative to both comparison groups.
FT-124,7.296005756324369,7.299183588717801,7.149511138609791,0.4860296940518858,0.5636094674556213,0.1598943075713409,French > Dunn,False,0.0012380887357276611,0.7788461538461539,0.38216229568204807,French > LMU,True,0.015561634359095711,0.7115384615384615,-0.22226798811070692,LMU < Dunn,True,0,non-specific but discriminative,"Strong separation exists, but the pattern is not cleanly attributable to one clinical interpretation."
FT-127,6.671210632732363,6.483964323563932,7.140323198682477,6.387314902651795e-06,0.8846153846153846,-0.23467901596645607,French < Dunn,True,8.212233262943234e-09,1.0,-0.8702437351999668,French < LMU,True,1.1976173508458883e-08,1.0,0.6355647192335109,LMU > Dunn,True,3,cancer-specific low,French is clearly lowest relative to both comparison groups.
FT-130,7.422010410413959,7.417462245937605,7.225420974149008,0.7907737654638013,0.5251479289940828,0.06926312400520888,French < Dunn,False,0.0009471745440343173,0.7852564102564104,0.3341574282931403,French > LMU,True,0.004031401988208413,0.7516025641025641,-0.26489430428793154,LMU < Dunn,True,0,non-specific but discriminative,"Strong separation exists, but the pattern is not cleanly attributable to one clinical interpretation."
FT-131,5.88960969619441,5.566485197931588,5.862132257515903,0.0011933627725105686,0.7766272189349113,-0.3648708009274075,French < Dunn,True,5.800109587159898e-05,0.8461538461538461,-0.3395163982008078,French < LMU,True,0.6938736790848493,0.5368589743589745,-0.025354402726599806,LMU < Dunn,False,0,non-specific but discriminative,"Strong separation exists, but the pattern is not cleanly attributable to one clinical interpretation."
FT-133,6.937337138848798,6.797954366737251,7.413908157075779,0.0011933627725105686,0.7766272189349113,-0.2097018715822426,French < Dunn,True,8.212233262943234e-09,1.0,-0.7483636427464435,French < LMU,True,1.1976173508458883e-08,1.0,0.5386617711642009,LMU > Dunn,True,2,benign-associated,LMU is the dominant class for this feature.
FT-135,7.093119492250285,7.297196324361876,7.297066133907354,0.0006307041099756193,0.7928994082840237,0.09654250020138899,French > Dunn,True,0.8042508011494272,0.5256410256410257,0.03821243595341315,French > LMU,False,0.000190577182167381,0.8253205128205128,0.058330064247975946,LMU > Dunn,True,0,healthy-depleted,Dunn is lowest overall.
FT-137,7.613989638890983,7.634928902469128,7.425932767578825,0.5456875893246469,0.5547337278106509,0.06673098705371491,French > Dunn,False,0.00011506514799897856,0.8317307692307693,0.3726106339500526,French > LMU,True,0.0011327721360903896,0.7836538461538461,-0.30587964689633773,LMU < Dunn,True,0,non-specific but discriminative,"Strong separation exists, but the pattern is not cleanly attributable to one clinical interpretation."
FT-139,6.747804297858224,6.900982672865208,6.92980740310707,0.001987661309302381,0.7633136094674557,0.14314738729081558,French > Dunn,True,0.5363786323555085,0.5625,-0.03579208976164005,French < LMU,False,0.00019969213589697844,0.8237179487179487,0.17893947705245564,LMU > Dunn,True,0,healthy-depleted,Dunn is lowest overall.
FT-140,8.318534850232627,8.500304550528462,8.357075363744986,6.788751309474513e-09,1.0,0.18203464229483504,French > Dunn,True,9.137475061484545e-09,0.9967948717948718,0.2985393388467231,French > LMU,True,0.018098651706314688,0.7067307692307693,-0.11650469655188819,LMU > Dunn,True,2,cancer-specific high,French is clearly highest relative to both comparison groups.
FT-142,10.314834548974833,10.315899038086846,10.366808437681012,0.953768561439261,0.5059171597633136,-0.08484968029172847,French > Dunn,False,5.379419846469608e-05,0.8477564102564102,-0.06408127454946767,French < LMU,True,0.0002318041484654759,0.8205128205128205,-0.020768405742260694,LMU > Dunn,True,0,non-specific but discriminative,"Strong separation exists, but the pattern is not cleanly attributable to one clinical interpretation."
FT-145,6.68261750372346,6.585208837845547,7.182893156214966,0.0001248578033529319,0.826923076923077,-0.3035907309704244,French < Dunn,True,6.323687115096237e-07,0.9278846153846154,-0.8834977203745599,French < LMU,True,5.5138531851067776e-06,0.8974358974358974,0.5799069894041355,LMU > Dunn,True,2,benign-associated,LMU is the dominant class for this feature.
FT-146,5.54441994061899,5.328673352759158,5.357656184464416,4.422948919019947e-05,0.8476331360946745,-0.4136471278471517,French < Dunn,True,0.5685202481450176,0.5576923076923077,-0.036198114133249526,French < LMU,False,0.00014773796780115765,0.8317307692307692,-0.37744901371390205,LMU < Dunn,True,0,healthy-associated,Dunn is highest overall.
FT-149,7.249266761950412,7.330541201973281,7.2038324089540975,0.06351085720474187,0.661242603550296,0.05372485408804812,French > Dunn,False,0.40913545254886247,0.5801282051282051,0.13029453479675157,French > LMU,False,0.6026196025997159,0.5496794871794872,-0.07656968070870343,LMU < Dunn,False,0,non-specific but discriminative,"Strong separation exists, but the pattern is not cleanly attributable to one clinical interpretation."
FT-150,7.232324138426179,7.31171458558206,7.293980573746472,0.00443545092666667,0.742603550295858,0.051658619479941305,French > Dunn,True,0.6679285623499951,0.5448717948717949,0.13329071050376465,French > LMU,False,0.01433457739029933,0.7147435897435898,-0.0816320910238234,LMU > Dunn,True,0,healthy-depleted,Dunn is lowest overall.
FT-151,5.060099781514955,4.9254711947104175,4.907049912169585,0.005175781112922293,0.7381656804733727,-0.17020633860549356,French < Dunn,True,0.7093653943521293,0.5384615384615384,0.13651599915045126,French > LMU,False,0.002325248935590265,0.766025641025641,-0.30672233775594493,LMU < Dunn,True,0,healthy-associated,Dunn is highest overall.
FT-152,7.25696696566126,7.14963845870209,7.7627245306645305,8.622425153357288e-05,0.834319526627219,-0.15011125311581502,French < Dunn,True,8.212233262943234e-09,1.0,-0.8053952975024183,French < LMU,True,1.1976173508458883e-08,1.0,0.6552840443866033,LMU > Dunn,True,2,benign-associated,LMU is the dominant class for this feature.
FT-153,4.805897711446178,4.612977803884028,5.0214564812295155,0.000593917319148912,0.7943786982248521,-0.4393237106139022,French < Dunn,True,1.0047106352341385e-08,0.9951923076923077,-0.6625097432083449,French < LMU,True,0.0005769458984128527,0.7996794871794872,0.22318603259444258,LMU > Dunn,True,1,non-specific but discriminative,"Strong separation exists, but the pattern is not cleanly attributable to one clinical interpretation."
FT-154,7.902264269620556,7.970101147329329,7.901619875536581,0.05442346716795473,0.6671597633136095,0.09690943018511869,French > Dunn,False,0.5289937060611106,0.5641025641025641,0.11492268074447726,French > LMU,False,0.37427234577227253,0.5817307692307693,-0.018013250559358412,LMU < Dunn,False,0,non-specific but discriminative,"Strong separation exists, but the pattern is not cleanly attributable to one clinical interpretation."
FT-155,6.848293322352491,6.932789140146543,6.951307803821604,0.004633428261880739,0.7411242603550295,0.05115535770499138,French > Dunn,True,0.6679285623499951,0.5448717948717949,0.06566249947109011,French < LMU,False,0.004720920659165824,0.7467948717948718,-0.01450714176609869,LMU > Dunn,True,0,healthy-depleted,Dunn is lowest overall.
FT-156,7.5699809550381545,7.565850302288499,7.45436827342334,0.8945430739415516,0.5133136094674556,-0.05027555573040825,French < Dunn,False,0.00011506514799897856,0.8317307692307693,0.21036951521689265,French > LMU,True,2.1717892193128136e-05,0.8717948717948718,-0.260645070947301,LMU < Dunn,True,1,benign-depleted,LMU is specifically low for this feature.
FT-157,8.274126382318501,8.357554757306632,8.258209367319472,0.07429478703732081,0.6553254437869823,0.04098568272972648,French > Dunn,False,0.47841973290232775,0.5705128205128205,0.09974421081993999,French > LMU,False,0.5778411019768139,0.5528846153846154,-0.05875852809021376,LMU < Dunn,False,0,non-specific but discriminative,"Strong separation exists, but the pattern is not cleanly attributable to one clinical interpretation."
FT-158,6.807847604286717,6.975246946597602,6.97424667333897,0.0010224491517593357,0.7810650887573964,0.03783495425655417,French > Dunn,True,0.8042508011494272,0.5256410256410257,-0.0052213354920291445,French > LMU,False,8.393241136435073e-05,0.844551282051282,0.04305628974858346,LMU > Dunn,True,0,healthy-depleted,Dunn is lowest overall.
FT-159,6.886583398328086,6.909156231092396,6.842569471032862,0.17715965351617433,0.6183431952662722,0.044190140908360986,French > Dunn,False,0.455573154236484,0.5737179487179488,0.11844570344805892,French > LMU,False,0.8249652162471779,0.5208333333333334,-0.0742555625396979,LMU < Dunn,False,0,non-specific but discriminative,"Strong separation exists, but the pattern is not cleanly attributable to one clinical interpretation."
FT-160,8.625491710597032,8.774064342197082,8.811789249799428,0.0007702621027716448,0.7884615384615384,0.0020604874449209236,French > Dunn,True,0.5363786323555085,0.5625,0.004089654193176427,French < LMU,False,0.0001196832680520735,0.8365384615384615,-0.0020291667482555138,LMU > Dunn,True,0,healthy-depleted,Dunn is lowest overall.
FT-161,7.630103209739933,7.787644653695937,7.779636680351878,0.00176192865727653,0.7662721893491125,0.0261456371898457,French > Dunn,True,0.7516185812649278,0.5336538461538463,0.020412307361405424,French > LMU,False,0.00010528970407442916,0.8397435897435898,0.005733329828440028,LMU > Dunn,True,0,healthy-depleted,Dunn is lowest overall.
FT-162,8.528816920883145,8.69197656266483,8.685005695779967,0.0015599909833124124,0.7692307692307692,0.037215504032743894,French > Dunn,True,0.774452623938616,0.5304487179487178,0.0628640727625307,French > LMU,False,0.000190577182167381,0.8253205128205128,-0.02564856872978698,LMU > Dunn,True,0,healthy-depleted,Dunn is lowest overall.
FT-163,6.914818906785447,7.040614307852195,7.021583871623868,1.5252813750303902e-05,0.8683431952662721,0.06371384784340506,French > Dunn,True,0.6453757781889381,0.548076923076923,0.03182893800311145,French > LMU,False,0.00017988791760016482,0.8269230769230769,0.03188490984029379,LMU > Dunn,True,0,healthy-depleted,Dunn is lowest overall.
FT-165,8.284901697248396,8.43264836035259,8.440111126613605,0.000593917319148912,0.7943786982248521,0.03458221298523956,French > Dunn,True,0.698031622315522,0.5400641025641025,0.040168623032692315,French < LMU,False,0.00016983125515190574,0.8285256410256411,-0.005586410047452613,LMU > Dunn,True,0,healthy-depleted,Dunn is lowest overall.
FT-166,7.684976043340971,7.791061562260968,7.794892624154437,3.072766874113735e-05,0.8550295857988166,0.02503882529207343,French > Dunn,True,0.873926431704451,0.5176282051282052,-0.011402486462512008,French < LMU,False,2.3417194793838113e-05,0.8701923076923077,0.03644131175458541,LMU > Dunn,True,0,healthy-depleted,Dunn is lowest overall.
FT-167,7.219627897681777,7.317305636005949,7.323891304859079,0.0013387935860007106,0.7736686390532544,0.08328679357572835,French > Dunn,True,0.9817463182101165,0.5032051282051282,0.046015575262448045,French < LMU,False,0.004720920659165824,0.7467948717948718,0.037271218313280084,LMU > Dunn,True,0,healthy-depleted,Dunn is lowest overall.
FT-168,8.281129783541761,8.408502875124107,8.40235556468378,6.387314902651795e-06,0.8846153846153846,0.030552066910931305,French > Dunn,True,0.9922533045505789,0.5016025641025641,-0.025755824628257033,French > LMU,False,5.218386651525418e-05,0.8541666666666666,0.05630789153918844,LMU > Dunn,True,0,healthy-depleted,Dunn is lowest overall.
FT-169,8.409144904305698,8.523431671015945,8.542280931065779,5.147215971594187e-05,0.8446745562130178,0.04725402297174142,French > Dunn,True,0.5437870202644245,0.5608974358974359,-0.020143691471643542,French < LMU,False,1.3324769093593748e-05,0.8814102564102564,0.06739771444338495,LMU > Dunn,True,0,healthy-depleted,Dunn is lowest overall.
FT-170,8.56908547139672,8.7065765015151,8.703591019112348,2.9020161719432994e-05,0.856508875739645,0.08011368179579292,French > Dunn,True,0.8961949276289886,0.514423076923077,-0.004169149771664185,French > LMU,False,3.0236214969955445e-05,0.8653846153846153,0.08428283156745739,LMU > Dunn,True,0,healthy-depleted,Dunn is lowest overall.
FT-171,8.146905468850086,8.24002378026714,8.137356454406547,0.030655773479461156,0.6863905325443787,0.08910841408231762,French > Dunn,True,0.278626914803354,0.6009615384615384,0.10605950835576847,French > LMU,False,0.6134615913554192,0.5480769230769231,-0.01695109427345104,LMU < Dunn,False,0,non-specific but discriminative,"Strong separation exists, but the pattern is not cleanly attributable to one clinical interpretation."
FT-172,2.92354555933171,5.266595775259656,1.833271079188676,0.0015599909833124124,0.7692307692307693,3.3730648657239466,French > Dunn,True,8.212233262943234e-09,1.0,5.158927485640785,French > LMU,True,0.025519678266019405,0.6939102564102564,-1.7858626199168384,LMU < Dunn,True,1,non-specific but discriminative,"Strong separation exists, but the pattern is not cleanly attributable to one clinical interpretation."
FT-174,1.8201520753911031,4.562984343322091,1.948485985200091,5.859430537797802e-08,0.9615384615384616,3.9379271158138573,French > Dunn,True,0.0001039516048691482,0.8333333333333334,3.9756233462561474,French > LMU,True,0.8069149674075146,0.5224358974358975,-0.037696230442290125,LMU > Dunn,False,1,healthy-depleted,Dunn is lowest overall.
FT-175,7.1951778300738525,6.892799235793996,7.114912838919212,6.788751309474513e-09,1.0,-0.5216005420837885,French < Dunn,True,8.212233262943234e-09,1.0,-0.3345044376442153,French < LMU,True,0.014936394884300125,0.7131410256410257,-0.18709610443957317,LMU < Dunn,True,2,cancer-specific low,French is clearly depleted relative to both comparison groups.
FT-176,7.140376052532141,6.706462941281918,7.257130425461053,6.788751309474513e-09,1.0,-0.6945143902751582,French < Dunn,True,8.212233262943234e-09,1.0,-0.8211141889991245,French < LMU,True,4.850650945442162e-05,0.8557692307692308,0.1265997987239665,LMU > Dunn,True,3,cancer-specific low,French is clearly lowest relative to both comparison groups.
FT-178,7.237010719134442,7.407155631172021,7.224649420505564,1.7448382460182494e-07,0.9452662721893491,0.1665385899743753,French > Dunn,True,5.04076030882419e-08,0.967948717948718,0.2822692609881436,French > LMU,True,0.6387294995150227,0.5448717948717949,-0.11573067101376823,LMU < Dunn,False,2,cancer-specific high,French is clearly highest relative to both comparison groups.
FT-179,7.324823909779993,7.487713933670578,7.274384363401161,5.1501196257706315e-08,0.9659763313609468,0.19014074909121487,French > Dunn,True,2.3836196328574227e-08,0.9791666666666667,0.31519677617652936,French > LMU,True,0.4267725525318787,0.5737179487179487,-0.12505602708531444,LMU < Dunn,False,2,cancer-specific high,French is clearly highest relative to both comparison groups.
FT-182,7.265967596670507,7.132113820315958,7.08532070188164,1.269700432959261e-06,0.9112426035502958,-0.2662446325545199,French < Dunn,True,0.006582483254883132,0.735576923076923,0.18072567355639393,French > LMU,True,7.081068052872076e-08,0.967948717948718,-0.4469703061109137,LMU < Dunn,True,2,healthy-associated,"Healthy samples are highest, while both disease groups are lower."
FT-184,7.449753664253381,7.468721167590255,7.387675777450461,0.12413495639104234,0.6346153846153846,-0.045479058440383135,French > Dunn,False,0.0003873327372225212,0.8060897435897436,0.13375697916782578,French > LMU,True,0.048069351210916905,0.673076923076923,-0.17923603760820916,LMU < Dunn,True,0,non-specific but discriminative,"Strong separation exists, but the pattern is not cleanly attributable to one clinical interpretation."
FT-186,4.331333089131055,4.08284587927217,4.278990004404468,0.03326509275665027,0.6834319526627219,-0.4125810613357895,French < Dunn,True,0.14054185310826722,0.6330128205128205,-0.1592773234591722,French < LMU,False,0.2637004729388886,0.6009615384615385,-0.2533037378766172,LMU < Dunn,False,0,healthy-associated,Dunn is highest overall.
FT-187,7.338291206114109,7.25943770457811,7.092470316630067,0.0026392330957681178,0.7559171597633136,-0.18735403721533328,French < Dunn,True,1.054753603406394e-08,0.9935897435897436,0.330634266054472,French > LMU,True,4.5994729550110774e-08,0.9743589743589743,-0.5179883032698053,LMU < Dunn,True,2,benign-depleted,LMU is specifically low for this feature.
FT-188,4.525424436053235,4.1787663962481725,4.4534033143102665,0.00399680372644824,0.7455621301775148,-0.5799786132063128,French < Dunn,True,0.019605904222482814,0.703525641025641,-0.23315487640348473,French < LMU,True,0.19477356314966693,0.6169871794871795,-0.3468237368028282,LMU < Dunn,False,0,healthy-associated,Dunn is highest overall.
FT-189,7.47149645856181,7.420993127405198,7.228772286301032,0.030655773479461156,0.6863905325443787,-0.16392470102432474,French < Dunn,True,1.9596958705450186e-08,0.9823717948717949,0.3368871776476625,French > LMU,True,2.9395438058175275e-08,0.9823717948717949,-0.5008118786719875,LMU < Dunn,True,2,benign-depleted,LMU is specifically low for this feature.
FT-191,7.311127072607224,7.389154038518989,7.292626041384818,5.516074006815131e-05,0.8431952662721893,-0.011893316761937162,French > Dunn,True,1.1672229408035067e-05,0.8766025641025641,0.1999771757052811,French > LMU,True,0.25974206514279813,0.6025641025641025,-0.21187049246721806,LMU < Dunn,False,1,non-specific but discriminative,"Strong separation exists, but the pattern is not cleanly attributable to one clinical interpretation."
FT-192,4.915434301348007,4.7694189060157655,4.721491798034231,0.004210933010184883,0.7440828402366864,-0.22589134975577346,French < Dunn,True,0.09057923300647201,0.6506410256410255,0.20252645117082818,French > LMU,False,0.00031112116109095707,0.8141025641025641,-0.42841780092660153,LMU < Dunn,True,0,healthy-associated,Dunn is highest overall.
FT-193,7.481198765281363,7.358978400863492,7.21784091811441,7.460549579281214e-08,0.9585798816568047,-0.24610035294270924,French < Dunn,True,6.83496596151601e-08,0.9631410256410257,0.3357350650625442,French > LMU,True,1.1976173508458883e-08,1.0,-0.5818354180052536,LMU < Dunn,True,3,benign-depleted,LMU is specifically low for this feature.
FT-194,7.3212963794372925,7.3426994622465305,7.205925056887104,0.0158184438130584,0.7071005917159764,-0.05724016930452827,French > Dunn,True,1.706377886500262e-07,0.9487179487179487,0.18925374530281192,French > LMU,True,0.00015841657455144056,0.8301282051282052,-0.2464939146073403,LMU < Dunn,True,1,non-specific but discriminative,"Strong separation exists, but the pattern is not cleanly attributable to one clinical interpretation."
FT-195,6.0772299422536715,6.235570612483618,6.122869944110121,2.958150678431063e-07,0.9363905325443787,0.06211442389389177,French > Dunn,True,0.00011020052461178551,0.8333333333333334,0.11305406442368172,French > LMU,True,0.10449938873132164,0.6442307692307693,-0.05093964052979002,LMU > Dunn,False,0,non-specific but discriminative,"Strong separation exists, but the pattern is not cleanly attributable to one clinical interpretation."
FT-196,7.257949345443549,7.21486616754777,7.149070860570183,0.22494789670649418,0.606508875739645,-0.16503593316000628,French < Dunn,False,0.0017103764539736861,0.7708333333333334,0.12636480051073778,French > LMU,True,1.8674239325054577e-05,0.875,-0.2914007336707442,LMU < Dunn,True,1,benign-depleted,LMU is specifically low for this feature.
FT-198,7.2029615957311695,7.075301783802727,7.193123738541845,1.000574764230222e-06,0.915680473372781,-0.28203455138132366,French < Dunn,True,4.6871786515242116e-07,0.9326923076923077,-0.12449381100878422,French < LMU,True,0.6864826396956091,0.5384615384615384,-0.1575407403725396,LMU < Dunn,False,2,cancer-specific low,French is clearly depleted relative to both comparison groups.
FT-200,4.6457710850305975,4.832185268050821,4.486798622576336,0.0003665211831617382,0.8047337278106509,0.25338376419248676,French > Dunn,True,8.275377959122629e-07,0.9230769230769231,0.621208551518614,French > LMU,True,0.0439666427420729,0.6762820512820512,-0.3678247873261271,LMU < Dunn,True,1,non-specific but discriminative,"Strong separation exists, but the pattern is not cleanly attributable to one clinical interpretation."
FT-202,5.070459945198502,5.315128227502825,5.011364573104081,0.001264132191866343,0.7751479289940828,0.1639206595233315,French > Dunn,True,0.00014562355234299057,0.826923076923077,0.48743358552527405,French > LMU,True,0.506074754821299,0.5625,-0.3235129260019425,LMU < Dunn,False,0,non-specific but discriminative,"Strong separation exists, but the pattern is not cleanly attributable to one clinical interpretation."
FT-203,7.4734171326160705,7.562782837763583,7.489972477973668,0.15572289557822525,0.6242603550295858,-0.011394693150447922,French > Dunn,False,0.08362505756489545,0.6538461538461539,0.2566727016674246,French > LMU,False,0.6938736790848493,0.5368589743589745,-0.26806739481787273,LMU > Dunn,False,0,non-specific but discriminative,"Strong separation exists, but the pattern is not cleanly attributable to one clinical interpretation."
FT-204,6.731777578135737,6.584391945208617,6.9016292974904765,0.00011683469771295936,0.8284023668639053,-0.28053180862541843,French < Dunn,True,8.407944754112269e-08,0.9599358974358975,-0.34373027914070287,French < LMU,True,0.00019969213589697844,0.8237179487179488,0.0631984705152847,LMU > Dunn,True,1,non-specific but discriminative,"Strong separation exists, but the pattern is not cleanly attributable to one clinical interpretation."
FT-205,5.721848830791535,5.898649260924432,5.6899199458406065,1.2995915829557238e-05,0.871301775147929,0.22342018818488102,French > Dunn,True,2.322505172385093e-06,0.905448717948718,0.43807126442274225,French > LMU,True,0.3339986869899124,0.5881410256410257,-0.21465107623786128,LMU < Dunn,False,2,cancer-specific high,French is clearly highest relative to both comparison groups.
FT-206,5.179682419628806,5.390020679604348,5.152004983281206,0.0015005717185278052,0.7707100591715976,0.13147665408136278,French > Dunn,True,0.0005502800903933475,0.7980769230769231,0.3117910330681388,French > LMU,True,0.5534704586579708,0.5560897435897436,-0.18031437898677624,LMU < Dunn,False,0,non-specific but discriminative,"Strong separation exists, but the pattern is not cleanly attributable to one clinical interpretation."
FT-207,6.865763970908507,6.6776454155079,6.993170522528834,9.693453574830452e-06,0.8772189349112426,-0.36699887739183756,French < Dunn,True,3.645584590813369e-08,0.9727564102564102,-0.3498025828482632,French < LMU,True,0.0003328191015489707,0.8125,-0.017196294543574332,LMU > Dunn,True,2,cancer-specific low,French is clearly depleted relative to both comparison groups.
FT-208,7.076637842287707,6.915894105725577,7.227878127987017,2.9020161719432994e-05,0.856508875739645,-0.31504275144242755,French < Dunn,True,1.9596958705450186e-08,0.9823717948717949,-0.3574539387504389,French < LMU,True,0.0001377506557647319,0.8333333333333334,0.04241118730801132,LMU > Dunn,True,2,cancer-specific low,French is clearly depleted relative to both comparison groups.
FT-211,7.040391850480077,7.016100410874698,7.097694658551687,0.28580672923891015,0.5946745562130178,-0.09049136681014827,French < Dunn,False,0.0011633539789747097,0.780448717948718,-0.09888911906278619,French < LMU,True,0.009458280436588331,0.7275641025641026,0.008397752252637801,LMU > Dunn,True,0,non-specific but discriminative,"Strong separation exists, but the pattern is not cleanly attributable to one clinical interpretation."
FT-212,7.556547462879838,7.646847440345592,7.56408424071258,0.13542015261924545,0.6301775147928994,0.052788346862165776,French > Dunn,False,0.0776271846096493,0.657051282051282,0.23618833355565114,French > LMU,False,0.7347801717550436,0.532051282051282,-0.1833999866934855,LMU > Dunn,False,0,non-specific but discriminative,"Strong separation exists, but the pattern is not cleanly attributable to one clinical interpretation."
FT-217,4.613978682264464,4.400536191765511,4.853151089910124,1.7882245395972185e-05,0.8653846153846154,-0.42843089280118957,French < Dunn,True,6.823305286877054e-07,0.9262820512820513,-0.5576547896858252,French < LMU,True,0.0004068205357699013,0.8076923076923076,0.1292238968846355,LMU > Dunn,True,2,cancer-specific low,French is clearly depleted relative to both comparison groups.
FT-218,7.22365424713899,6.787572299381935,7.0213164943651485,6.788751309474513e-09,1.0,-0.7086139636990971,French < Dunn,True,1.1614759424524571e-08,0.9919871794871795,-0.2751316628573788,French < LMU,True,1.1976173508458883e-08,1.0,-0.43348230084171835,LMU < Dunn,True,3,cancer-specific low,"French is lowest, Dunn highest, and LMU intermediate."
FT-219,7.160015409991319,7.162077425649091,7.1108448791239365,0.8447810359278005,0.5192307692307692,-0.09052860007317125,French > Dunn,False,0.012858373717283952,0.7163461538461539,0.13203312613637372,French > LMU,True,0.020691076505192967,0.7019230769230769,-0.2225617262095448,LMU < Dunn,True,0,non-specific but discriminative,"Strong separation exists, but the pattern is not cleanly attributable to one clinical interpretation."
FT-220,6.85899583788383,6.590588017281859,6.9820686808542884,7.738894144086707e-09,0.9970414201183432,-0.4688084763008736,French < Dunn,True,8.212233262943234e-09,1.0,-0.5155055060056887,French < LMU,True,1.330645596538373e-06,0.9214743589743589,0.04669702970481503,LMU > Dunn,True,2,cancer-specific low,French is clearly depleted relative to both comparison groups.
FT-221,7.416359268309662,7.573739130369691,7.047130181242705,2.3427748862299875e-08,0.9792899408284024,0.13250085442218304,French > Dunn,True,8.212233262943234e-09,1.0,0.8589563917325264,French > LMU,True,1.1976173508458883e-08,1.0,-0.7264555373103433,LMU < Dunn,True,3,cancer-specific high,"French is highest, while LMU stays below healthy."
FT-222,7.309957963460323,7.299168474924201,7.211222633927917,0.6041537298790403,0.5473372781065089,-0.12139668696258704,French < Dunn,False,2.5547638523299584e-05,0.8621794871794871,0.19595819944167636,French > LMU,True,0.00010528970407442916,0.8397435897435898,-0.3173548864042634,LMU < Dunn,True,1,non-specific but discriminative,"Strong separation exists, but the pattern is not cleanly attributable to one clinical interpretation."
FT-223,7.293780632039309,7.2861082512430935,7.211467139414257,0.542055215008799,0.5562130177514792,-0.12874217537567295,French < Dunn,False,0.012234988233695399,0.7179487179487181,0.12016409890936397,French > LMU,True,0.0012818437360925042,0.780448717948718,-0.2489062742850368,LMU < Dunn,True,0,non-specific but discriminative,"Strong separation exists, but the pattern is not cleanly attributable to one clinical interpretation."
FT-224,6.9845756654577045,7.014288837340875,7.042312297520587,0.03326509275665027,0.6834319526627218,-0.08868738261201423,French > Dunn,True,0.39984374827845265,0.5817307692307693,0.03998527154104814,French < LMU,False,0.0012818437360925042,0.780448717948718,-0.12867265415306248,LMU > Dunn,True,0,non-specific but discriminative,"Strong separation exists, but the pattern is not cleanly attributable to one clinical interpretation."
FT-225,4.2930213340464825,4.226344616159102,3.966971925841265,0.13298299585922255,0.6316568047337278,-0.15350168305651332,French < Dunn,False,0.02409964370963537,0.6971153846153846,0.4959310973055555,French > LMU,True,0.004720920659165824,0.7467948717948718,-0.6494327803620688,LMU < Dunn,True,0,healthy-associated,Dunn is highest overall.
FT-226,6.354453277711635,6.550699649039252,6.4302867127530146,6.880726457816361e-08,0.9600591715976331,0.2336683977376505,French > Dunn,True,2.322505172385093e-06,0.905448717948718,0.2823285837632098,French > LMU,True,0.06315364718106478,0.6634615384615384,-0.04866018602555952,LMU > Dunn,False,2,cancer-specific high,French is clearly highest relative to both comparison groups.
FT-227,6.452700792860305,6.620896086276835,6.499487985850703,1.251902573538823e-08,0.9896449704142012,0.17334605493778563,French > Dunn,True,1.9957841424176844e-05,0.8669871794871795,0.2887749149522491,French > LMU,True,0.011764894562093807,0.7211538461538461,-0.11542886001446347,LMU > Dunn,True,2,cancer-specific high,French is clearly highest relative to both comparison groups.
FT-229,6.91936950736652,6.868815023314738,6.887240642925628,0.0008578041626452269,0.7855029585798816,-0.16757933080916915,French < Dunn,True,0.278626914803354,0.6009615384615384,0.06202671199870769,French < LMU,False,0.0439666427420729,0.6762820512820513,-0.2296060428078768,LMU < Dunn,True,0,non-specific but discriminative,"Strong separation exists, but the pattern is not cleanly attributable to one clinical interpretation."
FT-230,6.806768167567496,6.761155966980347,6.785234156041874,0.0014175397604759454,0.7721893491124261,-0.1561308110278805,French < Dunn,True,0.6082537915545411,0.5528846153846154,0.07768766861604182,French < LMU,False,0.02522115934545534,0.6955128205128205,-0.2338184796439224,LMU < Dunn,True,0,non-specific but discriminative,"Strong separation exists, but the pattern is not cleanly attributable to one clinical interpretation."
FT-232,7.051172347065588,7.143802150355257,6.842307550850908,8.697212323787299e-07,0.9186390532544378,0.0539386800440316,French > Dunn,True,8.212233262943234e-09,1.0,0.5424958131933553,French > LMU,True,1.1976173508458883e-08,1.0,-0.4885571331493237,LMU < Dunn,True,2,benign-depleted,LMU is specifically low for this feature.
FT-233,6.879042982853265,6.753384379003833,6.819432418868731,4.9186246347516674e-08,0.9674556213017751,-0.30179154325995794,French < Dunn,True,0.00027041371945288795,0.8141025641025641,-0.023196494494034305,French < LMU,True,0.0009301288686787257,0.7884615384615385,-0.27859504876592356,LMU < Dunn,True,1,healthy-associated,Dunn is highest overall.
FT-234,7.095765080678595,7.004519564577242,7.058501397195304,7.528701644368895e-05,0.8372781065088757,-0.23025000576339924,French < Dunn,True,0.008252667238219364,0.7291666666666666,-0.06079865597478588,French < LMU,True,0.013755469558024693,0.7163461538461539,-0.16945134978861343,LMU < Dunn,True,0,non-specific but discriminative,"Strong separation exists, but the pattern is not cleanly attributable to one clinical interpretation."
FT-235,4.665844121081831,4.848754009914033,4.580977590588936,0.0011371302685897046,0.7781065088757396,0.14958707995024947,French > Dunn,True,4.673595319698228e-05,0.8509615384615384,0.4140651984383966,French > LMU,True,0.3339986869899124,0.5881410256410257,-0.2644781184881471,LMU < Dunn,False,1,non-specific but discriminative,"Strong separation exists, but the pattern is not cleanly attributable to one clinical interpretation."
FT-236,7.0520689795595946,7.135963191959994,7.1142449203390505,0.1863630322150996,0.6153846153846154,-0.06893323644695588,French > Dunn,False,0.23986663246770326,0.6089743589743589,0.15261131909020137,French > LMU,False,0.9087843808990604,0.5112179487179487,-0.2215445555371573,LMU > Dunn,False,0,healthy-depleted,Dunn is lowest overall.
FT-237,6.33319686578545,6.205694346597393,6.507985016717614,0.0009097020213858846,0.7840236686390533,-0.30497899085730595,French < Dunn,True,2.3836196328574227e-08,0.9791666666666666,-0.29815560466672564,French < LMU,True,3.5080339464829276e-05,0.8621794871794871,-0.006823386190580152,LMU > Dunn,True,1,non-specific but discriminative,"Strong separation exists, but the pattern is not cleanly attributable to one clinical interpretation."
FT-238,4.043667774515187,3.987825456199088,4.616570849365876,0.5456875893246469,0.554733727810651,-0.23456623484406317,French < Dunn,False,1.2791579129062334e-08,0.9903846153846154,-0.7395343771965456,French < LMU,True,3.337067486000392e-08,0.9791666666666666,0.5049681423524823,LMU > Dunn,True,2,benign-associated,LMU is the dominant class for this feature.
FT-240,6.508358114338074,6.4885328103905024,7.1766788654432645,0.13542015261924545,0.6301775147928994,-0.18675123404458005,French < Dunn,False,8.212233262943234e-09,1.0,-0.902440269712885,French < LMU,True,1.2603413877909718e-08,0.9967948717948718,0.7156890356683051,LMU > Dunn,True,2,benign-associated,LMU is the dominant class for this feature.
FT-241,4.383879358744798,4.000520376969982,4.655530664133307,0.0003235327359643479,0.8076923076923077,-0.6770842139555573,French < Dunn,True,9.048390056460936e-07,0.9214743589743589,-1.0243794553186683,French < LMU,True,0.0009904489549406148,0.7868589743589743,0.3472952413631111,LMU > Dunn,True,1,non-specific but discriminative,"Strong separation exists, but the pattern is not cleanly attributable to one clinical interpretation."
FT-242,4.1257807734789465,4.362983531943007,4.855772749308494,0.056100600017159406,0.665680473372781,-0.026672401048323316,French > Dunn,False,1.1536376706654525e-07,0.9551282051282052,-0.6978691005125863,French < LMU,True,7.743637780088605e-08,0.9663461538461537,0.671196699464263,LMU > Dunn,True,2,benign-associated,LMU is the dominant class for this feature.
FT-243,5.3047175829318824,5.114549519074421,5.196683806658308,0.0158184438130584,0.7071005917159764,-0.2316919375814656,French < Dunn,True,0.6193473270038399,0.5512820512820513,0.034468403179158384,French < LMU,False,0.1174643914263617,0.6394230769230769,-0.2661603407606239,LMU < Dunn,False,0,healthy-associated,Dunn is highest overall.
FT-244,6.702508058523469,6.65689303702632,7.343614498569245,0.13542015261924545,0.6301775147928994,-0.2590676097846875,French < Dunn,False,8.212233262943234e-09,1.0,-0.9155021253140722,French < LMU,True,1.2603413877909718e-08,0.9983974358974359,0.6564345155293845,LMU > Dunn,True,2,benign-associated,LMU is the dominant class for this feature.
FT-245,4.569067606003639,4.224640801318419,4.82628645786391,0.010038156727827957,0.7204142011834319,-0.4946612847859055,French < Dunn,True,1.9531528367955264e-06,0.9086538461538461,-0.6262466917298259,French < LMU,True,0.002325248935590265,0.766025641025641,0.13158540694392035,LMU > Dunn,True,1,non-specific but discriminative,"Strong separation exists, but the pattern is not cleanly attributable to one clinical interpretation."
FT-248,6.816168256022047,6.7713388752778245,6.595912349253207,0.06873056071918686,0.6582840236686391,-0.1742947215926821,French < Dunn,False,1.55378960634265e-07,0.9503205128205129,0.31029485637442883,French > LMU,True,3.128238955056631e-08,0.9807692307692307,-0.48458957796711083,LMU < Dunn,True,2,benign-depleted,LMU is specifically low for this feature.
FT-249,4.405533286630021,4.251952291278735,4.069272604035962,0.0010836066367285006,0.7795857988165681,-0.35085414870511994,French < Dunn,True,0.052489644373308886,0.671474358974359,0.22206466826615961,French > LMU,False,7.961626050849995e-06,0.8910256410256411,-0.5729188169712797,LMU < Dunn,True,1,benign-depleted,LMU is specifically low for this feature.
FT-250,6.987661841873472,6.849237276439988,6.716481263222612,3.84558070066751e-07,0.9319526627218935,-0.3046878352692381,French < Dunn,True,3.0810502757138164e-06,0.9006410256410255,0.2628690062255009,French > LMU,True,1.1976173508458883e-08,1.0,-0.5675568414947388,LMU < Dunn,True,3,benign-depleted,LMU is specifically low for this feature.
