task_name,feature_space,model_name,feature,n_selected,mean_coef,mean_abs_coef,positive_coef_fraction,n_folds,selection_frequency,sign_consistency
French_vs_Dunn,high,linear_svm,FT-040,50,-0.17114417807807125,0.17114417807807125,0.0,50,1.0,1.0
French_vs_Dunn,high,linear_svm,FT-046,50,0.15759987217068913,0.15759987217068913,1.0,50,1.0,1.0
French_vs_Dunn,high,linear_svm,FT-050,50,0.13796886077862905,0.13796886077862905,1.0,50,1.0,1.0
French_vs_Dunn,high,linear_svm,FT-174,50,0.13228767469124184,0.13228767469124184,1.0,50,1.0,1.0
French_vs_Dunn,high,linear_svm,FT-095,50,-0.12518127134782467,0.12518127134782467,0.0,50,1.0,1.0
French_vs_Dunn,high,linear_svm,FT-110,50,-0.11334129982271428,0.11334129982271428,0.0,50,1.0,1.0
French_vs_Dunn,high,linear_svm,FT-233,50,-0.10273319407561252,0.10273319407561252,0.0,50,1.0,1.0
French_vs_Dunn,high,linear_svm,FT-178,50,0.10165637330370951,0.10165637330370951,1.0,50,1.0,1.0
French_vs_Dunn,high,linear_svm,FT-043,50,0.09489509402260846,0.09489509402260846,1.0,50,1.0,1.0
French_vs_Dunn,high,linear_svm,FT-056,50,-0.07268968712022215,0.07268968712022215,0.0,50,1.0,1.0
French_vs_Dunn,high,linear_svm,FT-172,50,0.0619774102811384,0.0619774102811384,1.0,50,1.0,1.0
French_vs_Dunn,high,linear_svm,FT-072,50,-0.031236172845409006,0.03908619402207143,0.14,50,1.0,0.72
French_vs_Dunn,high,linear_svm,FT-051,50,-0.03816331404566148,0.03836892046005056,0.04,50,1.0,0.92
French_vs_Dunn,high,linear_svm,FT-078,49,0.1016616597676124,0.1016616597676124,1.0,50,0.98,1.0
French_vs_Dunn,high,linear_svm,FT-060,49,-0.07977016576468932,0.07977016576468932,0.0,50,0.98,1.0
French_vs_Dunn,high,linear_svm,FT-115,49,-0.05095838548516414,0.05095838548516414,0.0,50,0.98,1.0
French_vs_Dunn,high,linear_svm,FT-200,37,0.06408348783784418,0.06408348783784418,1.0,50,0.74,1.0
French_vs_Dunn,high,linear_svm,FT-015,34,-0.044110647837903055,0.04553208957508676,0.058823529411764705,50,0.68,0.8823529411764706
French_vs_Dunn,high,linear_svm,FT-168,23,0.10831107853015215,0.10831107853015215,1.0,50,0.46,1.0
French_vs_Dunn,high,linear_svm,FT-038,18,-0.09999548010723869,0.09999548010723869,0.0,50,0.36,1.0
French_vs_Dunn,high,linear_svm,FT-079,18,-0.032121547305723114,0.03640615362216557,0.16666666666666666,50,0.36,0.6666666666666667
French_vs_Dunn,high,linear_svm,FT-202,17,0.12134174926821084,0.12134174926821084,1.0,50,0.34,1.0
French_vs_Dunn,high,linear_svm,FT-206,14,0.08243397978671171,0.08243397978671171,1.0,50,0.28,1.0
French_vs_Dunn,high,linear_svm,FT-133,14,-0.0045087908341292695,0.012873133748910637,0.42857142857142855,50,0.28,0.1428571428571429
French_vs_Dunn,high,linear_svm,FT-217,10,-0.0754384278155943,0.0754384278155943,0.0,50,0.2,1.0
French_vs_Dunn,high,linear_svm,FT-245,7,0.009736154232978047,0.020669340474447857,0.42857142857142855,50,0.14,0.1428571428571429
French_vs_Dunn,high,linear_svm,FT-158,3,0.08429502830197232,0.08429502830197232,1.0,50,0.06,1.0
French_vs_Dunn,high,linear_svm,FT-023,3,0.010125908562492686,0.024962278918977097,0.6666666666666666,50,0.06,0.33333333333333326
French_vs_Dunn,high,linear_svm,FT-161,2,0.06624316106429938,0.06624316106429938,1.0,50,0.04,1.0
French_vs_Dunn,high,linear_svm,FT-155,1,0.05986325700213577,0.05986325700213577,1.0,50,0.02,1.0
French_vs_Dunn,high,linear_svm,FT-145,1,0.019173233563895834,0.019173233563895834,1.0,50,0.02,1.0
French_vs_Dunn,high,linear_svm,FT-146,1,-0.0023469116727589945,0.0023469116727589945,0.0,50,0.02,1.0
French_vs_Dunn,high,logreg_l1,FT-050,50,1.0152213885090027,1.0152213885090027,1.0,50,1.0,1.0
French_vs_Dunn,high,logreg_l1,FT-046,50,0.8908380866647204,0.8908380866647204,1.0,50,1.0,1.0
French_vs_Dunn,high,logreg_l1,FT-095,50,-0.577976739416663,0.577976739416663,0.0,50,1.0,1.0
French_vs_Dunn,high,logreg_l1,FT-040,50,-0.5236234508597483,0.5236234508597483,0.0,50,1.0,1.0
French_vs_Dunn,high,logreg_l1,FT-233,50,-0.33890547096484375,0.33890547096484375,0.0,50,1.0,1.0
French_vs_Dunn,high,logreg_l1,FT-043,50,0.3229086962504026,0.3229086962504026,0.76,50,1.0,0.52
French_vs_Dunn,high,logreg_l1,FT-174,50,0.26359801019144397,0.26359801019144397,0.98,50,1.0,0.96
French_vs_Dunn,high,logreg_l1,FT-110,50,-0.2067901074239955,0.2067901074239955,0.0,50,1.0,1.0
French_vs_Dunn,high,logreg_l1,FT-056,50,-0.08433804944303151,0.08433804944303151,0.0,50,1.0,1.0
French_vs_Dunn,high,logreg_l1,FT-178,50,0.009692999905520678,0.009692999905520678,0.08,50,1.0,0.84
French_vs_Dunn,high,logreg_l1,FT-172,50,0.008024861550786362,0.008024861550786362,0.12,50,1.0,0.76
French_vs_Dunn,high,logreg_l1,FT-051,50,0.0,0.0,0.0,50,1.0,1.0
French_vs_Dunn,high,logreg_l1,FT-072,50,0.0,0.0,0.0,50,1.0,1.0
French_vs_Dunn,high,logreg_l1,FT-060,49,0.0,0.0,0.0,50,0.98,1.0
French_vs_Dunn,high,logreg_l1,FT-078,49,0.0,0.0,0.0,50,0.98,1.0
French_vs_Dunn,high,logreg_l1,FT-115,49,0.0,0.0,0.0,50,0.98,1.0
French_vs_Dunn,high,logreg_l1,FT-200,37,0.0,0.0,0.0,50,0.74,1.0
French_vs_Dunn,high,logreg_l1,FT-015,34,0.0,0.0,0.0,50,0.68,1.0
French_vs_Dunn,high,logreg_l1,FT-168,23,0.04413723428919126,0.04413723428919126,0.34782608695652173,50,0.46,0.30434782608695654
French_vs_Dunn,high,logreg_l1,FT-038,18,-0.31825655932816055,0.31825655932816055,0.0,50,0.36,1.0
French_vs_Dunn,high,logreg_l1,FT-079,18,0.0,0.0,0.0,50,0.36,1.0
French_vs_Dunn,high,logreg_l1,FT-202,17,0.0,0.0,0.0,50,0.34,1.0
French_vs_Dunn,high,logreg_l1,FT-133,14,0.0,0.0,0.0,50,0.28,1.0
French_vs_Dunn,high,logreg_l1,FT-206,14,0.0,0.0,0.0,50,0.28,1.0
French_vs_Dunn,high,logreg_l1,FT-217,10,0.0,0.0,0.0,50,0.2,1.0
French_vs_Dunn,high,logreg_l1,FT-245,7,0.0,0.0,0.0,50,0.14,1.0
French_vs_Dunn,high,logreg_l1,FT-023,3,0.0,0.0,0.0,50,0.06,1.0
French_vs_Dunn,high,logreg_l1,FT-158,3,0.0,0.0,0.0,50,0.06,1.0
French_vs_Dunn,high,logreg_l1,FT-161,2,0.0,0.0,0.0,50,0.04,1.0
French_vs_Dunn,high,logreg_l1,FT-145,1,0.0,0.0,0.0,50,0.02,1.0
French_vs_Dunn,high,logreg_l1,FT-146,1,0.0,0.0,0.0,50,0.02,1.0
French_vs_Dunn,high,logreg_l1,FT-155,1,0.0,0.0,0.0,50,0.02,1.0
French_vs_Dunn,main,linear_svm,FT-140,50,0.1171539129867143,0.1171539129867143,1.0,50,1.0,1.0
French_vs_Dunn,main,linear_svm,FT-053,50,-0.10687373372242907,0.10687373372242907,0.0,50,1.0,1.0
French_vs_Dunn,main,linear_svm,FT-175,50,-0.08641099645177247,0.08641099645177247,0.0,50,1.0,1.0
French_vs_Dunn,main,linear_svm,FT-100,50,0.06989225193710397,0.06989225193710397,1.0,50,1.0,1.0
French_vs_Dunn,main,linear_svm,FT-104,50,0.06943213284659451,0.06943213284659451,1.0,50,1.0,1.0
French_vs_Dunn,main,linear_svm,FT-049,50,-0.06677129810192244,0.06677129810192244,0.0,50,1.0,1.0
French_vs_Dunn,main,linear_svm,FT-218,50,-0.06487781098432728,0.06487781098432728,0.0,50,1.0,1.0
French_vs_Dunn,main,linear_svm,FT-016,50,-0.06407217095992031,0.06407217095992031,0.0,50,1.0,1.0
French_vs_Dunn,main,linear_svm,FT-027,50,-0.0535856013544428,0.0535856013544428,0.0,50,1.0,1.0
French_vs_Dunn,main,linear_svm,FT-024,50,-0.0519080133203675,0.0519080133203675,0.0,50,1.0,1.0
French_vs_Dunn,main,linear_svm,FT-176,50,-0.05166726347011618,0.05166726347011618,0.0,50,1.0,1.0
French_vs_Dunn,main,linear_svm,FT-030,50,-0.051337031198861426,0.051337031198861426,0.0,50,1.0,1.0
French_vs_Dunn,main,linear_svm,FT-025,50,-0.04256446486816641,0.04256446486816641,0.0,50,1.0,1.0
French_vs_Dunn,main,linear_svm,FT-020,50,-0.03555626552341047,0.03555626552341047,0.0,50,1.0,1.0
French_vs_Dunn,main,linear_svm,FT-021,50,-0.02490420716856958,0.025007842862267787,0.04,50,1.0,0.92
French_vs_Dunn,main,linear_svm,FT-014,50,-0.013285028014821638,0.013832789613785,0.2,50,1.0,0.6
French_vs_Dunn,main,linear_svm,FT-046,47,0.12316221392820732,0.12316221392820732,1.0,50,0.94,1.0
French_vs_Dunn,main,linear_svm,FT-050,43,0.16572834666331052,0.16572834666331052,1.0,50,0.86,1.0
French_vs_Dunn,main,linear_svm,FT-084,40,0.1416604741426451,0.1416604741426451,1.0,50,0.8,1.0
French_vs_Dunn,main,linear_svm,FT-059,35,0.06861334088294618,0.06861334088294618,1.0,50,0.7,1.0
French_vs_Dunn,main,linear_svm,FT-220,24,-0.04114209722505782,0.04114209722505782,0.0,50,0.48,1.0
French_vs_Dunn,main,linear_svm,FT-174,7,0.11799555102647126,0.11799555102647126,1.0,50,0.14,1.0
French_vs_Dunn,main,linear_svm,FT-221,1,0.1477949591572934,0.1477949591572934,1.0,50,0.02,1.0
French_vs_Dunn,main,linear_svm,FT-074,1,-0.10556908724798507,0.10556908724798507,0.0,50,0.02,1.0
French_vs_Dunn,main,linear_svm,FT-043,1,0.10235630554057784,0.10235630554057784,1.0,50,0.02,1.0
French_vs_Dunn,main,linear_svm,FT-037,1,-0.07314868406064248,0.07314868406064248,0.0,50,0.02,1.0
French_vs_Dunn,main,logreg_l1,FT-030,50,-0.8719865966366327,0.8719865966366327,0.0,50,1.0,1.0
French_vs_Dunn,main,logreg_l1,FT-053,50,-0.8062039504033909,0.8062039504033909,0.0,50,1.0,1.0
French_vs_Dunn,main,logreg_l1,FT-140,50,0.7181290058908663,0.7181290058908663,1.0,50,1.0,1.0
French_vs_Dunn,main,logreg_l1,FT-024,50,-0.2429538025214751,0.2429538025214751,0.0,50,1.0,1.0
French_vs_Dunn,main,logreg_l1,FT-027,50,-0.21139028826228176,0.21139028826228176,0.0,50,1.0,1.0
French_vs_Dunn,main,logreg_l1,FT-016,50,-0.11563396132375715,0.11563396132375715,0.0,50,1.0,1.0
French_vs_Dunn,main,logreg_l1,FT-175,50,-0.07063818707323365,0.07063818707323365,0.0,50,1.0,1.0
French_vs_Dunn,main,logreg_l1,FT-049,50,-0.04229404140206443,0.04229404140206443,0.0,50,1.0,1.0
French_vs_Dunn,main,logreg_l1,FT-176,50,-0.03944229628065992,0.03944229628065992,0.0,50,1.0,1.0
French_vs_Dunn,main,logreg_l1,FT-218,50,-0.012268852407284618,0.012268852407284618,0.0,50,1.0,1.0
French_vs_Dunn,main,logreg_l1,FT-100,50,4.0878444012503153e-05,4.0878444012503153e-05,0.02,50,1.0,0.96
French_vs_Dunn,main,logreg_l1,FT-014,50,0.0,0.0,0.0,50,1.0,1.0
French_vs_Dunn,main,logreg_l1,FT-020,50,0.0,0.0,0.0,50,1.0,1.0
French_vs_Dunn,main,logreg_l1,FT-021,50,0.0,0.0,0.0,50,1.0,1.0
French_vs_Dunn,main,logreg_l1,FT-025,50,0.0,0.0,0.0,50,1.0,1.0
French_vs_Dunn,main,logreg_l1,FT-104,50,0.0,0.0,0.0,50,1.0,1.0
French_vs_Dunn,main,logreg_l1,FT-046,47,0.1734507984366656,0.1734507984366656,0.5957446808510638,50,0.94,0.1914893617021276
French_vs_Dunn,main,logreg_l1,FT-050,43,0.44458760467919267,0.44458760467919267,0.9534883720930233,50,0.86,0.9069767441860466
French_vs_Dunn,main,logreg_l1,FT-084,40,0.29714364471019905,0.29714364471019905,0.975,50,0.8,0.95
French_vs_Dunn,main,logreg_l1,FT-059,35,0.0,0.0,0.0,50,0.7,1.0
French_vs_Dunn,main,logreg_l1,FT-220,24,0.0,0.0,0.0,50,0.48,1.0
French_vs_Dunn,main,logreg_l1,FT-174,7,0.01803704518030357,0.01803704518030357,0.5714285714285714,50,0.14,0.1428571428571428
French_vs_Dunn,main,logreg_l1,FT-074,1,-0.14681965713806577,0.14681965713806577,0.0,50,0.02,1.0
French_vs_Dunn,main,logreg_l1,FT-221,1,0.014683347574603942,0.014683347574603942,1.0,50,0.02,1.0
French_vs_Dunn,main,logreg_l1,FT-037,1,0.0,0.0,0.0,50,0.02,1.0
French_vs_Dunn,main,logreg_l1,FT-043,1,0.0,0.0,0.0,50,0.02,1.0
French_vs_Dunn,representative,linear_svm,FT-030,50,-0.2086142744976559,0.2086142744976559,0.0,50,1.0,1.0
French_vs_Dunn,representative,linear_svm,FT-021,50,-0.16874159596452226,0.16874159596452226,0.0,50,1.0,1.0
French_vs_Dunn,representative,linear_svm,FT-110,50,-0.14356834273598773,0.14356834273598773,0.0,50,1.0,1.0
French_vs_Dunn,representative,linear_svm,FT-040,50,-0.13683495499075335,0.13683495499075335,0.0,50,1.0,1.0
French_vs_Dunn,representative,linear_svm,FT-178,50,0.13153778111989467,0.13153778111989467,1.0,50,1.0,1.0
French_vs_Dunn,representative,linear_svm,FT-046,50,0.12208856995161145,0.12208856995161145,1.0,50,1.0,1.0
French_vs_Dunn,representative,linear_svm,FT-174,50,0.1075893866201375,0.1075893866201375,1.0,50,1.0,1.0
French_vs_Dunn,representative,linear_svm,FT-206,50,0.10453017440866304,0.10453017440866304,1.0,50,1.0,1.0
French_vs_Dunn,representative,linear_svm,FT-005,50,0.09733470180170359,0.09733470180170359,1.0,50,1.0,1.0
French_vs_Dunn,representative,linear_svm,FT-179,50,0.09378014430742607,0.09378014430742607,1.0,50,1.0,1.0
French_vs_Dunn,representative,linear_svm,FT-205,50,0.07316018654010979,0.07316018654010979,1.0,50,1.0,1.0
French_vs_Dunn,representative,linear_svm,FT-015,50,-0.06936091652531329,0.06936091652531329,0.0,50,1.0,1.0
French_vs_Dunn,representative,linear_svm,FT-168,50,0.05020350163418935,0.05020350163418935,1.0,50,1.0,1.0
French_vs_Dunn,representative,linear_svm,FT-010,50,0.04659477812445823,0.04659477812445823,1.0,50,1.0,1.0
French_vs_Dunn,representative,linear_svm,FT-135,50,0.037971098201788636,0.037971098201788636,1.0,50,1.0,1.0
French_vs_Dunn,representative,linear_svm,FT-161,46,-0.005664205499385109,0.014218196336860655,0.32608695652173914,50,0.92,0.34782608695652173
French_vs_Dunn,representative,linear_svm,FT-031,45,-0.034880368867251654,0.034880368867251654,0.0,50,0.9,1.0
French_vs_Dunn,representative,linear_svm,FT-023,45,0.015472032505650091,0.021696247371442077,0.8,50,0.9,0.6000000000000001
French_vs_Dunn,representative,linear_svm,FT-243,42,-0.01753886669476438,0.017740619300771882,0.047619047619047616,50,0.84,0.9047619047619048
French_vs_Dunn,representative,linear_svm,FT-145,40,-0.027543911762965573,0.02805611121926286,0.025,50,0.8,0.95
French_vs_Dunn,representative,linear_svm,FT-102,15,-0.0032436202131705277,0.02216987843647039,0.4,50,0.3,0.19999999999999996
French_vs_Dunn,representative,linear_svm,FT-184,9,0.004846577897928512,0.015371835575971474,0.4444444444444444,50,0.18,0.11111111111111116
French_vs_Dunn,representative,linear_svm,FT-096,3,-0.04613762657452423,0.04613762657452423,0.0,50,0.06,1.0
French_vs_Dunn,representative,linear_svm,FT-076,3,-0.0005600925554095412,0.008056236088349848,0.3333333333333333,50,0.06,0.33333333333333337
French_vs_Dunn,representative,linear_svm,FT-066,1,-0.02980458131065705,0.02980458131065705,0.0,50,0.02,1.0
French_vs_Dunn,representative,linear_svm,FT-028,1,-0.015835645583209698,0.015835645583209698,0.0,50,0.02,1.0
French_vs_Dunn,representative,logreg_l1,FT-030,50,-2.7658552287926956,2.7658552287926956,0.0,50,1.0,1.0
French_vs_Dunn,representative,logreg_l1,FT-046,50,0.6282704657458263,0.6282704657458263,1.0,50,1.0,1.0
French_vs_Dunn,representative,logreg_l1,FT-179,50,0.329109051615016,0.329109051615016,0.92,50,1.0,0.8400000000000001
French_vs_Dunn,representative,logreg_l1,FT-178,50,0.19668369871064997,0.19668369871064997,0.96,50,1.0,0.9199999999999999
French_vs_Dunn,representative,logreg_l1,FT-174,50,0.020042085891684616,0.020042085891684616,0.24,50,1.0,0.52
French_vs_Dunn,representative,logreg_l1,FT-015,50,-0.004842773829382794,0.004842773829382794,0.0,50,1.0,1.0
French_vs_Dunn,representative,logreg_l1,FT-005,50,0.0,0.0,0.0,50,1.0,1.0
French_vs_Dunn,representative,logreg_l1,FT-010,50,0.0,0.0,0.0,50,1.0,1.0
French_vs_Dunn,representative,logreg_l1,FT-021,50,0.0,0.0,0.0,50,1.0,1.0
French_vs_Dunn,representative,logreg_l1,FT-040,50,0.0,0.0,0.0,50,1.0,1.0
French_vs_Dunn,representative,logreg_l1,FT-110,50,0.0,0.0,0.0,50,1.0,1.0
French_vs_Dunn,representative,logreg_l1,FT-135,50,0.0,0.0,0.0,50,1.0,1.0
French_vs_Dunn,representative,logreg_l1,FT-168,50,0.0,0.0,0.0,50,1.0,1.0
French_vs_Dunn,representative,logreg_l1,FT-205,50,0.0,0.0,0.0,50,1.0,1.0
French_vs_Dunn,representative,logreg_l1,FT-206,50,0.0,0.0,0.0,50,1.0,1.0
French_vs_Dunn,representative,logreg_l1,FT-161,46,0.0,0.0,0.0,50,0.92,1.0
French_vs_Dunn,representative,logreg_l1,FT-023,45,0.0,0.0,0.0,50,0.9,1.0
French_vs_Dunn,representative,logreg_l1,FT-031,45,0.0,0.0,0.0,50,0.9,1.0
French_vs_Dunn,representative,logreg_l1,FT-243,42,0.0,0.0,0.0,50,0.84,1.0
French_vs_Dunn,representative,logreg_l1,FT-145,40,-0.0003348027741833403,0.0003348027741833403,0.0,50,0.8,1.0
French_vs_Dunn,representative,logreg_l1,FT-102,15,0.0,0.0,0.0,50,0.3,1.0
French_vs_Dunn,representative,logreg_l1,FT-184,9,0.0,0.0,0.0,50,0.18,1.0
French_vs_Dunn,representative,logreg_l1,FT-076,3,0.0,0.0,0.0,50,0.06,1.0
French_vs_Dunn,representative,logreg_l1,FT-096,3,0.0,0.0,0.0,50,0.06,1.0
French_vs_Dunn,representative,logreg_l1,FT-028,1,0.0,0.0,0.0,50,0.02,1.0
French_vs_Dunn,representative,logreg_l1,FT-066,1,0.0,0.0,0.0,50,0.02,1.0
French_vs_LMU,high,linear_svm,FT-046,50,0.1250203711537353,0.1250203711537353,1.0,50,1.0,1.0
French_vs_LMU,high,linear_svm,FT-133,50,-0.12455706908213796,0.12455706908213796,0.0,50,1.0,1.0
French_vs_LMU,high,linear_svm,FT-050,50,0.12423711393868989,0.12423711393868989,1.0,50,1.0,1.0
French_vs_LMU,high,linear_svm,FT-043,50,0.12258095939996175,0.12258095939996175,1.0,50,1.0,1.0
French_vs_LMU,high,linear_svm,FT-172,50,0.0985626660238577,0.0985626660238577,1.0,50,1.0,1.0
French_vs_LMU,high,linear_svm,FT-245,50,-0.09392674115370926,0.09392674115370926,0.0,50,1.0,1.0
French_vs_LMU,high,linear_svm,FT-115,50,-0.08235629954298,0.08235629954298,0.0,50,1.0,1.0
French_vs_LMU,high,linear_svm,FT-076,50,0.08125485295262333,0.08125485295262333,1.0,50,1.0,1.0
French_vs_LMU,high,linear_svm,FT-238,50,-0.0724320953609415,0.0724320953609415,0.0,50,1.0,1.0
French_vs_LMU,high,linear_svm,FT-060,50,-0.06946830103274661,0.06946830103274661,0.0,50,1.0,1.0
French_vs_LMU,high,linear_svm,FT-102,50,0.0677626500172909,0.0677626500172909,1.0,50,1.0,1.0
French_vs_LMU,high,linear_svm,FT-178,50,0.06362620772243521,0.06362620772243521,1.0,50,1.0,1.0
French_vs_LMU,high,linear_svm,FT-200,50,0.059721396396892515,0.059721396396892515,1.0,50,1.0,1.0
French_vs_LMU,high,linear_svm,FT-095,50,-0.05894379938788291,0.05894379938788291,0.0,50,1.0,1.0
French_vs_LMU,high,linear_svm,FT-174,50,0.05875825291226608,0.05875825291226608,1.0,50,1.0,1.0
French_vs_LMU,high,linear_svm,FT-202,46,0.026993310788633727,0.026993310788633727,1.0,50,0.92,1.0
French_vs_LMU,high,linear_svm,FT-101,42,-0.015369194056378538,0.01621984960962331,0.14285714285714285,50,0.84,0.7142857142857143
French_vs_LMU,high,linear_svm,FT-206,41,0.03005228381020656,0.03005228381020656,1.0,50,0.82,1.0
French_vs_LMU,high,linear_svm,FT-078,31,0.029208978387666437,0.029208978387666437,1.0,50,0.62,1.0
French_vs_LMU,high,linear_svm,FT-105,24,-0.02855371631273776,0.02855371631273776,0.0,50,0.48,1.0
French_vs_LMU,high,linear_svm,FT-233,18,-0.033186967511141814,0.033186967511141814,0.0,50,0.36,1.0
French_vs_LMU,high,linear_svm,FT-145,10,-0.0659081470172381,0.0659081470172381,0.0,50,0.2,1.0
French_vs_LMU,high,linear_svm,FT-217,10,-0.06093883930093915,0.06093883930093915,0.0,50,0.2,1.0
French_vs_LMU,high,linear_svm,FT-110,10,-0.04271718646650917,0.04271718646650917,0.0,50,0.2,1.0
French_vs_LMU,high,linear_svm,FT-072,8,-0.045603101222196504,0.045603101222196504,0.0,50,0.16,1.0
French_vs_LMU,high,linear_svm,FT-040,5,-0.04357979323162475,0.04357979323162475,0.0,50,0.1,1.0
French_vs_LMU,high,linear_svm,FT-089,2,-0.011856928042968833,0.015461774704535306,0.5,50,0.04,0.0
French_vs_LMU,high,linear_svm,FT-156,1,0.06225828386121285,0.06225828386121285,1.0,50,0.02,1.0
French_vs_LMU,high,linear_svm,FT-015,1,-0.05960290290597207,0.05960290290597207,0.0,50,0.02,1.0
French_vs_LMU,high,linear_svm,FT-038,1,-0.012031277474895264,0.012031277474895264,0.0,50,0.02,1.0
French_vs_LMU,high,logreg_l1,FT-050,50,1.7258712944589818,1.7258712944589818,1.0,50,1.0,1.0
French_vs_LMU,high,logreg_l1,FT-046,50,0.9554334072709633,0.9554334072709633,1.0,50,1.0,1.0
French_vs_LMU,high,logreg_l1,FT-043,50,0.9239592720777412,0.9239592720777412,1.0,50,1.0,1.0
French_vs_LMU,high,logreg_l1,FT-115,50,-0.13914699760721916,0.13914699760721916,0.0,50,1.0,1.0
French_vs_LMU,high,logreg_l1,FT-172,50,0.013461856939948549,0.013461856939948549,0.28,50,1.0,0.43999999999999995
French_vs_LMU,high,logreg_l1,FT-133,50,-0.004839585390992955,0.004839585390992955,0.0,50,1.0,1.0
French_vs_LMU,high,logreg_l1,FT-238,50,-0.003351299859379563,0.003351299859379563,0.0,50,1.0,1.0
French_vs_LMU,high,logreg_l1,FT-060,50,0.0,0.0,0.0,50,1.0,1.0
French_vs_LMU,high,logreg_l1,FT-076,50,0.0,0.0,0.0,50,1.0,1.0
French_vs_LMU,high,logreg_l1,FT-095,50,0.0,0.0,0.0,50,1.0,1.0
French_vs_LMU,high,logreg_l1,FT-102,50,0.0,0.0,0.0,50,1.0,1.0
French_vs_LMU,high,logreg_l1,FT-174,50,0.0,0.0,0.0,50,1.0,1.0
French_vs_LMU,high,logreg_l1,FT-178,50,0.0,0.0,0.0,50,1.0,1.0
French_vs_LMU,high,logreg_l1,FT-200,50,0.0,0.0,0.0,50,1.0,1.0
French_vs_LMU,high,logreg_l1,FT-245,50,0.0,0.0,0.0,50,1.0,1.0
French_vs_LMU,high,logreg_l1,FT-202,46,0.0,0.0,0.0,50,0.92,1.0
French_vs_LMU,high,logreg_l1,FT-101,42,0.0,0.0,0.0,50,0.84,1.0
French_vs_LMU,high,logreg_l1,FT-206,41,0.0,0.0,0.0,50,0.82,1.0
French_vs_LMU,high,logreg_l1,FT-078,31,0.0,0.0,0.0,50,0.62,1.0
French_vs_LMU,high,logreg_l1,FT-105,24,0.0,0.0,0.0,50,0.48,1.0
French_vs_LMU,high,logreg_l1,FT-233,18,0.0,0.0,0.0,50,0.36,1.0
French_vs_LMU,high,logreg_l1,FT-110,10,-0.00890369143404709,0.00890369143404709,0.0,50,0.2,1.0
French_vs_LMU,high,logreg_l1,FT-145,10,0.0,0.0,0.0,50,0.2,1.0
French_vs_LMU,high,logreg_l1,FT-217,10,0.0,0.0,0.0,50,0.2,1.0
French_vs_LMU,high,logreg_l1,FT-072,8,0.0,0.0,0.0,50,0.16,1.0
French_vs_LMU,high,logreg_l1,FT-040,5,0.0,0.0,0.0,50,0.1,1.0
French_vs_LMU,high,logreg_l1,FT-089,2,0.0,0.0,0.0,50,0.04,1.0
French_vs_LMU,high,logreg_l1,FT-015,1,0.0,0.0,0.0,50,0.02,1.0
French_vs_LMU,high,logreg_l1,FT-038,1,0.0,0.0,0.0,50,0.02,1.0
French_vs_LMU,high,logreg_l1,FT-156,1,0.0,0.0,0.0,50,0.02,1.0
French_vs_LMU,main,linear_svm,FT-221,50,0.07219024340927019,0.07219024340927019,1.0,50,1.0,1.0
French_vs_LMU,main,linear_svm,FT-070,50,0.07051269671687606,0.07051269671687606,1.0,50,1.0,1.0
French_vs_LMU,main,linear_svm,FT-050,50,0.06983961504560016,0.06983961504560016,1.0,50,1.0,1.0
French_vs_LMU,main,linear_svm,FT-114,50,0.06966024790904586,0.06966024790904586,1.0,50,1.0,1.0
French_vs_LMU,main,linear_svm,FT-046,50,0.06738430088863895,0.06738430088863895,1.0,50,1.0,1.0
French_vs_LMU,main,linear_svm,FT-043,50,0.0670708027791503,0.0670708027791503,1.0,50,1.0,1.0
French_vs_LMU,main,linear_svm,FT-067,50,0.06460034387578663,0.06460034387578663,1.0,50,1.0,1.0
French_vs_LMU,main,linear_svm,FT-071,50,-0.06267427209382143,0.06267427209382143,0.0,50,1.0,1.0
French_vs_LMU,main,linear_svm,FT-123,50,-0.061341323184006875,0.061341323184006875,0.0,50,1.0,1.0
French_vs_LMU,main,linear_svm,FT-053,50,-0.060943478132389046,0.060943478132389046,0.0,50,1.0,1.0
French_vs_LMU,main,linear_svm,FT-065,50,-0.060503065575404975,0.060503065575404975,0.0,50,1.0,1.0
French_vs_LMU,main,linear_svm,FT-064,50,0.06046050973461496,0.06046050973461496,1.0,50,1.0,1.0
French_vs_LMU,main,linear_svm,FT-152,50,-0.055371391835716724,0.055371391835716724,0.0,50,1.0,1.0
French_vs_LMU,main,linear_svm,FT-127,50,-0.05322966046186348,0.05322966046186348,0.0,50,1.0,1.0
French_vs_LMU,main,linear_svm,FT-176,50,-0.05073245825844443,0.05073245825844443,0.0,50,1.0,1.0
French_vs_LMU,main,linear_svm,FT-049,50,-0.0481763691202345,0.0481763691202345,0.0,50,1.0,1.0
French_vs_LMU,main,linear_svm,FT-016,50,-0.0441966179705839,0.0441966179705839,0.0,50,1.0,1.0
French_vs_LMU,main,linear_svm,FT-220,47,-0.04629675490232387,0.04629675490232387,0.0,50,0.94,1.0
French_vs_LMU,main,linear_svm,FT-232,40,0.04610540339537329,0.04610540339537329,1.0,50,0.8,1.0
French_vs_LMU,main,linear_svm,FT-021,35,-0.048877261601254905,0.048877261601254905,0.0,50,0.7,1.0
French_vs_LMU,main,linear_svm,FT-068,18,-0.0558536282394316,0.0558536282394316,0.0,50,0.36,1.0
French_vs_LMU,main,linear_svm,FT-133,6,-0.037089578826744955,0.037089578826744955,0.0,50,0.12,1.0
French_vs_LMU,main,linear_svm,FT-025,2,-0.04539469907253512,0.04539469907253512,0.0,50,0.04,1.0
French_vs_LMU,main,linear_svm,FT-032,1,0.05375733970843795,0.05375733970843795,1.0,50,0.02,1.0
French_vs_LMU,main,linear_svm,FT-020,1,-0.037180346147021565,0.037180346147021565,0.0,50,0.02,1.0
French_vs_LMU,main,logreg_l1,FT-050,50,0.8860992963848021,0.8860992963848021,1.0,50,1.0,1.0
French_vs_LMU,main,logreg_l1,FT-046,50,0.6695287112922863,0.6695287112922863,1.0,50,1.0,1.0
French_vs_LMU,main,logreg_l1,FT-043,50,0.5740940659620434,0.5740940659620434,1.0,50,1.0,1.0
French_vs_LMU,main,logreg_l1,FT-053,50,-0.44182824949874083,0.44182824949874083,0.0,50,1.0,1.0
French_vs_LMU,main,logreg_l1,FT-071,50,-0.39428459782957453,0.39428459782957453,0.0,50,1.0,1.0
French_vs_LMU,main,logreg_l1,FT-176,50,-0.3567352889446229,0.3567352889446229,0.0,50,1.0,1.0
French_vs_LMU,main,logreg_l1,FT-221,50,0.23063672394075876,0.23063672394075876,0.92,50,1.0,0.8400000000000001
French_vs_LMU,main,logreg_l1,FT-123,50,-0.09041103666955803,0.09041103666955803,0.0,50,1.0,1.0
French_vs_LMU,main,logreg_l1,FT-016,50,-0.02486010689192005,0.02486010689192005,0.0,50,1.0,1.0
French_vs_LMU,main,logreg_l1,FT-064,50,0.010832484969462272,0.010832484969462272,0.14,50,1.0,0.72
French_vs_LMU,main,logreg_l1,FT-152,50,-0.0013754879360397966,0.0013754879360397966,0.0,50,1.0,1.0
French_vs_LMU,main,logreg_l1,FT-067,50,0.0006640799501663493,0.0006640799501663493,0.02,50,1.0,0.96
French_vs_LMU,main,logreg_l1,FT-049,50,-0.00038073591306105514,0.00038073591306105514,0.0,50,1.0,1.0
French_vs_LMU,main,logreg_l1,FT-065,50,0.0,0.0,0.0,50,1.0,1.0
French_vs_LMU,main,logreg_l1,FT-070,50,0.0,0.0,0.0,50,1.0,1.0
French_vs_LMU,main,logreg_l1,FT-114,50,0.0,0.0,0.0,50,1.0,1.0
French_vs_LMU,main,logreg_l1,FT-127,50,0.0,0.0,0.0,50,1.0,1.0
French_vs_LMU,main,logreg_l1,FT-220,47,-0.004675999063008704,0.004675999063008704,0.0,50,0.94,1.0
French_vs_LMU,main,logreg_l1,FT-232,40,0.0,0.0,0.0,50,0.8,1.0
French_vs_LMU,main,logreg_l1,FT-021,35,-0.06564537357647117,0.06564537357647117,0.0,50,0.7,1.0
French_vs_LMU,main,logreg_l1,FT-068,18,-0.03440007311166492,0.03440007311166492,0.0,50,0.36,1.0
French_vs_LMU,main,logreg_l1,FT-133,6,0.0,0.0,0.0,50,0.12,1.0
French_vs_LMU,main,logreg_l1,FT-025,2,0.0,0.0,0.0,50,0.04,1.0
French_vs_LMU,main,logreg_l1,FT-020,1,0.0,0.0,0.0,50,0.02,1.0
French_vs_LMU,main,logreg_l1,FT-032,1,0.0,0.0,0.0,50,0.02,1.0
French_vs_LMU,representative,linear_svm,FT-046,50,0.18736000817846613,0.18736000817846613,1.0,50,1.0,1.0
French_vs_LMU,representative,linear_svm,FT-030,50,-0.18635059889380012,0.18635059889380012,0.0,50,1.0,1.0
French_vs_LMU,representative,linear_svm,FT-021,50,-0.16037025928898857,0.16037025928898857,0.0,50,1.0,1.0
French_vs_LMU,representative,linear_svm,FT-031,50,0.1282849416803796,0.1282849416803796,1.0,50,1.0,1.0
French_vs_LMU,representative,linear_svm,FT-040,50,-0.12348230203172399,0.12348230203172399,0.0,50,1.0,1.0
French_vs_LMU,representative,linear_svm,FT-179,50,0.10551319528495398,0.10551319528495398,1.0,50,1.0,1.0
French_vs_LMU,representative,linear_svm,FT-145,50,-0.09451457221991694,0.09451457221991694,0.0,50,1.0,1.0
French_vs_LMU,representative,linear_svm,FT-178,50,0.09063258695247597,0.09063258695247597,1.0,50,1.0,1.0
French_vs_LMU,representative,linear_svm,FT-102,50,0.08906684735024104,0.08906684735024104,1.0,50,1.0,1.0
French_vs_LMU,representative,linear_svm,FT-174,50,0.08526303065325001,0.08526303065325001,1.0,50,1.0,1.0
French_vs_LMU,representative,linear_svm,FT-101,50,-0.08452000552543419,0.08452000552543419,0.0,50,1.0,1.0
French_vs_LMU,representative,linear_svm,FT-205,50,0.049494988510888696,0.049494988510888696,1.0,50,1.0,1.0
French_vs_LMU,representative,linear_svm,FT-076,50,0.03070558141203862,0.031119212202770453,0.96,50,1.0,0.9199999999999999
French_vs_LMU,representative,linear_svm,FT-206,50,0.028368681471792875,0.028368681471792875,1.0,50,1.0,1.0
French_vs_LMU,representative,linear_svm,FT-184,50,0.025396897739571333,0.025396897739571333,1.0,50,1.0,1.0
French_vs_LMU,representative,linear_svm,FT-082,50,-0.021872962024082166,0.0231411078306801,0.14,50,1.0,0.72
French_vs_LMU,representative,linear_svm,FT-096,50,0.0023354452130545087,0.011443570571107335,0.6,50,1.0,0.19999999999999996
French_vs_LMU,representative,linear_svm,FT-015,49,-0.050575610809504803,0.050575610809504803,0.0,50,0.98,1.0
French_vs_LMU,representative,linear_svm,FT-066,27,-0.050130375345667055,0.050130375345667055,0.0,50,0.54,1.0
French_vs_LMU,representative,linear_svm,FT-186,16,-0.003013318823031694,0.007423105528996834,0.375,50,0.32,0.25
French_vs_LMU,representative,linear_svm,FT-156,15,0.03177836916734539,0.03177836916734539,1.0,50,0.3,1.0
French_vs_LMU,representative,linear_svm,FT-110,11,-0.10616375907307675,0.10616375907307675,0.0,50,0.22,1.0
French_vs_LMU,representative,linear_svm,FT-243,10,-0.0698530577046191,0.0698530577046191,0.0,50,0.2,1.0
French_vs_LMU,representative,linear_svm,FT-028,9,0.046697292274196785,0.046697292274196785,1.0,50,0.18,1.0
French_vs_LMU,representative,linear_svm,FT-161,9,-0.0170950221094764,0.0170950221094764,0.0,50,0.18,1.0
French_vs_LMU,representative,linear_svm,FT-023,2,0.052509356410155486,0.052509356410155486,1.0,50,0.04,1.0
French_vs_LMU,representative,linear_svm,FT-135,1,-0.013872832312911554,0.013872832312911554,0.0,50,0.02,1.0
French_vs_LMU,representative,linear_svm,FT-005,1,0.012219438085144361,0.012219438085144361,1.0,50,0.02,1.0
French_vs_LMU,representative,logreg_l1,FT-046,50,3.136568703944589,3.136568703944589,1.0,50,1.0,1.0
French_vs_LMU,representative,logreg_l1,FT-021,50,-0.5672157707645008,0.5672157707645008,0.0,50,1.0,1.0
French_vs_LMU,representative,logreg_l1,FT-030,50,-0.06732222134928934,0.06732222134928934,0.0,50,1.0,1.0
French_vs_LMU,representative,logreg_l1,FT-031,50,0.0,0.0,0.0,50,1.0,1.0
French_vs_LMU,representative,logreg_l1,FT-040,50,0.0,0.0,0.0,50,1.0,1.0
French_vs_LMU,representative,logreg_l1,FT-076,50,0.0,0.0,0.0,50,1.0,1.0
French_vs_LMU,representative,logreg_l1,FT-082,50,0.0,0.0,0.0,50,1.0,1.0
French_vs_LMU,representative,logreg_l1,FT-096,50,0.0,0.0,0.0,50,1.0,1.0
French_vs_LMU,representative,logreg_l1,FT-101,50,0.0,0.0,0.0,50,1.0,1.0
French_vs_LMU,representative,logreg_l1,FT-102,50,0.0,0.0,0.0,50,1.0,1.0
French_vs_LMU,representative,logreg_l1,FT-145,50,0.0,0.0,0.0,50,1.0,1.0
French_vs_LMU,representative,logreg_l1,FT-174,50,0.0,0.0,0.0,50,1.0,1.0
French_vs_LMU,representative,logreg_l1,FT-178,50,0.0,0.0,0.0,50,1.0,1.0
French_vs_LMU,representative,logreg_l1,FT-179,50,0.0,0.0,0.0,50,1.0,1.0
French_vs_LMU,representative,logreg_l1,FT-184,50,0.0,0.0,0.0,50,1.0,1.0
French_vs_LMU,representative,logreg_l1,FT-205,50,0.0,0.0,0.0,50,1.0,1.0
French_vs_LMU,representative,logreg_l1,FT-206,50,0.0,0.0,0.0,50,1.0,1.0
French_vs_LMU,representative,logreg_l1,FT-015,49,0.0,0.0,0.0,50,0.98,1.0
French_vs_LMU,representative,logreg_l1,FT-066,27,0.0,0.0,0.0,50,0.54,1.0
French_vs_LMU,representative,logreg_l1,FT-186,16,0.0,0.0,0.0,50,0.32,1.0
French_vs_LMU,representative,logreg_l1,FT-156,15,0.0,0.0,0.0,50,0.3,1.0
French_vs_LMU,representative,logreg_l1,FT-110,11,0.0,0.0,0.0,50,0.22,1.0
French_vs_LMU,representative,logreg_l1,FT-243,10,0.0,0.0,0.0,50,0.2,1.0
French_vs_LMU,representative,logreg_l1,FT-028,9,0.0,0.0,0.0,50,0.18,1.0
French_vs_LMU,representative,logreg_l1,FT-161,9,0.0,0.0,0.0,50,0.18,1.0
French_vs_LMU,representative,logreg_l1,FT-023,2,0.0,0.0,0.0,50,0.04,1.0
French_vs_LMU,representative,logreg_l1,FT-005,1,0.0,0.0,0.0,50,0.02,1.0
French_vs_LMU,representative,logreg_l1,FT-135,1,0.0,0.0,0.0,50,0.02,1.0
LMU_vs_Dunn,high,linear_svm,FT-133,50,0.1782214483624197,0.1782214483624197,1.0,50,1.0,1.0
LMU_vs_Dunn,high,linear_svm,FT-046,50,-0.17684757842490717,0.17684757842490717,0.0,50,1.0,1.0
LMU_vs_Dunn,high,linear_svm,FT-050,50,-0.17505463550549094,0.17505463550549094,0.0,50,1.0,1.0
LMU_vs_Dunn,high,linear_svm,FT-043,50,-0.1668747917832213,0.1668747917832213,0.0,50,1.0,1.0
LMU_vs_Dunn,high,linear_svm,FT-238,50,0.1628980913973332,0.1628980913973332,1.0,50,1.0,1.0
LMU_vs_Dunn,high,linear_svm,FT-115,50,0.14232273392570274,0.14232273392570274,1.0,50,1.0,1.0
LMU_vs_Dunn,high,linear_svm,FT-076,50,-0.10244976690821953,0.10244976690821953,0.0,50,1.0,1.0
LMU_vs_Dunn,high,linear_svm,FT-056,50,-0.07658114584445593,0.07658114584445593,0.0,50,1.0,1.0
LMU_vs_Dunn,high,linear_svm,FT-051,50,-0.06888273035196352,0.06888273035196352,0.0,50,1.0,1.0
LMU_vs_Dunn,high,linear_svm,FT-102,50,-0.058781469835135824,0.059592006112991536,0.04,50,1.0,0.92
LMU_vs_Dunn,high,linear_svm,FT-105,49,-0.01319220811697463,0.03600441448113844,0.3673469387755102,50,0.98,0.26530612244897955
LMU_vs_Dunn,high,linear_svm,FT-040,48,0.02161523748226532,0.03835601666057362,0.7708333333333334,50,0.96,0.5416666666666667
LMU_vs_Dunn,high,linear_svm,FT-101,48,0.01564986823684824,0.026121722091886734,0.7291666666666666,50,0.96,0.45833333333333326
LMU_vs_Dunn,high,linear_svm,FT-233,47,-0.029084366475585408,0.031156794036703152,0.10638297872340426,50,0.94,0.7872340425531915
LMU_vs_Dunn,high,linear_svm,FT-158,45,0.005761148756760499,0.03126636100166547,0.4444444444444444,50,0.9,0.11111111111111116
LMU_vs_Dunn,high,linear_svm,FT-168,42,-0.009587940559920313,0.048246830612915806,0.35714285714285715,50,0.84,0.2857142857142857
LMU_vs_Dunn,high,linear_svm,FT-028,39,-0.08616579203991812,0.08616579203991812,0.0,50,0.78,1.0
LMU_vs_Dunn,high,linear_svm,FT-089,37,0.009859145756956117,0.023824903850253685,0.5675675675675675,50,0.74,0.1351351351351351
LMU_vs_Dunn,high,linear_svm,FT-245,33,0.1022846875076413,0.1022846875076413,1.0,50,0.66,1.0
LMU_vs_Dunn,high,linear_svm,FT-161,31,0.033314117287185266,0.03800939247982256,0.8064516129032258,50,0.62,0.6129032258064515
LMU_vs_Dunn,high,linear_svm,FT-079,17,-0.06009092046691619,0.06123722425349534,0.058823529411764705,50,0.34,0.8823529411764706
LMU_vs_Dunn,high,linear_svm,FT-038,11,-0.07676501526046642,0.07904297575777637,0.09090909090909091,50,0.22,0.8181818181818181
LMU_vs_Dunn,high,linear_svm,FT-145,10,0.11516941684230635,0.11516941684230635,1.0,50,0.2,1.0
LMU_vs_Dunn,high,linear_svm,FT-172,9,-0.016085852169527338,0.02166609479188191,0.2222222222222222,50,0.18,0.5555555555555556
LMU_vs_Dunn,high,linear_svm,FT-217,8,0.04522349858553089,0.04522349858553089,1.0,50,0.16,1.0
LMU_vs_Dunn,high,linear_svm,FT-155,7,-0.06240171255258231,0.06240171255258231,0.0,50,0.14,1.0
LMU_vs_Dunn,high,linear_svm,FT-005,6,0.10089766475511637,0.10089766475511637,1.0,50,0.12,1.0
LMU_vs_Dunn,high,linear_svm,FT-200,5,-0.06852463945045352,0.06852463945045352,0.0,50,0.1,1.0
LMU_vs_Dunn,high,linear_svm,FT-006,3,0.09440537865906833,0.09440537865906833,1.0,50,0.06,1.0
LMU_vs_Dunn,high,linear_svm,FT-156,2,-0.1153022963958224,0.1153022963958224,0.0,50,0.04,1.0
LMU_vs_Dunn,high,linear_svm,FT-146,1,-0.10436956951419085,0.10436956951419085,0.0,50,0.02,1.0
LMU_vs_Dunn,high,linear_svm,FT-225,1,-0.0910833502744349,0.0910833502744349,0.0,50,0.02,1.0
LMU_vs_Dunn,high,linear_svm,FT-004,1,0.06924664214255781,0.06924664214255781,1.0,50,0.02,1.0
LMU_vs_Dunn,high,logreg_l1,FT-046,50,-1.5698869114873986,1.5698869114873986,0.0,50,1.0,1.0
LMU_vs_Dunn,high,logreg_l1,FT-043,50,-0.880493793842405,0.880493793842405,0.0,50,1.0,1.0
LMU_vs_Dunn,high,logreg_l1,FT-050,50,-0.7637255415129962,0.7637255415129962,0.0,50,1.0,1.0
LMU_vs_Dunn,high,logreg_l1,FT-115,50,0.4261564536436226,0.4261564536436226,1.0,50,1.0,1.0
LMU_vs_Dunn,high,logreg_l1,FT-133,50,0.16451142021285306,0.16451142021285306,0.8,50,1.0,0.6000000000000001
LMU_vs_Dunn,high,logreg_l1,FT-238,50,0.09915672930269659,0.09915672930269659,0.74,50,1.0,0.48
LMU_vs_Dunn,high,logreg_l1,FT-051,50,0.0,0.0,0.0,50,1.0,1.0
LMU_vs_Dunn,high,logreg_l1,FT-056,50,0.0,0.0,0.0,50,1.0,1.0
LMU_vs_Dunn,high,logreg_l1,FT-076,50,0.0,0.0,0.0,50,1.0,1.0
LMU_vs_Dunn,high,logreg_l1,FT-102,50,0.0,0.0,0.0,50,1.0,1.0
LMU_vs_Dunn,high,logreg_l1,FT-105,49,0.0,0.0,0.0,50,0.98,1.0
LMU_vs_Dunn,high,logreg_l1,FT-040,48,0.0,0.0,0.0,50,0.96,1.0
LMU_vs_Dunn,high,logreg_l1,FT-101,48,0.0,0.0,0.0,50,0.96,1.0
LMU_vs_Dunn,high,logreg_l1,FT-233,47,0.0,0.0,0.0,50,0.94,1.0
LMU_vs_Dunn,high,logreg_l1,FT-158,45,0.0,0.0,0.0,50,0.9,1.0
LMU_vs_Dunn,high,logreg_l1,FT-168,42,0.0,0.0,0.0,50,0.84,1.0
LMU_vs_Dunn,high,logreg_l1,FT-028,39,0.0,0.0,0.0,50,0.78,1.0
LMU_vs_Dunn,high,logreg_l1,FT-089,37,0.0,0.0,0.0,50,0.74,1.0
LMU_vs_Dunn,high,logreg_l1,FT-245,33,0.0,0.0,0.0,50,0.66,1.0
LMU_vs_Dunn,high,logreg_l1,FT-161,31,0.0,0.0,0.0,50,0.62,1.0
LMU_vs_Dunn,high,logreg_l1,FT-079,17,0.0,0.0,0.0,50,0.34,1.0
LMU_vs_Dunn,high,logreg_l1,FT-038,11,0.0,0.0,0.0,50,0.22,1.0
LMU_vs_Dunn,high,logreg_l1,FT-145,10,0.0,0.0,0.0,50,0.2,1.0
LMU_vs_Dunn,high,logreg_l1,FT-172,9,0.0,0.0,0.0,50,0.18,1.0
LMU_vs_Dunn,high,logreg_l1,FT-217,8,0.0,0.0,0.0,50,0.16,1.0
LMU_vs_Dunn,high,logreg_l1,FT-155,7,0.0,0.0,0.0,50,0.14,1.0
LMU_vs_Dunn,high,logreg_l1,FT-005,6,0.0,0.0,0.0,50,0.12,1.0
LMU_vs_Dunn,high,logreg_l1,FT-200,5,0.0,0.0,0.0,50,0.1,1.0
LMU_vs_Dunn,high,logreg_l1,FT-006,3,0.0,0.0,0.0,50,0.06,1.0
LMU_vs_Dunn,high,logreg_l1,FT-156,2,0.0,0.0,0.0,50,0.04,1.0
LMU_vs_Dunn,high,logreg_l1,FT-004,1,0.0,0.0,0.0,50,0.02,1.0
LMU_vs_Dunn,high,logreg_l1,FT-146,1,0.0,0.0,0.0,50,0.02,1.0
LMU_vs_Dunn,high,logreg_l1,FT-225,1,0.0,0.0,0.0,50,0.02,1.0
LMU_vs_Dunn,main,linear_svm,FT-152,50,0.11215152870140864,0.11215152870140864,1.0,50,1.0,1.0
LMU_vs_Dunn,main,linear_svm,FT-123,50,0.10181190818332572,0.10181190818332572,1.0,50,1.0,1.0
LMU_vs_Dunn,main,linear_svm,FT-127,50,0.095754399413045,0.095754399413045,1.0,50,1.0,1.0
LMU_vs_Dunn,main,linear_svm,FT-221,50,-0.09112583583250877,0.09112583583250877,0.0,50,1.0,1.0
LMU_vs_Dunn,main,linear_svm,FT-046,50,-0.08790380360924246,0.08790380360924246,0.0,50,1.0,1.0
LMU_vs_Dunn,main,linear_svm,FT-193,50,-0.08187453263246908,0.08187453263246908,0.0,50,1.0,1.0
LMU_vs_Dunn,main,linear_svm,FT-043,50,-0.07952571201367668,0.07952571201367668,0.0,50,1.0,1.0
LMU_vs_Dunn,main,linear_svm,FT-050,50,-0.07845638718604643,0.07845638718604643,0.0,50,1.0,1.0
LMU_vs_Dunn,main,linear_svm,FT-045,50,-0.06837191984883811,0.06837191984883811,0.0,50,1.0,1.0
LMU_vs_Dunn,main,linear_svm,FT-052,50,-0.066290695724086,0.066290695724086,0.0,50,1.0,1.0
LMU_vs_Dunn,main,linear_svm,FT-067,50,-0.05932933297702448,0.05932933297702448,0.0,50,1.0,1.0
LMU_vs_Dunn,main,linear_svm,FT-032,50,-0.053798345671973544,0.053798345671973544,0.0,50,1.0,1.0
LMU_vs_Dunn,main,linear_svm,FT-114,50,-0.04332356772093606,0.04332356772093606,0.0,50,1.0,1.0
LMU_vs_Dunn,main,linear_svm,FT-070,50,-0.0337941652227908,0.0337941652227908,0.0,50,1.0,1.0
LMU_vs_Dunn,main,linear_svm,FT-064,47,-0.04895721812920542,0.04895721812920542,0.0,50,0.94,1.0
LMU_vs_Dunn,main,linear_svm,FT-065,43,0.18633312971453608,0.18633312971453608,1.0,50,0.86,1.0
LMU_vs_Dunn,main,linear_svm,FT-036,40,-0.056706048639416876,0.056706048639416876,0.0,50,0.8,1.0
LMU_vs_Dunn,main,linear_svm,FT-035,37,-0.038684270097570826,0.038684270097570826,0.0,50,0.74,1.0
LMU_vs_Dunn,main,linear_svm,FT-133,21,0.09432625355881095,0.09432625355881095,1.0,50,0.42,1.0
LMU_vs_Dunn,main,linear_svm,FT-030,19,-0.06178531177215815,0.06178531177215815,0.0,50,0.38,1.0
LMU_vs_Dunn,main,linear_svm,FT-250,17,-0.07267316202669107,0.07267316202669107,0.0,50,0.34,1.0
LMU_vs_Dunn,main,linear_svm,FT-071,13,0.13350931016886075,0.13350931016886075,1.0,50,0.26,1.0
LMU_vs_Dunn,main,linear_svm,FT-068,13,0.11182663923394702,0.11182663923394702,1.0,50,0.26,1.0
LMU_vs_Dunn,main,linear_svm,FT-232,11,-0.06514315248590036,0.06514315248590036,0.0,50,0.22,1.0
LMU_vs_Dunn,main,linear_svm,FT-044,10,-0.04985559718011219,0.04985559718011219,0.0,50,0.2,1.0
LMU_vs_Dunn,main,linear_svm,FT-033,9,-0.06271841338230148,0.06271841338230148,0.0,50,0.18,1.0
LMU_vs_Dunn,main,linear_svm,FT-031,5,-0.058474755011360645,0.058474755011360645,0.0,50,0.1,1.0
LMU_vs_Dunn,main,linear_svm,FT-034,5,-0.048716678232413366,0.048716678232413366,0.0,50,0.1,1.0
LMU_vs_Dunn,main,linear_svm,FT-037,4,-0.08174543826899736,0.08174543826899736,0.0,50,0.08,1.0
LMU_vs_Dunn,main,linear_svm,FT-187,2,-0.041572574681411664,0.041572574681411664,0.0,50,0.04,1.0
LMU_vs_Dunn,main,linear_svm,FT-189,2,-0.016581095005376204,0.016581095005376204,0.0,50,0.04,1.0
LMU_vs_Dunn,main,linear_svm,FT-244,1,0.15802051616403076,0.15802051616403076,1.0,50,0.02,1.0
LMU_vs_Dunn,main,linear_svm,FT-041,1,-0.06825363547247477,0.06825363547247477,0.0,50,0.02,1.0
LMU_vs_Dunn,main,logreg_l1,FT-046,50,-0.9978730909847644,0.9978730909847644,0.0,50,1.0,1.0
LMU_vs_Dunn,main,logreg_l1,FT-221,50,-0.757217682989186,0.757217682989186,0.0,50,1.0,1.0
LMU_vs_Dunn,main,logreg_l1,FT-050,50,-0.5534535496089993,0.5534535496089993,0.0,50,1.0,1.0
LMU_vs_Dunn,main,logreg_l1,FT-123,50,0.41297566482894604,0.41297566482894604,0.88,50,1.0,0.76
LMU_vs_Dunn,main,logreg_l1,FT-127,50,0.18701565217605792,0.18701565217605792,0.64,50,1.0,0.28
LMU_vs_Dunn,main,logreg_l1,FT-152,50,0.17394120632830837,0.17394120632830837,0.54,50,1.0,0.08000000000000007
LMU_vs_Dunn,main,logreg_l1,FT-043,50,-0.07481485297672133,0.07481485297672133,0.0,50,1.0,1.0
LMU_vs_Dunn,main,logreg_l1,FT-067,50,-0.030288825473042902,0.030288825473042902,0.0,50,1.0,1.0
LMU_vs_Dunn,main,logreg_l1,FT-052,50,-0.02212638239836696,0.02212638239836696,0.0,50,1.0,1.0
LMU_vs_Dunn,main,logreg_l1,FT-193,50,-0.012006984093087904,0.012006984093087904,0.0,50,1.0,1.0
LMU_vs_Dunn,main,logreg_l1,FT-114,50,-0.007622886386015151,0.007622886386015151,0.0,50,1.0,1.0
LMU_vs_Dunn,main,logreg_l1,FT-070,50,-0.001598039880664844,0.001598039880664844,0.0,50,1.0,1.0
LMU_vs_Dunn,main,logreg_l1,FT-032,50,0.0,0.0,0.0,50,1.0,1.0
LMU_vs_Dunn,main,logreg_l1,FT-045,50,0.0,0.0,0.0,50,1.0,1.0
LMU_vs_Dunn,main,logreg_l1,FT-064,47,-0.013783039547338739,0.013783039547338739,0.0,50,0.94,1.0
LMU_vs_Dunn,main,logreg_l1,FT-065,43,0.5442597318093965,0.5442597318093965,1.0,50,0.86,1.0
LMU_vs_Dunn,main,logreg_l1,FT-036,40,0.0,0.0,0.0,50,0.8,1.0
LMU_vs_Dunn,main,logreg_l1,FT-035,37,0.0,0.0,0.0,50,0.74,1.0
LMU_vs_Dunn,main,logreg_l1,FT-133,21,0.0,0.0,0.0,50,0.42,1.0
LMU_vs_Dunn,main,logreg_l1,FT-030,19,0.0,0.0,0.0,50,0.38,1.0
LMU_vs_Dunn,main,logreg_l1,FT-250,17,0.0,0.0,0.0,50,0.34,1.0
LMU_vs_Dunn,main,logreg_l1,FT-071,13,0.32895625716145216,0.32895625716145216,1.0,50,0.26,1.0
LMU_vs_Dunn,main,logreg_l1,FT-068,13,0.2411649227820782,0.2411649227820782,0.9230769230769231,50,0.26,0.8461538461538463
LMU_vs_Dunn,main,logreg_l1,FT-232,11,0.0,0.0,0.0,50,0.22,1.0
LMU_vs_Dunn,main,logreg_l1,FT-044,10,0.0,0.0,0.0,50,0.2,1.0
LMU_vs_Dunn,main,logreg_l1,FT-033,9,0.0,0.0,0.0,50,0.18,1.0
LMU_vs_Dunn,main,logreg_l1,FT-031,5,0.0,0.0,0.0,50,0.1,1.0
LMU_vs_Dunn,main,logreg_l1,FT-034,5,0.0,0.0,0.0,50,0.1,1.0
LMU_vs_Dunn,main,logreg_l1,FT-037,4,0.0,0.0,0.0,50,0.08,1.0
LMU_vs_Dunn,main,logreg_l1,FT-187,2,0.0,0.0,0.0,50,0.04,1.0
LMU_vs_Dunn,main,logreg_l1,FT-189,2,0.0,0.0,0.0,50,0.04,1.0
LMU_vs_Dunn,main,logreg_l1,FT-244,1,0.6371734764493511,0.6371734764493511,1.0,50,0.02,1.0
LMU_vs_Dunn,main,logreg_l1,FT-041,1,0.0,0.0,0.0,50,0.02,1.0
LMU_vs_Dunn,representative,linear_svm,FT-046,50,-0.3683647929174327,0.3683647929174327,0.0,50,1.0,1.0
LMU_vs_Dunn,representative,linear_svm,FT-030,50,-0.23107707126086868,0.23107707126086868,0.0,50,1.0,1.0
LMU_vs_Dunn,representative,linear_svm,FT-031,50,-0.2213736152803174,0.2213736152803174,0.0,50,1.0,1.0
LMU_vs_Dunn,representative,linear_svm,FT-076,50,-0.162209152494741,0.162209152494741,0.0,50,1.0,1.0
LMU_vs_Dunn,representative,linear_svm,FT-005,50,0.14025940829076478,0.14025940829076478,1.0,50,1.0,1.0
LMU_vs_Dunn,representative,linear_svm,FT-028,50,-0.13387710326859653,0.13387710326859653,0.0,50,1.0,1.0
LMU_vs_Dunn,representative,linear_svm,FT-101,50,0.13201754739523675,0.13201754739523675,1.0,50,1.0,1.0
LMU_vs_Dunn,representative,linear_svm,FT-135,50,0.08264097768142516,0.08264097768142516,1.0,50,1.0,1.0
LMU_vs_Dunn,representative,linear_svm,FT-102,50,-0.07795772990995928,0.07808539540700388,0.02,50,1.0,0.96
LMU_vs_Dunn,representative,linear_svm,FT-040,50,0.0692834937173328,0.0704502317788386,0.98,50,1.0,0.96
LMU_vs_Dunn,representative,linear_svm,FT-161,50,0.05865812015564517,0.05865812015564517,1.0,50,1.0,1.0
LMU_vs_Dunn,representative,linear_svm,FT-168,50,0.056013918377278135,0.056098090340894025,0.98,50,1.0,0.96
LMU_vs_Dunn,representative,linear_svm,FT-010,50,0.016735341307690273,0.023809492704567017,0.8,50,1.0,0.6000000000000001
LMU_vs_Dunn,representative,linear_svm,FT-082,49,0.018698395269355163,0.03152477031989737,0.6326530612244898,50,0.98,0.26530612244897966
LMU_vs_Dunn,representative,linear_svm,FT-145,47,0.20425801705907895,0.20425801705907895,1.0,50,0.94,1.0
LMU_vs_Dunn,representative,linear_svm,FT-156,46,-0.11572130923040463,0.11572130923040463,0.0,50,0.92,1.0
LMU_vs_Dunn,representative,linear_svm,FT-184,45,0.07251770129298063,0.07441800061551387,0.9333333333333333,50,0.9,0.8666666666666667
LMU_vs_Dunn,representative,linear_svm,FT-096,41,0.045261172762032294,0.04969411238925737,0.8536585365853658,50,0.82,0.7073170731707317
LMU_vs_Dunn,representative,linear_svm,FT-021,32,0.03781424848425651,0.04170246821215093,0.875,50,0.64,0.75
LMU_vs_Dunn,representative,linear_svm,FT-205,26,-0.039103356131325435,0.05165300729807117,0.15384615384615385,50,0.52,0.6923076923076923
LMU_vs_Dunn,representative,linear_svm,FT-015,20,-0.07545617399778697,0.07545617399778697,0.0,50,0.4,1.0
LMU_vs_Dunn,representative,linear_svm,FT-023,18,0.04781558950059153,0.05092277972239478,0.9444444444444444,50,0.36,0.8888888888888888
LMU_vs_Dunn,representative,linear_svm,FT-243,14,-0.03170301237887058,0.03460484899562996,0.14285714285714285,50,0.28,0.7142857142857143
LMU_vs_Dunn,representative,linear_svm,FT-186,6,0.029305852996231337,0.04691986452067742,0.6666666666666666,50,0.12,0.33333333333333326
LMU_vs_Dunn,representative,linear_svm,FT-179,5,0.0949117484367709,0.0949117484367709,1.0,50,0.1,1.0
LMU_vs_Dunn,representative,linear_svm,FT-174,1,0.010862512397234673,0.010862512397234673,1.0,50,0.02,1.0
LMU_vs_Dunn,representative,logreg_l1,FT-046,50,-3.8624249798117294,3.8624249798117294,0.0,50,1.0,1.0
LMU_vs_Dunn,representative,logreg_l1,FT-028,50,-0.06451729508736698,0.06451729508736698,0.0,50,1.0,1.0
LMU_vs_Dunn,representative,logreg_l1,FT-101,50,0.0038966624750397076,0.0038966624750397076,0.06,50,1.0,0.88
LMU_vs_Dunn,representative,logreg_l1,FT-135,50,0.0012888322915360635,0.0012888322915360635,0.04,50,1.0,0.92
LMU_vs_Dunn,representative,logreg_l1,FT-030,50,-0.001210580179016552,0.001210580179016552,0.0,50,1.0,1.0
LMU_vs_Dunn,representative,logreg_l1,FT-005,50,0.0,0.0,0.0,50,1.0,1.0
LMU_vs_Dunn,representative,logreg_l1,FT-010,50,0.0,0.0,0.0,50,1.0,1.0
LMU_vs_Dunn,representative,logreg_l1,FT-031,50,0.0,0.0,0.0,50,1.0,1.0
LMU_vs_Dunn,representative,logreg_l1,FT-040,50,0.0,0.0,0.0,50,1.0,1.0
LMU_vs_Dunn,representative,logreg_l1,FT-076,50,0.0,0.0,0.0,50,1.0,1.0
LMU_vs_Dunn,representative,logreg_l1,FT-102,50,0.0,0.0,0.0,50,1.0,1.0
LMU_vs_Dunn,representative,logreg_l1,FT-161,50,0.0,0.0,0.0,50,1.0,1.0
LMU_vs_Dunn,representative,logreg_l1,FT-168,50,0.0,0.0,0.0,50,1.0,1.0
LMU_vs_Dunn,representative,logreg_l1,FT-082,49,0.0,0.0,0.0,50,0.98,1.0
LMU_vs_Dunn,representative,logreg_l1,FT-145,47,0.0,0.0,0.0,50,0.94,1.0
LMU_vs_Dunn,representative,logreg_l1,FT-156,46,-0.00034388413329749406,0.00034388413329749406,0.0,50,0.92,1.0
LMU_vs_Dunn,representative,logreg_l1,FT-184,45,0.0,0.0,0.0,50,0.9,1.0
LMU_vs_Dunn,representative,logreg_l1,FT-096,41,0.0002646395378378905,0.0002646395378378905,0.024390243902439025,50,0.82,0.9512195121951219
LMU_vs_Dunn,representative,logreg_l1,FT-021,32,0.0,0.0,0.0,50,0.64,1.0
LMU_vs_Dunn,representative,logreg_l1,FT-205,26,0.0,0.0,0.0,50,0.52,1.0
LMU_vs_Dunn,representative,logreg_l1,FT-015,20,0.0,0.0,0.0,50,0.4,1.0
LMU_vs_Dunn,representative,logreg_l1,FT-023,18,0.0,0.0,0.0,50,0.36,1.0
LMU_vs_Dunn,representative,logreg_l1,FT-243,14,0.0,0.0,0.0,50,0.28,1.0
LMU_vs_Dunn,representative,logreg_l1,FT-186,6,0.0,0.0,0.0,50,0.12,1.0
LMU_vs_Dunn,representative,logreg_l1,FT-179,5,0.0,0.0,0.0,50,0.1,1.0
LMU_vs_Dunn,representative,logreg_l1,FT-174,1,0.0,0.0,0.0,50,0.02,1.0
