sample,FT-145,FT-015,FT-174,FT-188,FT-028,FT-156,FT-217,FT-146,FT-172,FT-089,FT-079,FT-002,FT-006,FT-005,FT-051,FT-004,FT-168,FT-040,FT-245,FT-243,FT-238,FT-110,FT-202,FT-060,FT-069,FT-095,FT-225,FT-066,FT-159,FT-206,FT-043,FT-038,FT-115,FT-158,FT-046,FT-161,FT-063,FT-101,FT-200,FT-105,FT-155,FT-072,FT-186,FT-076,FT-056,FT-133,FT-203,FT-023,FT-050,FT-018,FT-078,FT-178,FT-102,FT-233
20241106-297-Dunn-20,6.810106390108115,7.653717018303723,2.4262624412993756,4.574392568053816,6.4759179282443675,7.603356938039292,4.858435956039329,5.6793380032966665,1.024751521120526,7.563371487399018,4.583367012887363,7.235772402952553,9.493292134713062,10.272891478336533,4.832890033387291,8.409775158255306,8.290938529608919,6.752964001964133,4.503842542096032,5.114522744263387,3.877522199077239,7.975195156394533,5.135725385339904,6.029284292747525,6.777331952463174,7.812007075295509,4.037119750898296,7.179683897765433,7.051214908675,4.863432924292021,8.116778174276439,6.2007676621011125,4.923219172738459,6.766817264560977,8.687805831893783,7.562707608339587,7.217644215444789,10.614222916987853,4.857986349881285,10.639440299068438,6.88784143572727,5.053565811676006,4.484720444281477,10.014351648315275,8.018782506086822,7.148779967936773,7.380419827574885,7.407604214815727,8.655113265611462,7.843162835755752,6.681752206647666,7.1169111904272695,6.402834509588422,6.861897694861788
20241106-297-Dunn-17,6.673124135191756,7.606792607443998,0.0,4.3873431281511674,6.55327935778069,7.598583081886501,4.30372387075968,5.536728489202618,6.058344205679469,7.668890186680345,4.606297374219918,7.56337832481267,9.801281416004086,10.51208802397526,4.875249507954058,8.735817389915788,8.234572074880488,6.599588062692,4.129419537813512,5.166451826979782,3.7520207566289336,8.006776565547346,4.735813282891125,5.865810287249469,6.746231610586857,7.879243990176726,3.962823106076704,7.164993446121547,7.062061734696559,4.877955285219604,8.095164756070657,6.057931096723597,4.6084820378173355,6.67230149710097,8.71117266473834,7.577854192428708,7.114755124873539,10.701351957041238,4.596800283536477,10.632748432513747,7.015952001879656,4.836203970812881,3.870298759240546,9.967688295780322,7.8906362394150635,6.996117830333825,7.288534358926069,7.347794007082161,8.608395437689003,7.772160873845897,6.5194543211259415,7.167856012482421,6.3555742362917815,6.813778583723181
20241106-297-Dunn-7,6.674943033507285,7.679243262009866,5.565184517275167,3.8354536133067767,6.596215914164666,7.610348695303849,4.642086664003036,5.582989437853798,1.897992714987968,7.6549578371148295,4.318297238371753,7.345709409690311,9.675688048211697,10.422796833550342,4.854205790056495,8.63129463114847,8.206413750788082,6.752257493868389,3.9843606137221887,4.96798764804446,3.875237811066781,8.056120320317739,4.771212437463909,5.949715749610074,6.7705458174107935,7.871966481484138,3.9134488284326725,7.220257552655284,7.102205013617903,4.872963202339208,8.20218716742056,6.150132383656794,4.727795617169069,6.719868986832168,8.715414048642547,7.568935757103784,7.161272913544417,10.645267990284012,4.678751168355823,10.570585343766217,6.880407554975829,4.841841511369234,4.390443306788245,9.971226485905076,7.901079921936399,7.089722494758117,7.320192013647866,7.474564067351715,8.729966962771762,7.9222106533630114,6.542473212483895,7.310803335308644,6.272658890840427,6.880016577547458
20241106-297-Dunn-1,6.7069830116083375,7.678680831575097,0.0,4.655715075180449,6.525038084260453,7.6221008928536325,4.7354985174213535,5.542846267912584,3.345603322036519,7.594652703751961,4.390876558499456,7.249888978763775,9.54659584509917,10.290785038694185,4.8763216818311585,8.506168166196641,8.16255197825794,6.8300109764310015,4.135318943527849,4.746087158467167,3.8483732827486765,8.058554574381418,4.975969864973083,5.893103991989388,6.8326872213099055,7.846217803094282,4.540550880075762,7.20014949574555,7.07017300310922,5.179846844019277,8.153525111052318,6.292301076786901,4.6541210634564,6.602258230908607,8.724143438559002,7.542720724117516,7.146756315227636,10.644289653150066,4.855973468236926,10.580372838654545,6.868825713607419,4.9599376123590195,4.388450483976533,10.020128804253359,7.9749604305172985,6.956294098471803,7.314912335775626,7.392113139854295,8.710252063153577,7.8646886670858525,6.652240234708334,7.319470981287684,6.45073430104743,6.789664070017551
20241106-297-Dunn-21,6.769528368269454,7.695664211880328,2.963022279027562,4.482772760856222,6.3827650611653075,7.594806300780936,4.672534308159678,5.652291374874965,6.13611008088417,7.493602372690416,4.256618385474309,7.103625477193931,9.481938979746708,10.186297440465045,5.026986424999661,8.43995099651311,8.22116819452977,6.880356450437504,4.2379153638082965,5.15993432581549,4.237913102653806,8.052944458706651,5.164758198831045,6.081069250341867,6.831872429154957,7.888677808136403,4.25102381699391,7.2544518434889245,6.969935109511998,5.101810280920141,8.263274945708607,6.295210043608326,4.748622469784405,6.770313680902775,8.805591443288524,7.527648624041742,7.175557954841888,10.602524600326024,5.0883681999735675,10.548663383135265,6.848505421694635,5.022594142569083,4.227209530607488,10.057608832638268,8.001915219820779,7.126608266000033,7.422765882690115,7.396543324211252,8.757601805596915,7.804685170927479,6.629852718799821,7.344012430562409,6.448364065910855,6.955155861088285
20241106-297-Dunn-5,6.72276058575471,7.559385770067988,2.0511463443297253,4.209537220587011,6.4547753102463465,7.570682046312178,4.575461212899308,5.132154743357453,2.648523711464636,7.625808443385916,4.2166530050848925,7.2566607229289275,9.580250122736913,10.331891301357485,4.587760747320207,8.515376428283156,8.317522602989909,6.730081142859263,4.538814304814055,5.158031526543579,3.9979449391468593,7.983790409336086,5.06754974693096,5.84282526843329,6.700364146506615,7.851766751743879,3.836177121753921,7.134126156135132,6.978150834760014,4.994343806089555,8.143812670817633,6.245442765494354,4.493029344078508,6.85010131393884,8.741553724430917,7.603026890743492,7.152667185737873,10.655590321391774,4.472232329138774,10.675992264609704,7.03274037331413,4.736557768772748,4.284662947091136,10.043300956718697,7.896845352469559,7.0820519902236105,7.526705065116907,7.325479291147649,8.717310095308438,7.782652272737575,6.469953347341744,7.0130988687586555,6.2248559494080045,6.803827768198293
20241106-297-Dunn-4,6.755333760350784,7.621937165494196,1.5936383999355324,4.44416989198933,6.429622949484551,7.528865466803505,4.836505318175027,5.574350695305456,3.235280078631485,7.569362093824498,4.582811505281048,7.463369677972394,9.693296916820449,10.480114374157214,5.0425309685839075,8.667597029848496,8.245598454681458,6.80870352485363,4.346433156725152,5.082742090600766,3.9248023136212677,8.051368861810898,4.912101753952195,5.963104455402632,6.8444695779364,7.914121239805635,4.516360082453949,7.236096270051302,6.96089337900055,5.122561795662731,8.222033162408321,6.364749932656711,4.943717921794777,6.70517705031821,8.802832514228761,7.502891895564461,7.227588290817142,10.631623395055291,4.690353170964281,10.516158835761935,6.8232891035948064,5.030017681324902,4.280039156697239,10.040898877698183,7.912447680742947,6.966970298236206,7.388802002147422,7.38277345828186,8.733941045346238,7.785219020495586,6.727186378289514,7.294517953558179,6.458744452928713,6.860733639252965
20241106-297-Dunn-23,6.6699790764286035,7.617715762089068,1.6723843660785862,4.700749229989859,6.554381215213365,7.599482307446174,4.886884790507707,5.556407412622687,6.182522303558564,7.6060155435995425,4.354757302300112,7.324289454017727,9.647605280719546,10.34028153542911,4.6723227177121975,8.618108486198459,8.244284635679861,6.760914292083996,4.190396546712673,5.289839602062631,4.150860444841116,8.06344768591626,5.06874302380266,6.070414839815245,6.863052052364028,7.905539193336017,4.266537405953476,7.260637267004695,6.952208823377999,5.311532474114841,8.231794799802893,6.1959897600453235,5.15801103651266,6.767343698593727,8.81451645711953,7.602928442972612,7.1658822698564375,10.66550461017562,4.889373962050306,10.580248568907,6.848081223010347,4.677779725535374,4.493095158065053,9.994304847140864,7.911066273194016,6.927813229706777,7.377430715769845,7.418936647097184,8.76439856538579,7.822519229146353,6.675371881768325,7.345390810819267,6.358553955313228,6.945126466591524
20241106-297-Dunn-11,6.696872258056018,7.6009387374450705,3.0119809978522856,4.79026594135708,6.464499510170918,7.588857685034609,4.682144376630343,5.564641230664156,2.906534326098364,7.657161441196226,3.7618808665195127,7.044003932568787,9.344647263988177,10.110731063988815,4.580998218381356,8.30427411504456,8.298936789038947,6.85488947799013,4.098863762220864,5.139996397555431,4.301320419886825,8.052773412719835,4.699046188436744,5.939718081470912,6.834201172392681,7.952893045379358,3.5792207259597637,7.258700158263723,6.884602312164334,5.170256837209755,8.282863383988833,6.376298981352143,4.976742354991446,6.730266522920671,8.855826712938017,7.583067117565001,7.222374811435145,10.70388367649669,4.593054302001128,10.623526603109132,6.836322043708611,4.816046629785471,4.242520704908185,10.040275489529614,7.97051278147986,6.946861047990819,7.4129009253013995,7.4434842328659,8.785918617228157,7.815903805229542,6.666695900582707,7.267573085746471,6.287039850274842,6.803522212325046
20241106-297-Dunn-26,6.659178415337315,7.592228911008514,0.0,4.815887753406619,6.385923316484166,7.595570497679781,4.516136009749004,5.540776737091366,5.908289947119011,7.517810982840137,4.186538181574223,7.271424831667741,9.612681167073637,10.333903692386075,4.821888201524434,8.56433801820539,8.269467630369187,6.880419456713971,4.463824194504718,5.107970429499551,3.8365315388817818,8.072337851424738,4.782073307445242,6.193900627360368,6.8741319288926,7.922530654774538,4.407561420301324,7.303690118629402,7.022562152601821,4.898317451129216,8.191807120854207,6.1581911058932155,4.822213548805121,6.74240898366312,8.799251590911398,7.6406186998705925,7.146543948301479,10.678051785117,4.756425932363688,10.59758635242486,6.867549344595874,4.877563028084073,4.374199404075442,10.004462638989587,7.926699968874415,7.031648392203043,7.324301069687625,7.361730381969409,8.777191132078881,7.846902694448409,6.681071360352475,7.210573872696083,6.431284486576366,6.946104497763934
20241106-297-Dunn-19,6.7338380629697605,7.599247102445972,0.0,4.449789756317312,6.4224035134123465,7.610841897428491,5.06847612171153,5.614053049507244,2.4885584247431187,7.570686209971961,4.352323803227624,7.211831297712817,9.482130765412386,10.262699576429242,4.853029587861575,8.412838524561012,8.245499098477408,6.755949430482775,4.767900055537586,5.364761509300131,4.014005608802467,8.12060032427409,4.982220885797281,6.052469379638836,6.818903001744732,7.882893263617899,4.433261446803844,7.259506231187538,6.888564484491838,5.011029242923019,8.202255003413272,6.205752114338969,4.974261285416911,6.714200404303153,8.770984513024604,7.580520360970146,7.265682343739996,10.62299773243599,4.878863880530276,10.62781081540349,6.801619258536971,4.974469145004425,4.329745411102747,10.057277776916036,8.055271869348566,7.065688189098557,7.542289792322806,7.278127178614941,8.720382305795702,7.695778859492639,6.687261932491665,7.1871704243491195,6.402457820671768,6.9289740946378275
20241106-297-Dunn-12,6.619018900279527,7.758483933174255,0.0,4.578245706658833,6.519501656704713,7.570998031919393,4.854475016984853,5.605979812744259,0.0,7.521769928953361,4.708103657760747,7.099801866509396,9.40928658624642,10.243543411330936,5.201424413479967,8.40444446855208,8.28558340762022,6.826918725109568,4.620134048807092,5.092338255752175,3.9897183672879537,7.993116408781584,4.487583075371935,5.762482035825575,6.788420498203047,7.905655493799912,3.9494604626001313,7.228840315760925,6.874705331599583,4.882763696900381,8.245282031777958,8.02640495643974,4.670970324354369,6.864716853719168,8.78308716142331,7.5798596554047535,7.142703448616597,10.65707605646962,4.576911605374616,10.571318646545082,6.916717959434068,4.750424055485414,4.332920767159364,9.999806509246836,7.898447861899558,6.8600805020112325,7.374766065659478,7.44183287619615,8.775170264063819,7.910108040388542,6.635920540410092,7.290664735573526,6.27214746803248,6.897154559094685
20241106-297-Dunn-8,6.659944396335561,7.660558380518872,2.555982120372445,7.445824880968771,6.531388617972809,7.564174591382516,4.722940723321086,5.565079263027083,1.449895882912383,7.680744004960934,4.395392916855049,7.247301422793022,9.546243647029318,10.2880621892779,4.933303890319745,8.471948929984617,8.214005947236204,6.674173900797833,4.4569254311759945,5.319595563801134,3.941289432043789,8.044119665965875,4.842398664583888,6.145853677999423,6.737579726563936,7.9383097250011625,4.078682299904327,7.232727354432049,6.7723603403381984,5.138392980157847,8.184218734557696,6.098051928791904,4.6752135757452065,6.7552635892444,8.748258246960422,7.625596665683479,7.164424624895778,10.738289341698302,4.508232858057693,10.648291678907768,6.765478247328446,5.072207668661329,4.478070994866384,10.01601593298535,7.865936342093184,6.865776660833709,7.376226426609762,7.321815956350198,8.67924210904801,7.7238659201154585,6.54631459854175,7.154108003111394,6.41285760563447,6.8566363781873
20241106-297-Dunn-25,6.577758311907669,7.57219484168432,0.0,4.598177873451928,6.5335308189965815,7.569279863764131,4.636160117911615,5.44012196956117,1.739895213006279,7.534430332493722,4.335747408439728,7.277699828774837,9.578403297755452,10.306712250837332,4.941728185448353,8.537520703603377,8.323339253270355,6.7107831703797425,4.639524448588205,5.160499462543616,4.122435070939776,8.054517881985767,5.150117516137886,6.0099606579852844,6.861329039501187,7.84028214484884,4.30891606573998,7.261144472852255,7.026815789456345,5.210892789361068,8.202054197420487,6.323505631630155,4.811559373329965,6.93159718280765,8.780421462807318,7.773479311103275,7.186153687391451,10.66552336588757,4.797641611420668,10.585124219121008,6.979739119989441,5.0743479401067795,4.406523805474301,9.982426344047537,7.875131114192036,6.890214709569977,7.4108383080099145,7.506454488382873,8.730287368416244,7.952739268890086,6.715744189032944,7.1800639985371575,6.424896559422064,6.884249185981715
20241106-297-Dunn-24,6.690291973939634,7.608764754831866,1.9679197847036198,4.600437862114837,6.474363026075162,7.5656327729363095,4.576953113600257,5.550965311478809,0.0,7.54160059952872,4.57691383859781,7.523672159846309,9.866721279282181,10.517749736535404,4.863196662238188,8.74677412616048,8.321169574993307,6.875139106610254,4.736354518513399,5.401535312901655,4.084887155171282,8.05987201162978,5.1346618927675465,6.058130384404462,6.844798736633334,7.925442591578404,4.6303890156674035,7.243903608532216,6.866831250208329,5.263084798866538,8.250208200417125,6.307610499999431,4.7901292833961575,6.835016055073119,8.812207597367427,7.634609753796387,7.172055573335237,10.547628961170867,4.666808704665175,10.543254955748477,6.815378436569438,4.963035322638522,4.361781764661255,9.998667052493229,7.898862341927891,6.947798588769783,7.552721356093262,7.418963130144562,8.752059574601303,7.885015622341265,6.677925798599028,7.214857221281015,6.400851689170135,6.878069388159071
20241106-297-Dunn-2,6.516805696141126,7.887444310667081,2.607679089351332,4.801899322131787,6.67959136949995,7.463187050942842,4.471428256221276,5.254954198351743,3.2667092966940063,7.644964352961788,4.308875140222121,6.869443785062786,9.17154407003204,9.932162923074243,4.850850660480859,8.092980735663373,8.23779158597725,6.9814308040228354,4.083883273637173,5.222517245853595,3.7707048017918914,7.968652750175368,5.0214207935489545,5.973619098913214,6.694775398307776,7.832841023846107,4.296932397183762,7.087572827632171,6.695527232582073,5.179517995238336,8.250018093980211,6.387983196531648,4.705662037057845,6.762502869485783,8.802361303517996,7.609904903512765,7.063826764605382,10.7026850337013,4.5342973570933065,10.612544630215345,6.892112680145704,4.769484976333848,4.419082913218698,9.98058878746085,7.8191954961839825,6.788999948919981,7.449032743044943,7.617159420284443,8.786871770648368,8.066621121784838,6.525549510469204,7.403459546896295,6.1611981338444854,6.805091118396202
20241106-297-Dunn-9,6.281589787324224,7.3261567488282955,0.0,4.517763182145609,5.968694638164575,7.4068005156908265,4.6148922801764085,4.6231336306001385,0.0,7.622180057986331,4.779128621355663,7.261635193604018,9.57989588351361,10.358192400130257,5.014928042352969,8.541872349483778,8.288898812136283,6.761524445495867,4.921223140146156,5.495802421801997,4.221280822296792,7.966661735430984,5.157406453473832,6.041207561921357,6.888066386680613,7.87657195293853,4.671984179737481,7.233845097315094,6.671229604981525,5.235027282710903,8.216631193961474,6.244668847842489,4.888260053970263,6.881548132428779,8.77397897036087,7.646470399337506,7.16379518664906,10.714161024695388,4.6486384235066085,10.592116160397092,6.878568182968715,4.957847661162305,3.9436661381290214,10.010928289185957,7.852282935758228,6.805442786563567,7.497801522187198,7.3648585914131175,8.708483944912405,7.832795928106151,6.701054063787504,7.233594838792901,6.312861939574787,6.921813864429087
20241106-297-Dunn-14,6.6358898485518045,7.6638111395282245,2.7446889691618823,4.533085689960862,6.522045870919818,7.572004006770644,4.425504674879423,5.402690281005364,2.9583755881115468,7.583732343716521,4.556132568559909,7.447460740428566,9.703380818765018,10.436873532486377,4.860683176689291,8.633322480374176,8.276676159463301,6.661370377670563,4.372922627513143,5.346672013662338,4.466668630597253,8.077644103723735,5.072176866594344,5.938825066804244,6.674812333316683,7.8782845581358085,4.275083555312153,7.234733817514312,6.669204797728805,5.095272417785598,8.1221714512452,6.2443274382921,4.608958470322635,6.835489096288096,8.786368896867934,7.725811150182255,7.242180905056713,10.683396029045305,4.272050459852553,10.605959453607639,6.782667360638559,4.920840987720317,4.4139232228575755,9.984733255791276,7.864567814092485,6.786337810141109,7.528351663430645,7.457739816821095,8.773271838003717,7.958383049610205,6.608787571267591,7.240426599475984,6.3231874757652955,6.861877373972862
20241106-297-Dunn-6,6.656197853579915,7.645601166783793,1.9885802142453632,4.515469339649652,6.617096376800884,7.509267599809266,4.558700715187868,5.47090137103891,1.0103945780897745,7.570261308351731,4.071185937748029,7.291108462959944,9.558011517183532,10.30839717873163,4.7862997111980015,8.503551591426993,8.231422345173373,6.938615926061765,4.68025438332081,5.339495154996005,3.4500596362455656,8.121742874105088,4.987521657159799,6.0495024760136,6.794676157734196,7.86936872169583,4.383692910777913,7.148154690495763,6.6048589134545725,5.225779866731173,8.188617109429545,6.223473789935794,4.6980498538223205,6.780679153500317,8.766991597685516,7.647623412639152,7.190653461866046,10.722611967088447,4.25100602298442,10.624869231318081,6.7429821321964445,4.7266474529296945,4.106246259416521,9.985464579091548,7.909336337396365,6.765545086055041,7.523265306301531,7.372622653164673,8.736168784841825,7.8400477892706535,6.680179166222341,7.206950978450598,6.331512641001372,6.872688356293684
20241106-297-Dunn-15,6.5995394612882965,7.649499725155122,1.1437006176587832,4.4482591993553955,6.565938669081448,7.522569835117932,4.6130650843525185,5.499297535711656,3.1678538599795263,7.505507443747715,4.3576271507836015,7.222852157631542,9.535862334098654,10.334658455339921,4.913449740538779,8.481861447001023,8.352338943101232,6.780401075448025,4.785614706411244,5.454953764398637,4.073329940227907,8.085509256666459,5.200850364873848,6.057084134060859,6.811886553834408,7.938102200598853,4.289110270909203,7.23871838723258,6.773225044319189,5.273926239039766,8.221491154895412,6.191896669345179,4.837231084056755,6.89374996192158,8.782655178357547,7.720366580452276,7.237735230476272,10.672330163504919,4.437082166774495,10.587544426971556,6.830515861695799,4.9781021583709375,4.204394172612473,10.013439566344045,7.892339449058012,6.846542696586443,7.530181198387716,7.425918429667132,8.732317402390912,7.848199587435854,6.6361330729843,7.269376960324535,6.3354753675007345,6.94405536340423
20241106-297-Dunn-10,6.886641809230594,7.681341946706533,2.2053519390860994,4.759731436959218,6.666968144704746,7.622667708728176,4.5733207837598515,5.457626412011993,0.0,7.669938073779538,4.819896312985103,5.930527414122044,8.2836047271065,9.083304985598984,5.010800903328564,7.093563626473282,8.26833111394755,6.782997804148822,4.667420241469213,5.413583392471226,3.737256763734653,8.071782813230739,5.352602209712629,6.213231728196166,6.812581045620375,7.817312393580102,4.610079279085553,7.2585790556277185,6.772324903413796,5.32797453964584,8.19129156263271,6.220554143772811,4.692041534632594,6.917261807274338,8.845517674832376,7.749189580072806,7.173363706555059,10.782008297913894,4.310629945126195,10.698793451433371,6.747594630362903,4.835335311765447,4.300272365719879,10.131248780573207,7.981152646551364,6.965141899689456,7.693791312716735,7.467848416030952,8.734973211792388,7.865600758176334,6.604309512465544,7.261978102314107,6.488361985280432,6.895355870465693
20241106-297-Dunn-3,6.724735741922078,7.5680149958861085,0.0,4.498536098426965,6.307717241916422,7.557378252898058,4.449673712925922,5.5811822363901085,2.9405567925650558,7.505325088227972,4.4696152455043885,7.191727060573477,9.501690295059825,10.235801396811127,5.016039445428618,8.437871511558994,8.334418989786405,6.7961221928214925,4.724828501326155,5.387700548490201,4.135168661845158,8.00332471979574,5.381850621751923,5.87070366885682,6.922342699523861,7.871875632546914,4.812545141762318,7.2143026433043325,6.633094625366589,5.389152810685121,8.171400811317447,6.200274375102102,4.812718455967558,6.9468806251261865,8.731788676360743,7.743844824139548,7.195885863348591,10.6124345589581,4.686784396179889,10.63744816164059,6.83373700437157,5.062049638065238,4.350820669689682,10.067389534022768,7.994574456704984,6.968139924786938,7.795171594800231,7.386010899384746,8.708223403755396,7.835406380120562,6.672120077295108,7.153226740394663,6.401373002820288,6.841277548330808
20241106-297-Dunn-16,6.765413901044774,7.576092669486779,3.1629923453686235,4.498528613086766,6.330786214333817,7.537867549253197,4.6192715228175505,5.545993613325396,5.882984885283192,7.508513175350548,4.660897827825345,6.764957266606313,9.05968545480235,9.84251176346094,5.007687170521022,8.028275466275982,8.50874678551642,6.842174115241698,4.705365631958469,5.390309447831119,4.12676305933978,8.099900163176706,5.435478155801969,6.064566710585145,6.7538454943692745,7.8354395004744735,4.61749800499508,7.197797431395688,6.932234664687809,5.389480802850497,8.200952856408222,6.345000519093839,4.79030304226936,7.193948253083935,8.832690435746173,8.019150754020584,7.229034988150921,10.605590610570914,4.642903746554587,10.604559924360505,6.859313013969919,4.954096632827117,4.309793533933426,10.059872879261459,8.048780170021884,6.856333675555202,7.766742439307688,7.652106545327381,8.709013581618471,8.06271858326174,6.6553047033427495,7.112988389692026,6.468102567592215,6.914982380902064
20241106-297-Dunn-22,6.84430533523928,7.512232532320147,0.0,4.485057148227025,5.9454710762606,7.552881952830859,4.5760261777463205,5.476257088942294,2.7813235573794244,7.482243198408472,4.534846034297202,7.125387917721901,9.42789520492897,10.197626797098792,4.979431883609939,8.36347960997566,8.373263841761537,6.856398799750769,4.599320907193223,5.364994144708648,4.361124320694691,8.096975391490904,5.341916144584037,6.056865823370351,6.798358138727631,7.792597265098173,4.040702414891922,7.323410121460561,6.621384779021171,5.373586780117188,8.197650320700903,6.263353257787909,4.87531176302844,6.894594987654987,8.795027208689257,7.748111125097422,7.208946268280941,10.61014041100663,4.4572009656528095,10.642035553809661,6.821632422673748,5.084473084540285,4.562590451641938,10.070963929055921,8.017370656715185,6.8898771714236755,7.855449520669095,7.3763231954090855,8.724669739783849,7.852280886331621,6.670771691515075,7.258939468006677,6.359812427723893,6.899914649679651
20241106-297-French-2,6.78228349849378,7.34862508177001,4.2252386382528355,4.533605316033052,6.405957072177613,7.6821066787153445,4.39388892342007,5.510744270231705,5.275058272881624,7.612349380473505,4.152174024148628,7.341838881948047,9.643217361826013,10.370024023002498,4.6328510277717925,8.548664433580967,8.291212805301656,6.481021632690123,3.7297190270260785,4.6738649913543595,3.892379516204645,7.874346546253048,5.088388744306539,5.8655422640378525,6.8135752340700595,7.776433621299313,4.265821470830446,7.154390492681993,7.141069403489823,5.145054021569326,8.282398646059232,5.913651466301432,4.495975162571116,6.774381758438119,8.87032744192561,7.60030229990417,7.143829532118083,10.647979327986857,5.270311806858535,10.676845857916465,6.962456351042662,4.860151288827196,3.2901636038196003,10.03861581916248,7.8306568633367135,7.104373770034846,7.538654210197249,7.389859567717353,8.87900681028296,7.799679078384804,6.6371586365010256,7.390298685243597,6.350993398375726,6.733324601628143
20241106-297-French-18,6.570299774617074,7.437958279170172,4.73728231211893,7.287552132223587,6.476236247709135,7.569820070286339,4.541437961874356,5.368528105475343,5.375366713272621,7.604043521046793,3.4391875763177655,7.5216157679402516,9.923002110988655,10.649457282542707,4.756605046755365,8.844119562137656,8.304837647431498,6.501549007050459,3.701981818537297,4.879667678994935,4.006598467319706,7.8570820511003,4.7914050103939205,5.560078928278716,6.6344679694046045,7.812886595793425,4.199671308833239,7.098032582004273,6.998022322150086,5.021927180076122,8.378273622008221,6.010020124732103,4.410552928332596,6.739268393772786,8.955714876562025,7.48611838502397,6.994818037537903,10.665753346816697,4.917760317427755,10.58624523679161,6.924126975379529,4.73424870958323,3.779044822019655,9.954454134414567,7.717537771576154,6.837333917945782,7.221488716621517,7.48377997552555,8.884439084777616,7.929555375555222,6.622334734150142,7.423906135313108,6.2939348440204075,6.568017580259805
20241106-297-French-25,6.648275084829653,7.34630496873877,4.913622161053849,4.381757986311876,6.455234963196052,7.698929704601521,4.3690482030026905,5.325482492322948,5.492538554484539,7.5607941721626615,4.440627384928734,7.469393708678153,9.72276745968366,10.456323488154005,4.695456496353272,8.704211064982305,8.31382990769972,6.592757124633799,4.178472106561964,4.836115132698336,4.0575003630253095,7.940624172901707,5.144018083844542,5.794749044463857,6.782683073861578,7.736567653347081,4.239606095222138,7.196768466740432,7.124114036148621,5.194763771082828,8.330385130314513,6.047356001448162,4.403081795599947,6.965326158625828,8.925303808146612,7.640609665548087,7.1482506924245985,10.610139576913276,5.063133070518781,10.57653555171319,6.964732911385447,4.50065645779685,3.7728130082070988,9.996911632005492,7.780047983410043,6.970098856065867,7.429644221560637,7.527834539062363,8.86896309030453,7.943721401323435,6.743172069870006,7.468830756116327,6.420196959455016,6.708325324415545
20241106-297-French-7,6.6084439462161635,7.35146006546545,4.81033597798971,4.481677871186514,6.546066310093876,7.615159175218461,4.7209597883254135,5.550626630414556,5.096248117611767,7.675568762054082,4.289838790466991,7.383105165149296,9.701094798984483,10.435557336838155,4.684078527189111,8.688142011762427,8.360401963380363,6.68607226523588,4.1835957590354615,5.131805517152766,4.322613173713661,7.905371195828377,4.949131975243062,5.858990249937423,6.701224264295024,7.811314423840518,3.6797479330894003,7.157985400388362,7.129559466212792,5.168447419206622,8.342092513647358,5.936837777174804,4.687212726388443,6.759966312400642,8.943415047240132,7.545366992158062,7.094802667728149,10.661306863214381,5.08619415195776,10.603250123319356,6.96728210441417,4.648358115729243,3.9497443623594743,9.977215318917612,7.723040429157256,6.848478319414936,7.361494674035782,7.500555278299622,8.889279869489334,7.92002752771886,6.683083397102432,7.544947107435559,6.3885282141946655,6.619724741699382
20241106-297-French-13,6.619568927617886,7.270613078353374,4.597824168682796,3.891188783376278,6.402184045727572,7.659692771785992,4.3597002110157534,5.312697778141069,5.4341524317965915,7.667064927321273,3.7557406663712265,7.3181506271202545,9.654522972897409,10.375894684312234,4.633462612319229,8.583190486717537,8.388042423085809,6.5193975128374655,3.3890092166971217,5.008195013094713,3.6675928173650894,7.800560485684066,5.021756068818928,5.8938033097765326,6.724026626256057,7.7562168076516835,3.7634313008605296,7.179129718701284,7.0711905710954035,5.0744161090047255,8.307348492687417,6.140681547671308,4.54765322434252,6.855032331084736,8.908750603052926,7.6978318871186255,7.185908963371634,10.667633597217481,4.882796468495446,10.606270947676114,7.058823867637291,4.550047754059283,3.3347568666528655,9.98463948330984,7.785453166883469,6.886997433345846,7.356625334287585,7.567240817912159,8.85766298241648,7.989540469283804,6.7025192892066405,7.403307041702366,6.378301999743429,6.75591391988167
20241106-297-French-16,6.655699732769035,7.238444389037737,4.346267097772567,3.9836282648984374,5.864443265951255,7.622314403348084,4.296966044513242,4.262582862506283,5.258133277637689,7.5917889037929145,4.34923602473616,7.38677461521767,9.688933606120697,10.392189198577851,4.776008075132413,8.595676012239132,8.365328309709739,6.546485046911623,4.123280525097381,4.96042922941356,3.7868126642129862,7.904388625960525,5.466833972322262,5.999212627559813,6.798414971427422,7.781234601616721,3.720826042250579,7.262681599825534,7.09981213294653,5.269395815183214,8.314450363124635,6.090398522447444,4.337086611543361,6.792764278068562,8.910991009707596,7.665370139300693,7.174077999279614,10.640884632176814,5.173216934593156,10.653793395348059,6.909849048781943,4.663402435977132,3.2660064955785413,10.002992960918851,7.8334629125633,7.053134687503876,7.588652737697362,7.4024790684660635,8.880546418629615,7.856194083162605,6.73543214255961,7.408467877091913,6.298940817656778,6.723498835106369
20241106-297-French-11,6.509804644906715,7.288435783871339,4.7216573582161985,4.232057529428403,6.446023690255972,7.648851557518053,4.3449582258745885,5.4100019675938,5.334823119910231,7.556370181182777,4.076393461056593,7.6693214339908975,9.979511139362241,10.63407859003981,4.6414712489273935,8.946899045664503,8.493680618843836,6.647568305685589,4.153869070752188,5.06794365998284,3.892080033879066,7.9065299206126936,5.049944393871322,5.754789361413242,6.720893457193273,7.756151437017504,3.705135743165706,7.2147518562420165,7.091421517080244,5.205647130315868,8.363812163955464,6.036838728818949,4.522286993091964,6.970500914246741,8.931436700164006,7.782218709372342,7.133519911989707,10.607839794972103,4.886216030863121,10.536803560780656,6.986455872445609,4.545314119666975,4.004105622642125,9.950963162429167,7.705731826124824,6.809879658002013,7.363479411815905,7.538991414338715,8.870663819147458,7.979895031692193,6.768868613508882,7.445773821479768,6.361333445154753,6.725959473338068
20241106-297-French-9,6.468308054510938,7.362100561036038,4.820660242667022,4.042651227005872,6.358749778655019,7.561880534290659,4.266959417851614,5.4253754655255895,5.33272730045481,7.63834162267456,4.336664514175365,7.516992307561767,9.8065627950162,10.520541429362204,4.394485051599778,8.677664430381764,8.456285072953238,6.570284056900148,3.9052325139627393,4.8552079908973935,3.7148936067084852,7.873012263235027,5.230180961178521,5.8767273797998065,6.734502564361111,7.728607598729904,4.26229815021842,7.163483561498814,7.125783137099455,5.305576807279918,8.367347867423138,6.068160437606115,4.337422671293469,7.052736549358441,8.930828334832132,7.849129016642551,7.133043801115534,10.663499937735182,4.657942594195099,10.576812087114298,7.02294042309835,4.645186096540739,4.0994536073656915,9.99414041540049,7.737493455926904,6.786029075472489,7.339986586551275,7.617135988631399,8.888957410850985,8.059235923870016,6.796102827394136,7.412610008130164,6.338308007330622,6.674929711681509
20241106-297-French-19,6.5488524639097045,7.386236278529751,4.5588266572987095,3.707941106097777,6.37464688771262,7.60182319837994,4.463323748714739,5.377717742598692,5.307710577648286,7.554847877007706,3.7899707686525965,7.371077080375753,9.702128322676039,10.45471636994301,4.692956156082167,8.663950285743049,8.423864699633432,6.617379727481157,3.7531269125580082,5.047001277874541,4.174637073612546,7.945033495356147,5.21699927439367,5.877192828370696,6.716975138681325,7.863318215367764,4.161034377352243,7.2062107042938255,7.08305732687803,5.391675868357036,8.292455317770958,6.080281559923388,4.687193029234009,6.870026193308435,8.992425495546444,7.790942538281608,7.187286745769318,10.661406548653495,4.791938666230818,10.58286902687878,6.9323318901169,4.595718716813159,4.066238151178647,9.984957981726655,7.7884296208961645,6.8413987212608385,7.415105919652476,7.482543875035684,8.935586387219903,7.876071900257086,6.661482317797433,7.336055320205958,6.430812579167105,6.793823509739257
20241106-297-French-20,6.587906215164061,7.252077033754364,4.557626577250865,3.3599053613525034,6.409704151897707,7.513116378682126,6.927015076259621,5.203379959121631,5.249842005950194,7.60666376886395,3.6691772822246254,7.341254146811523,9.633178099870687,10.35424910474782,4.68110921863045,8.593776972887612,8.405074520902838,6.514616005672384,4.0997181697893605,4.67315345071015,3.928838749306335,7.881049629252998,5.435924877698486,5.836865260884653,6.762473193127271,7.748097815768711,4.382308595204404,7.160214050465108,7.001189054857642,5.344085478270896,8.277758142553237,5.758406905865542,4.104596120648149,6.855080738827906,8.89047217475846,7.665450683757608,7.053706867804806,10.663062898713907,5.029403931895235,10.697343600247109,6.957620755393506,4.731077209721844,7.214547915833682,9.981575604415937,7.809756804597475,6.932859753576684,7.563978228530988,7.524814076407663,8.833113675248432,7.9013983799341245,6.678298203455903,7.293076245217456,6.345873173085697,6.69386925950501
20241106-297-French-6,6.582511460527034,7.30181325000799,4.46431238811944,3.8361287182077373,6.510216429581636,7.500103430988172,4.226070743268611,5.17734230822276,5.368609455397123,7.592239964202258,3.7366490203523193,7.520097365446259,9.807978648418938,10.521278480793217,4.86393067530796,8.755194278377388,8.423243401971416,6.650622669740878,4.334727681835405,5.022184202891902,4.1623891746416755,7.939058155270625,5.010888002596419,5.846361176324205,6.785087011604299,7.787459469113811,4.349002483371477,7.202641175660208,6.8577100590539795,5.359495111403709,8.344461641619057,6.171684127390394,4.584503315730457,6.908878438032933,8.919722704115586,7.753334959839583,7.120407284743936,10.699801848402485,4.475535514912493,10.614671129437864,6.915233041389126,4.5054161348413855,4.205053102658966,10.044773746204477,7.691844131550992,6.697910888605138,7.48867066940612,7.540992832734481,8.878239756107149,7.919802964062676,6.7659224046187765,7.377683366567763,6.364229711017525,6.644570908833078
20241106-297-French-15,6.464900291657243,7.337913814835561,4.428317001824279,4.067334068192768,6.373058212729519,7.524175349493461,4.437673422978375,5.2796501993040925,5.133356259997076,7.624963820237854,3.9566375885815597,7.4503294808904,9.70477778883132,10.500623526838073,4.673328221558494,8.659546911456863,8.382516105813103,6.567853758986833,4.166226145666464,5.097293520996077,4.33493719388793,7.921831286931835,5.306896698102284,5.770912173960312,6.781915966120391,7.7551240546074975,3.906707839666866,7.205291051909539,6.920521028933264,5.233733093980728,8.334316529635185,5.963385780207314,4.412427443615566,6.946793099634578,8.959673864722474,7.7528491777779625,7.08752197796737,10.718387101299793,4.653100589748482,10.631243341848602,6.921050559404526,4.8334217518173075,7.280122526453093,10.00185215912059,7.640139968340303,6.646549886895638,7.5038028633086045,7.4547147058517504,8.854336269424454,7.839433850956716,6.685300810369697,7.405843385252129,6.406315642400131,6.803929719348818
20241106-297-French-24,6.419154037323453,7.320383337217441,4.567142029345471,4.267033078006822,6.490568242116746,7.634735382548517,4.441371975551579,5.332789377732999,4.82132851348085,7.663632411312265,4.335490779038759,7.070908587950403,9.378190518809944,10.154388360976222,4.58235056305575,8.290472856700395,8.52000712079422,6.6393731500302,4.161123478583589,5.066119831524864,4.1141127992317905,7.982341727861069,5.299997642851161,5.891950175539072,6.857797086885594,7.833658463315822,4.404239931327512,7.2757227894050915,7.1383042879755605,5.435816232725736,8.453292809485673,6.097847229426621,4.677901034606772,7.117655000142329,9.034477473491107,7.899132079259699,7.183197026956172,10.722415688653339,4.841584647624375,10.614782123645123,7.05613412727862,4.703433133067805,4.301413033764748,10.043662543911795,7.808767117200791,6.748605147161007,7.506582348261139,7.580518088051393,8.972773684965075,8.016962249709541,6.797873663378064,7.4436939453518685,6.372809427039012,6.7592734615982195
20241106-297-French-14,6.6435770182079725,7.37389773052614,4.627670803662037,4.085827616598981,6.437456096439939,7.51797496315374,4.583413302166644,5.257013270122529,5.034120869402973,7.626323438220656,4.426546388092517,7.215646212714301,9.554986313072328,10.289358102744773,4.632262144046516,8.489396364833075,8.330052286602559,6.532886116584456,4.265685843601376,5.314272958063877,3.9690524450784697,7.899112670065888,5.507700999392845,5.784095947589359,6.768711395253979,7.828462492051134,4.568819058045255,7.166586905018874,6.897791433251528,5.480558764746702,8.37910856621683,5.9661631880412545,4.267096411366917,6.782253443618674,8.943644777931723,7.609603431669095,7.193909385401255,10.646236006610156,5.207463819221834,10.672236455290285,6.933246390176186,4.664069813520246,7.204271586674244,10.006490922742408,7.868596886742362,6.9042910481284006,7.664874703765991,7.316481727012811,8.880110977630657,7.802830646687489,6.713871426588759,7.392767081668963,6.4203773822679695,6.762665299648221
20241106-297-French-12,6.462494617306166,7.242005340959379,4.246090224470444,7.458491428737696,6.2709772893553986,7.5022597136016325,4.164543695282893,5.152591957806163,5.1251472826411275,7.628757885174867,3.8536448675785984,7.037728639121753,9.413823019466781,10.211813275923037,4.701076812680454,8.329578310453885,8.638082708303232,6.648180431525062,4.110080374517544,4.956586052247979,4.132055949841698,7.920286165610638,5.170479229499089,5.9072048158817925,6.75648091131978,7.816977205540699,3.8221118388570146,7.176289110164078,7.1442513970345525,5.056532590339867,8.335425812609866,6.017246784967346,4.617854173408753,7.215514683995373,8.915681331194142,8.043446934752616,7.126372056004435,10.708547183987148,4.618420890861905,10.620397552640352,7.086664491159728,4.76437192170346,7.246339777507308,10.046466591743313,7.695236590186601,6.712134082793132,7.50453016503296,7.650279196873564,8.844270057161795,8.07998146232912,6.679338633217869,7.401893567816636,6.437334177669906,6.7508548381259965
20241106-297-French-5,6.178304393730997,7.132477792094539,4.437389437450351,4.2588517478872605,6.03211943770538,7.482358348706373,4.407183460110952,4.31879639592693,5.288154825394536,7.648316536530184,4.400773320696377,6.921166280300523,9.238143785460796,10.008585692226841,4.9399995686817695,8.145903454512036,8.51058398844116,6.743617424491799,4.313473674288765,5.340090560370203,4.091434814917228,7.993104947405661,5.407265142058772,5.941922583395617,6.840003212487653,7.79903023066059,4.344028309058515,7.239139859229548,6.8654316721462285,5.63459402763519,8.42976013441423,5.929654010347343,4.6383239614267175,7.024001501904371,9.019420215583134,7.879504130092094,7.1829199637730845,10.754507771431475,4.767159624997292,10.670015901016425,7.0442643226691555,4.638097631405463,3.8822829647831374,10.029450643276899,7.796896233521184,6.735549825678835,7.643460495448687,7.46282877658556,8.962093509601047,7.9672325686999566,6.849566380796505,7.5485700873311075,6.510801688575028,6.86679682690478
20241106-297-French-21,6.3831572206273055,7.378015148279356,4.726117131301913,4.173386208624456,6.059648283080922,7.6071671831325975,4.551627693697264,5.317591518615581,5.423125640800633,7.510753930978966,4.032114026696166,7.5970452076645705,9.850766001814177,10.515979330831767,4.935439583883859,8.820460689665897,8.45057402837794,6.598744895381201,4.382856064868397,5.25692422761353,3.9195304834203997,8.013015047623552,5.319925198179196,5.929717573701438,6.854575812622566,7.828609281188761,4.289295775004472,7.221957626452556,6.877204560458331,5.417728504061681,8.442088756359466,6.003034607747745,4.96194186820718,7.01926517107043,8.921024376581354,7.860997120691354,7.18709059726613,10.645183596910067,4.812976504273117,10.519268211202268,7.0005485156597,4.904909699537942,4.264537215814496,9.987732544788965,7.786993394257663,6.743066630022665,7.6553080996194955,7.580664346732722,8.8685750239558,8.016558469284831,6.79730873807712,7.475882161844175,6.480799007153985,6.736709100580387
20241106-297-French-10,6.61457246966756,7.292948386222015,4.474719331600587,4.015941965278566,6.372502257430454,7.650326180474494,4.096235057512761,5.37878169813922,5.067475153237617,7.622739458432698,4.544095700949959,7.2438749154782665,9.532683339050577,10.318822247417843,4.720420051517856,8.44710369398659,8.362156165172959,6.559308085367675,4.348290756787566,5.271918611988961,4.283036398042979,7.950007701362739,5.5394351735569805,5.836828927258317,6.7639231439216525,7.765546929765517,4.078910464197214,7.167352774083737,6.737980151367422,5.462605045670843,8.373460065117472,6.0770292507419486,4.005367459106506,6.946213762266039,8.954229630202283,7.739906458415956,7.234181886713158,10.722064794188828,4.914496934600032,10.66943051991741,6.904375812615718,4.852467573072106,3.875374504323023,10.067113927195592,7.818417817939481,6.76038651242989,7.76161312896252,7.365064518030137,8.900044698064706,7.770550837689934,6.760027507825799,7.382043918444496,6.45609185622374,6.798375032596664
20241106-297-French-17,6.633514006241768,7.25150136810032,4.62520352008052,4.153903712328742,6.413556519125497,7.553424834294189,3.8707153963594925,5.3318642131953675,5.093294180966873,7.445350599819959,4.39743344559134,7.537661594005068,9.809079273790001,10.535285155241237,4.414803845811614,8.78886837624407,8.474886181451717,6.709590657224968,4.322123770589531,5.297403316553155,4.014032582733284,7.9447062014956025,5.664201813234778,5.884319500527145,6.802628516857668,7.754828753647155,4.3106196148094345,7.260093874128797,6.876746699515827,5.457640605807296,8.367556139832622,5.785688459279995,4.552772848185599,7.053534044899959,8.932394226357758,7.906497930477006,7.170953335827167,10.589211904418743,4.829287256806667,10.6128744929962,6.7745069500673525,4.808155375471456,7.2176242797789465,10.009501057263762,7.808588244193968,6.889680056524878,7.782585114434452,7.52409030322053,8.8855975653936,7.9229611611862625,6.675771055391413,7.334129632729344,6.420802532831959,6.781338568441448
20241106-297-French-8,6.675142405764581,7.321966251227839,4.279282404601872,4.138404456595265,6.583525530364153,7.576977970791332,4.413151917483557,5.512694795418361,5.385093079325763,7.438266989952927,4.393941571106534,7.392568110973653,9.710131973502243,10.409021984768053,4.804640529849414,8.676060436979668,8.411931229345374,6.653215210501769,4.694257053120492,5.163145445161351,3.911373093664831,7.941572694097692,5.5212283704591485,5.957429591563134,6.8696623556631415,7.797512843379214,4.190808436021318,7.28703281077023,6.74815138211562,5.565818062666042,8.318092568397564,6.096494326383407,4.754440186709778,6.980866361113019,8.929240071242823,7.785197467943261,7.225863821925313,10.623941617818197,4.7902477767323175,10.596247185195834,6.866507106114631,4.933269965910495,4.049558752799768,10.057468691844651,7.860359163670208,6.85007405123178,7.773297789540546,7.442031913958521,8.868896450942716,7.900973128263258,6.717978589794745,7.473037160771371,6.499492733713866,6.7715021378038855
20241106-297-French-1,6.607112199050607,7.348828656441089,4.526653151886044,4.28426131372949,6.456590963112848,7.5161521893513425,4.228510798355661,5.372140587336868,5.222786181002042,7.567030832720767,3.767007850144826,7.313901018071082,9.696637070476422,10.432883838378034,4.648231531300423,8.668096769515524,8.432077355147527,6.568759775343486,4.501970236055077,5.268343769627726,4.057720469893169,7.947146495387619,5.310331256826454,5.754761500200256,6.709734940074794,7.721778432499989,4.317598156300362,7.201217774081466,6.8309164408700065,5.388365490851659,8.287981954828506,6.017962529934053,4.720784466085048,7.006375232933271,8.880758955117969,7.790091839448612,7.117436867296084,10.648870934356369,4.801200383995188,10.656000435668105,6.851969632965848,4.756274170360058,3.596650305074802,10.02781049126751,7.859662892594514,6.748193352452138,7.6789166307591765,7.5634786136919105,8.81796961221096,8.031723745903879,6.712811323422068,7.323356861312874,6.339833709993002,6.781339693564253
20241106-297-French-4,6.747783490517938,7.379155534484404,4.711859025721275,7.445913420544173,6.533946564137851,7.591282297272177,4.429843199471254,5.562513115172706,5.087969435476445,7.4511541322110455,4.442478732240882,7.223044303320625,9.549772663509954,10.342774740993024,4.817103120175799,8.511031685063367,8.413725964103707,6.756559533631038,4.645508728701735,5.440911484926301,4.156253018730753,8.058933464426433,5.603033958785516,6.0019775628544725,6.759026987758895,7.720701323964007,4.45847063527108,7.205269145124198,6.706896127516369,5.6319321015132795,8.34919273459707,6.133099012137138,4.730107600253998,7.1123728497781,8.925261666101674,7.85022439963301,7.173487766929177,10.570508132147497,4.829593640462964,10.596307897557654,6.83245553002748,4.705739262305041,4.249567730043458,10.028652035946937,7.844087980457261,6.901986918060544,7.874435482439886,7.50259109617561,8.877509487871887,7.9319110474514245,6.837703111583599,7.474278852033038,6.376468134782265,6.811216259885676
20241106-297-French-26,6.624879868546909,7.155948280605498,4.433827004212382,3.5974876499631074,6.3932777949247654,7.541095416723682,4.431639015860978,5.2421439471351094,4.994136083280707,7.548158850146581,3.9217690558946057,7.301646580858747,9.609596904120387,10.34878911648198,4.557232037632735,8.496908478029738,8.395118779556288,6.481117972536774,4.65761034570704,5.255466053313335,3.890564176227707,7.952431409785592,5.559581377661698,5.917069136378717,6.701038857651162,7.731073800083971,4.196330968697677,7.257262442187646,6.622235942261992,5.402952530242542,8.3387765443518,5.862992647519292,4.37333947909082,7.042362900451009,8.924119580759745,7.8670038187243225,7.125212168360952,10.73440883546294,4.834776895638678,10.657131007590039,6.830687494116809,4.291971324097155,3.5593480715743926,10.061022593365621,7.844646893680782,6.657264832208745,7.749067979331269,7.43757256217917,8.907161849754239,7.866062977739409,6.739207858957419,7.341924287200307,6.40752941372187,6.789803372339396
20241106-297-LMU-8,7.396492283070486,7.537579288573646,4.998074273973757,4.3493803607287145,6.243055540723987,7.561775131092901,4.8921361703448625,5.586526712252079,3.118092076120324,7.802397275858074,4.023604170538691,7.098641258165078,9.514756957232018,10.296523056870079,4.828394145540157,8.447314010477651,8.37624260955363,6.600924463914551,4.35795914678737,4.8617088041496475,4.4790207234417485,7.998017321375334,4.944125260587951,5.87475456987462,6.744989195616244,7.877186490176856,3.1741356305669393,7.177944940558375,7.197038798839277,4.49126567083313,7.792679564691012,5.901925601662284,5.297017989813085,6.822913052358921,8.376733236247604,7.594935046862748,7.08188070498798,10.764854686431084,4.794887824011447,10.710908439387087,7.022003394771335,4.62960246170827,4.275822072892979,9.909618019129805,7.865766430592351,7.761934557169683,7.332647225740238,7.345690734724885,8.270676879567091,7.801522079483894,6.564185789873619,7.133991010235986,6.090227101577823,6.837578117163547
20241106-297-LMU-26,7.358281073629148,7.615994178886722,0.0,4.638667094264033,6.228999523954146,7.579687308133304,5.377732796683,5.368655719444015,1.490227641246193,7.66859097642058,2.604219675331477,7.299127733942349,9.585378605730568,10.387949003253729,4.315330034626688,8.52547969951198,8.379907263365341,6.655366022293187,4.531245151607292,5.002009532520763,4.446076796035016,8.027549946074764,4.92999231249052,6.076869643318678,6.8042714684165295,7.887069688514427,3.60090123961939,7.3000836948856955,7.102644069944075,5.070679495658913,7.790482299959741,5.919931623622963,4.959002847008488,6.816848086436139,8.432922540723014,7.69109060222746,7.206925778058504,10.672318811423931,4.654854180343771,10.691236929944365,6.97677360583569,4.9421463072745855,3.688478352497762,9.96561435181458,7.900648379750343,7.589479312604137,7.410388921186209,7.373302938033555,8.38014834085717,7.834208961372697,6.587695419531077,7.230464848028637,6.175546718801808,6.7853354207177405
20241106-297-LMU-24,7.27028921112753,7.621600938924095,0.0,4.103522495935969,6.25762842656722,7.605808817022451,5.118482718761281,5.479102354418864,2.677342827855297,7.66511986943142,3.5597547873390556,7.148096957119254,9.429833055801929,10.21064224708534,4.658376362886575,8.38502355303905,8.427817201859401,6.777761622964453,4.691088646964982,4.868073733583671,4.628432466160863,8.05137811178308,5.04073647441955,6.0129668586669665,6.6931578268673535,7.892695735047962,3.5047333627161055,7.231484191118408,7.171638759614155,4.987158035752196,7.825359037326948,6.1751282399088625,5.065309296110893,6.924284071446572,8.434299684957342,7.717635050580851,7.158535317297395,10.755385779097004,4.717033647153219,10.679728002551903,7.051262928896568,4.227073905249255,4.31955720240133,9.916425525407272,7.815051272949345,7.534625642922167,7.312648606175577,7.427946134900985,8.368014241997557,7.957572327335754,6.619222410337335,7.251310078662802,6.252057147765384,6.815876122231587
20241106-297-LMU-10,7.183926918519454,7.525149032545681,1.4407418008228143,4.458132545106472,6.254841899627849,7.481758178836787,5.200757654706603,5.369249498655247,2.140258479295517,7.644660458978998,6.632304314106673,7.634274293423072,9.926211778235569,10.59501337506307,4.589775312061866,8.897061785894978,8.481223441602353,6.716255248558536,4.721799861796788,5.060423429245197,4.637137588851244,8.064278239603969,4.727084308415889,6.094355378931707,6.76080056576886,7.832996086963859,4.176175685718867,7.1738301820445445,7.163511932485902,5.082988684298377,7.794111640821095,6.10716998871497,5.185278570161015,6.969612347774915,8.379559993702948,7.783488775428306,7.194710881476899,10.715317540156429,4.479743889819428,10.596215697121629,7.025486947936261,5.08487138668417,4.379879158447649,9.953557935825518,7.801546888941715,7.493649398840662,7.231654491024628,7.513510864603634,8.365141509552757,7.896671556820537,6.634854020713405,7.278603489107093,6.250957078114592,6.817568559380399
20241106-297-LMU-17,7.140409685604228,7.560797789837422,0.0,4.281759648900573,6.207366383711967,7.379259779655315,4.743897909194619,5.381434733388881,0.0,7.653449395500641,3.6103386169781992,7.794831432402558,10.08184313312227,10.753520609148655,4.468160848145437,9.057310252212533,8.433611593391905,6.575371833030044,4.2032707104512115,5.041068227100953,4.381662166908781,8.035394769066931,4.715228977583818,5.939099242034914,6.738280814709952,7.825640390439005,2.7319482551400727,7.151775734542542,7.02788603708187,4.99604167276644,7.745343726222138,6.047869885385807,4.933642136255816,7.007543745815623,8.334736302314383,7.763450881344185,7.065546110271947,10.688925870575218,4.543785566356747,10.612421210175969,6.9755748238659,4.6085597814428025,4.068888895515183,9.826789490642483,7.665791355316009,7.371883404701709,7.224803609271928,7.597584324074112,8.261854133542403,8.005444342941162,6.4793120858113955,7.156991790114998,6.243088834027777,6.754289115109332
20241106-297-LMU-12,7.145032861177092,7.523959149537086,2.0561483245455836,4.448674083514061,6.253776052121507,7.513307083697874,5.028167812049885,5.314784779494376,2.7096370857295384,7.66708214107432,3.2891692503596492,7.790127994121558,10.074911328582191,10.784739317018031,4.452167913224824,9.04703172023492,8.295091247320338,6.705956630968562,4.407451407650977,4.924454553325418,4.462351682064821,7.991554696189428,4.95194764130675,5.978746042929345,6.714993597437032,7.790488898671971,3.8442426666606897,7.167266390168524,6.99871345357091,4.760221936602932,7.817288592528204,6.118168528502471,5.179315712251913,6.946763675278309,8.405238521334521,7.683982489822672,7.098713967422078,10.682776853410651,4.385046890065033,10.601004272681953,6.938289166145423,4.7658396147005915,4.156986897934773,9.87766342859772,7.791229137560999,7.3736787309796386,7.222667646359625,7.5232976286747935,8.36739965328425,7.942847551975812,6.6495945874658915,7.21883399298249,6.253115771088428,6.734699667277961
20241106-297-LMU-20,7.176437335578255,7.603504722077037,2.4659819337493736,4.652759779719191,6.2483346161374,7.532257989036271,4.8733066797083735,5.516127996104626,0.0,7.653203155061307,4.178465649302967,7.642578488832538,9.891945660166424,10.601123144423807,4.276637786713784,8.895843001454187,8.35609752877746,6.718249238344533,4.213025036975698,5.1911763223194765,4.49688673849884,8.014456379430026,4.963484051705017,5.948792628354846,6.7180231625898195,7.877573623271182,3.8633303267350434,7.169566646136114,6.9658332568220755,5.1068873070392495,7.867763950637916,6.046976483660452,5.216458908313455,6.829155893108082,8.459123471004093,7.645246121232777,7.181270667816516,10.686113842334922,4.304971950896103,10.60599575313151,6.950640457143597,4.792390557470495,4.123026294392105,9.891778281441976,7.791667992005472,7.293607918386838,7.292345492767805,7.493452882986464,8.383151154785056,7.983339800845501,6.700637382148838,7.351584652035192,6.311225759105471,6.805349307611734
20241106-297-LMU-14,7.221634496552317,7.580107337705253,5.02917988207089,4.333909876159424,6.387970471738355,7.504402054437384,4.810322743203667,5.3244279342166,1.9999545562408585,7.667262597619141,4.212332039468893,7.2752483291446035,9.591604174582436,10.389137489024991,4.723213141221106,8.560570005376885,8.443210086715789,6.771347405669216,4.935907151218588,5.2073497665547634,4.619804688473658,8.118523965273706,5.034538978149987,6.023195449210566,6.830426959814462,7.875134153953529,3.864906344184242,7.242221551334904,6.957728950741914,5.28667501712735,7.861110221004603,6.073852513211739,5.3002446855718,6.979315120675595,8.483180721486791,7.751719338059299,7.174741078913542,10.7639328655916,4.6476410316271926,10.680395006166865,6.898804861611227,5.0016345322924565,4.3841802770829865,9.947695721699073,7.7764043553042015,7.466335935937731,7.424563605130589,7.4016355067926725,8.403348594298937,7.821178934543913,6.769339736659061,7.26966956029882,6.21721757676496,6.86489971475833
20241106-297-LMU-25,7.1731270688980375,7.618263775070903,1.840823645854598,4.597821381895562,6.354090928743412,7.420944032807079,4.678215080994043,5.46213331184671,2.449238883287887,7.765465325055508,4.183546153979311,6.987588392727949,9.238217863858177,10.008660877956165,4.43916626916148,8.117394234147252,8.419183949560374,6.7838893903702475,4.670375829801492,5.087189071657861,4.674900494610857,8.076313157665288,4.946444047680311,5.973508023837944,6.7473720531679815,7.914622115316144,4.0645851500837615,7.275551866176052,6.824137003490776,4.961042694687894,7.834744095589577,6.106902047044023,5.4234515433456565,6.925508753088005,8.456522039812969,7.775784585275451,7.141520830459348,10.804024882052092,4.434705244777532,10.731440936864244,7.025878078266118,4.80176982494918,4.346302008297017,9.996102590584233,7.821825695305715,7.494293226750047,7.472522242095008,7.51847461002139,8.420836735620652,7.982243144902871,6.696267459028236,7.301606230785394,6.18120870019271,6.831560771233703
20241106-297-LMU-5,6.465492931440205,7.530171351174994,0.0,4.1253856906475495,5.977085307621718,7.3666131732747875,4.793912218818444,4.130139158719865,0.0,7.640702439098121,2.83838462529289,7.565463918880059,9.874615078140359,10.594123513480536,4.529118101460193,8.772531277202635,8.372685064688946,6.634161228936308,4.809495768859911,5.216611868312459,4.579418380498165,8.027652519392591,4.895092697540312,6.21994544939105,6.737116295736374,7.807269660322791,2.986273260895777,7.249537206071893,6.736264765067738,5.02587802590402,7.8943434088236835,6.026315180404033,5.35696789048252,6.982245100704642,8.478087184023794,7.804851139113183,7.15539431896658,10.782148277284938,4.4270059707998755,10.703106819241293,7.08747553819272,5.003496122874453,4.50139367626936,9.926666596269369,7.747426458769267,7.365943614819369,7.392483405185831,7.41354851279267,8.425994285824736,7.822400888185911,6.5726236595044965,7.147166183572267,6.205855527008505,6.780754480294261
20241106-297-LMU-3,7.194617941923382,7.544604932396122,0.0,4.242019546449081,5.982846799041771,7.431321029647308,4.836976329370603,5.33403314549595,0.0,7.622809754726579,4.1709044817477965,7.618436220600932,9.861903420073014,10.561668624807524,4.3723877277000645,8.824322067556277,8.49348434616211,6.744065405991642,4.660805989086655,5.27645652772813,4.7361670556973525,8.054519046708917,5.008280899422066,6.07719003972111,6.8247504154893965,7.880177363952901,4.048053038495702,7.225174738532097,6.861001938574948,5.194750239819661,7.849251739439022,6.232819526555525,5.287487490902995,7.136425497155939,8.414730248315553,7.9271877197043095,7.129521815985636,10.732626173506961,4.437086496888011,10.654307463899533,6.951975150499611,4.889029622812726,4.280406120735848,9.961355821384798,7.8404233422412215,7.314959629346392,7.502004992154738,7.561284533462606,8.372593750376108,7.981037871827742,6.65533274079564,7.263051242007548,6.23514433127181,6.832575107368536
20241106-297-LMU-7,7.0825890058413705,7.599804475458087,2.730607320831448,4.093636484596357,6.289909085525907,7.422922478171865,4.9575347620960715,5.399850717298665,2.249790183060381,7.583637616826455,4.261535891581323,7.575057304953666,9.923305046629139,10.611027726429885,4.666270667322229,8.789500447295872,8.404106824873594,6.734874026462721,5.078275844974851,5.268978713816138,4.482352822138953,8.036155874703343,4.853341183751149,6.067269368623631,6.775485737598959,7.87125656585754,3.697277031538278,7.250680965001952,6.761547895408454,5.169534698375991,7.891666183820007,5.909439243764002,4.9753664303164005,6.958819844973007,8.459119167210456,7.8357717315022635,7.199601106728022,10.681822526950288,4.4938533553332425,10.589183109701649,6.918749801370729,4.659091172786476,4.343157812718567,9.975333717260897,7.81408282148616,7.221666797363659,7.482698286998222,7.4792787648930465,8.392199942648217,7.918749408962683,6.722230521702696,7.298438924807121,6.173502478959049,6.8235744245603955
20241106-297-LMU-19,7.1222338355931285,7.59274231094258,0.0,4.505868101390976,6.379427488771015,7.513581838632238,4.835606861692327,5.408449120668007,1.7673569232169608,7.638423632441844,3.9719048524996285,7.38230426033566,9.690508631417483,10.471383068538557,4.623470865213474,8.686640264087334,8.311954049370865,6.57071432134899,5.068136993221718,5.238592004356387,4.6133370102580935,8.045964203765624,5.044058594886126,5.997640418759017,6.708826006897039,7.812341905925807,4.000756242564558,7.261925047384786,6.646963269736667,5.061131533298976,7.837174000712625,5.970618487080839,5.047038064053467,6.931926624661016,8.437359094040339,7.773565410116518,7.134559198440635,10.766381500901723,4.5199739886094665,10.677935083918701,6.9309767828661775,4.97179042422734,4.5265436307217435,9.888080902849392,7.769489485877214,7.259000857541411,7.497246668949114,7.473388128700167,8.381646845379288,7.887996838367214,6.617454348542382,7.199992699566737,6.238075300471876,6.801403278924233
20241106-297-LMU-11,7.383879186463923,7.490695732884398,0.0,4.350888692695654,6.262961097762527,7.438130812754793,4.885035293481075,5.338734814469185,1.6697708554621444,7.731734161999298,3.664637436655511,7.110090754837157,9.452297273572917,10.213657047218797,4.533466259537395,8.314325537237004,8.30907002252884,6.603787783280121,4.699353521655017,5.25434638120471,4.794455307559769,8.126639378122366,5.404632723240361,5.875456321754492,6.784906996222308,7.875011864110739,6.054499035252964,7.267820458290461,6.643336198755417,5.085394908677701,7.8779585605298985,6.09665806768192,5.259322084879952,6.818162527010063,8.407654551683992,7.691464211369071,7.192919505876952,10.772929131475678,4.694026770851464,10.81755513545307,6.830675964738325,4.716062023480715,4.290795931663393,9.9536643753845,7.854304420438895,7.516571677765932,7.77038335904012,7.162584950200593,8.397921913502618,7.581127325816988,6.566821446358203,7.141172939315109,6.233628561614337,6.677628290415201
20241106-297-LMU-2,7.272198152474624,7.639316031253881,5.260230939805188,4.613729450083272,6.261679677273887,7.480484165388819,4.926220812161361,5.48028711411739,2.7068745479064247,7.573983367898162,4.427784600096155,7.296049798395437,9.607079233948856,10.349464090691566,4.801121495555133,8.55373039892606,8.466872080472093,6.768017104430461,4.935048013534751,5.465024507321335,4.6773394843773195,8.132775429111653,5.097599763806654,6.049028960546045,6.809550527749637,7.82353311043474,3.133166413296149,7.288092327573209,6.955268016269083,5.452468568314851,7.836110420423348,6.1733671805416535,5.219175367149287,7.043536430712765,8.441226635952042,7.866159363557441,7.295820850822893,10.629589956574081,4.657747556732502,10.664689553998507,6.87740961674818,5.254082173817071,4.20248826634906,9.972117749453743,7.8989357835647995,7.582893984851229,7.710606748762898,7.573389725754391,8.403071079191616,7.973755659817362,6.719809268033934,7.299869343030288,6.161022586220796,6.821296278357062
20241106-297-LMU-1,7.181859393910478,7.6489136570396195,0.0,4.475589779138233,5.9966787452621695,7.482030572596862,4.846041497368148,5.346656649484817,0.0,7.518843583537996,4.643341479014164,7.419882972707021,9.810781728830797,10.546135661999651,4.75473055116679,8.775633532900578,8.347122834519435,6.718128791693564,4.990076544386845,5.147440381264433,4.685323935993019,8.070210341972938,5.1103848707674056,6.188318919323683,6.881706183681235,7.847198778867163,3.588401207201005,7.3325672705977505,6.6951334536998806,5.286952917307276,7.890881957423331,6.178093987331992,5.2447813776934575,7.009154230924918,8.443889215271152,7.819780123473403,7.134405001929394,10.731897471783666,4.3337010260538475,10.641734134609997,6.850755437299334,5.124655688286976,4.3512735889013525,9.895531522006355,7.812933979345886,7.357599844638349,7.5305440976983,7.462729760625529,8.402028517281689,7.90502990702611,6.724784249831293,7.262181438168911,6.285805141777445,6.824977768020289
20241106-297-LMU-13,7.303228751437561,7.603600369385693,2.062972937249,4.836266068160442,6.007402336601536,7.44097346379551,4.860260682452101,5.141366231474361,3.4664877770744806,7.525373624818179,3.1793664247427675,7.255572455287473,9.608269847898592,10.360667124138617,4.820863191011942,8.578334851510055,8.398027211599917,6.800424042903554,5.0737614778274285,5.370806287402293,4.601184015721581,8.0153723643234,5.401789176866788,6.0787312052771,6.839562899546895,7.8010421583713905,4.070128949899772,7.296877811194812,6.819091743997277,5.167433763089366,7.840148923953508,6.217872321638871,5.232589896471353,6.978880998903025,8.43918323613317,7.767820464294169,7.251026660808938,10.61148124172626,4.673747116368149,10.638304060674766,6.789738013281343,5.1360898651957365,4.481659786111778,9.952308675664085,8.009472214239068,7.544390300040112,7.692602144333153,7.488758371541373,8.376729731059049,7.966632266505232,6.695612845546289,7.26083996521345,6.399686244358109,6.866963634282891
20241106-297-LMU-22,7.131327911721362,7.493498894814388,2.260793998410556,7.222858299604911,5.144787134308629,7.404624092451585,4.576366040875963,5.374370601312812,3.4583582462528835,7.609578181541593,2.516222455391258,7.340726337506873,9.714106289420773,10.473741098645808,4.610424783540335,8.64459914149545,8.42562944247998,6.623705167590859,4.651794941976063,5.15539855701291,4.633593751859863,8.085968900344765,5.002605067629596,6.0888349930482555,6.777272810653856,7.922439049403233,3.9331876091179727,7.22868058027063,6.779670883623686,5.195254201561078,7.853038606392232,6.2114919075490675,5.247063994282871,7.039174548282213,8.432435356946566,7.914421787287737,7.097418395243941,10.78316749743114,4.16741842499103,10.69775213059174,6.9985809863176645,5.0885856911195075,4.109960368195679,9.920665723251894,7.801071468839332,7.2497425780971,7.534801978509572,7.409504181869658,8.389342888769255,7.961306650855465,6.616266997321915,7.182673405530249,6.292906729207671,6.789022218313927
20241106-297-LMU-4,7.279493933961287,7.583721705077705,5.004055201085183,7.173986088668878,6.10379882224056,7.4998584455829445,4.712573032214601,5.414623303860618,1.5057022693776905,7.6723139321347205,3.5474735832375632,7.331421493481219,9.592245981050283,10.330128869098314,4.479850905885698,8.497862901369723,8.400604304493966,6.698521121420447,4.843077146867908,5.202191290997139,4.689453640122778,8.08625865429702,5.281928943350971,5.893983658103439,6.807974173671879,7.7996255132408985,4.360884359782799,7.180040707634324,6.63817975044384,5.317111006147034,7.793193118795046,6.172022995141444,5.116437167799844,6.960498543211194,8.410183291708925,7.746969881826495,7.154218827038093,10.75576197738578,4.117561893780644,10.76573993986365,6.921485294936246,4.792530317212928,4.153348068844154,10.002315686165078,7.842097528930756,7.45413758317192,7.75569008035271,7.459624513746147,8.35793805521212,7.883250000668272,6.608279882230351,7.217565236901344,6.289124829741512,6.785370320908028
20241106-297-LMU-15,7.22721348097842,7.564949702850378,3.9201670310085808,4.422453914048216,6.148801876913741,7.456403617487313,4.5822282642286885,5.2768305953611065,0.0,7.597218834806631,3.9438313141448518,7.541823339756435,9.885171933613204,10.603159411035035,4.827576382975648,8.848344966588524,8.451617777965303,6.768640758090658,4.918129819068093,5.252578600002957,4.847712155088609,8.097350614528745,4.9682359560320215,6.155035250170717,6.840715145596648,7.8340140070907465,4.439383850678548,7.174922794967489,6.801315104060149,5.2815709405177955,7.80172673620395,6.246083658055735,5.213101393957373,7.181239263470086,8.447090702635313,7.944059389996258,7.178545885118493,10.729153346930323,4.155394457786794,10.584414515135267,6.800992049399179,4.993912692594963,4.4105018380162635,9.883739030103891,7.826888791442328,7.266122298131045,7.500238877020226,7.552008982289028,8.361758260408036,7.976107342601808,6.749928435537212,7.380702836278442,6.254536803511918,6.9199908322557775
20241106-297-LMU-16,6.675913011554888,6.203095906609493,0.0,4.638070488810079,5.4031208748766835,6.343583264170149,4.305616791307726,4.986852468155939,1.632428169907397,7.550709644952137,3.539874549442475,7.457784241252956,9.754379284347095,10.466327824893428,4.983612324212804,8.720317674859233,8.389393565816002,6.6684304674811585,4.977646966916799,5.557981288085386,4.828117207133304,8.12531308233538,5.394543672283144,6.056818992656041,6.920552988700858,7.911046090744895,4.112963979797416,7.312366770342816,6.708140289823002,5.477034602118657,7.9138394037090105,6.074147191888411,5.424400654353486,6.9530732384922675,8.492816300213557,7.8055063519424195,7.2516929295457535,10.674437730363925,4.357974418103333,10.686947989070928,6.1673574252185785,4.862635616586436,4.277573888073088,10.020334483740672,7.983853495084095,7.4595645925215015,7.782498656180884,7.415799330127433,8.435744041917383,7.924918471557968,6.844603016389567,7.109830859844169,6.422013526238794,6.903876329455804
20241106-297-LMU-18,7.187004606661852,7.220451903301854,0.0,4.434183723159028,4.245006372786981,7.452332929359367,4.640873540140328,4.834693095574908,0.0,7.672028149058593,4.012740297787875,7.164598994749889,9.56930558074633,10.29743530789303,4.699878133911889,8.504680828669734,8.58801735313895,6.65556662612974,5.041040196908102,5.1244092398508085,4.50302827467057,8.054518539420803,5.077564223177516,6.062877892667574,6.742278268923801,7.7941937345318655,4.210023818719666,7.175238275308446,6.9214182060654155,5.217051137135473,7.724772962800474,6.124762996935949,5.26229197995973,7.105786577571057,8.470123491598144,7.975599520772646,7.078298013923629,10.787532685408285,3.808499067907993,10.707525315657081,6.960302688097836,5.137719915277999,3.6918146480683784,9.924172673741502,7.873455230578237,7.251745515823364,7.506652285702982,7.6267896924452945,8.357011245860301,8.060959743390484,6.658955645371007,7.182455257301147,6.127302543993297,6.85725608864087
20241106-297-Dunn-18,6.768387864452404,6.780386934961894,2.4031399082459974,4.724355428420206,5.653005277087415,7.5084300118085245,4.59722359443156,5.580869026366189,5.885566060496478,7.574247893343156,4.614238733182628,7.275331953880686,9.53929689716405,10.28367411316183,4.955589255235431,8.484270948994611,8.288292550535044,6.920374830335902,4.853071170525155,5.434051653053958,4.202534925662784,8.088056320409233,5.170009910517549,6.162789263610446,6.918673000651328,7.884700726797711,4.256939959658566,7.2874550085316745,6.597676679717824,5.463324139362465,8.295704093847126,6.27849268985724,4.90688447309276,6.924413138319803,8.830205654967939,7.656199109203777,7.263193079587869,10.714457398545774,4.65688084079329,10.622188701059654,6.669271219737821,5.11081227825963,4.142522750161718,10.073008345837488,7.9195985911087154,6.842837519799536,7.5696093850588575,7.3345775447262715,8.787372892766825,7.771493972503809,6.770553921159061,7.357591611612229,6.474605247857275,6.916894321273996
20241106-297-Dunn-27,6.662562902391916,7.616468902380468,0.0,4.277353449406382,6.267274378095796,7.524294014025916,4.508198621307478,5.43371190712379,4.184265769838671,7.557135639278594,3.7473125373618283,6.036768932490032,8.364262290747662,9.218234495944786,4.807396029765094,7.276458418085826,8.717790636389026,6.560538784306876,4.743535293683098,5.365932503476902,4.323959493994603,8.01836482670074,5.349065722511001,6.081260991300203,6.687114085006884,7.834628278542608,4.566989504469309,7.209658707950092,7.013427745389659,5.35525485036076,8.101758520440564,6.058016332246804,4.835300682701897,7.286666924526849,8.710784049205671,8.161277016126943,7.145913753627119,10.744415742382525,4.545164437536255,10.710957610283728,7.2012096818783276,4.909384673892641,3.985032875043323,10.08071729671154,7.907867627434267,6.82309448544894,7.699727079958615,7.766105213646342,8.604972002194684,8.199643268761587,6.6177939733790065,7.14731054239006,6.25064326725452,6.806776631996297
20241106-297-French-3,3.0516373265706176,6.364319527629745,4.704008099260197,4.184146583871889,5.564852483754758,5.563432274049542,4.518437669108387,3.6962374477553412,5.320952193890158,7.620123859353071,4.478635244490329,7.341424447879489,9.731528064969726,10.464655314983847,4.743414233514301,8.595967877073393,8.333327664761525,6.782811114500383,4.628213240190449,5.284779127246077,3.041753453996185,7.975158001883361,5.324702043678644,5.7910773325990235,6.742224725694227,7.862510278934395,4.213083137096066,7.307618923828453,6.730448186451983,5.418989383358441,8.351604138051604,6.003330644398063,4.645063276418498,6.979992978948463,8.941976860544159,7.846874234598848,7.181864326899044,10.67622045715713,4.675654215621239,10.591901425340481,6.939164625373693,4.846142241056167,4.252700279814416,9.993336747817569,7.7512729927082855,6.719488328755912,7.561587446996179,7.490935064268724,8.936323964115847,7.947918767303791,6.808370123254609,7.514691475188199,6.438017248745216,6.672960770836573
20241106-297-French-22,6.04603855389984,6.993124763512656,4.251086045937718,7.466207232020163,5.251461012609836,7.508679256139875,4.1094802934019965,5.073247445666597,5.079786599271008,7.624357433642066,3.5764617125110134,7.414928647809509,9.771142071377232,10.504840793978307,4.680327608476855,8.709585122489408,8.425678018977859,6.58767393421113,4.5053510306610995,5.445405150786586,3.887027736236288,8.030867265567444,5.420331795799536,5.989023187615586,6.856241399937246,7.771652727825801,4.325170306785796,7.255095160143531,6.65997411386182,5.641460440833553,8.378013847978455,6.057857680782229,4.556976773671125,7.0733904621900985,9.014856276808482,7.856263470025977,7.230151329423922,10.673854982972536,4.698849115329779,10.595192429903049,6.876453731413553,4.837456977942517,4.423845658763913,10.06892863030424,7.785055285599911,6.612421683798128,7.644565626283203,7.5147909801888835,8.95380574603417,7.929019906081748,6.74483597076439,7.27661566527415,6.463299651137066,6.724427494205749
20241106-297-French-23,6.317276808766215,5.138350757077005,4.665498052337624,7.419535474691033,0.0,6.688819894261366,3.398787986423866,5.335926017231265,5.350502211120541,7.583644362750843,3.30657274708034,7.369908470970826,9.65219734715391,10.406670902211903,4.7690920855274035,8.639064980089811,8.370891281828845,6.74388470537322,4.7657365725105505,5.332783583957005,3.8181877513456612,7.97603734419086,5.4077811857548355,5.938425203609657,6.800103899205546,7.824950414048279,4.10040037466682,7.31621654390663,6.764160740803424,5.666482137133033,8.399126356246994,6.092716674247438,4.603951543350299,7.034807575946653,9.029438588797374,7.822656737270127,7.208040770138282,10.687451795995647,4.932635418876729,10.631990346412344,6.568715905966299,4.639362035791463,4.184489366269708,10.05376118318629,7.856042246982119,6.773754789224914,7.771951852883244,7.505753916618554,8.956420814889809,7.919136231348842,6.929051941723465,7.470376339121069,6.410758174856423,6.762731508548086
20241106-297-LMU-9,4.195283232439155,6.2731337837137575,2.6842386152807514,4.407987110705375,4.02862605980255,3.603819230590151,4.899682840846225,0.0,2.561444186010135,7.688481943478539,4.294357648143854,7.199853935881461,9.533174571435048,10.293170497422278,4.507799632946026,8.478085476550588,8.192616256198104,6.723859143509382,5.0444773807430385,5.36486887360509,4.212213183577396,6.7994323253207405,5.097747561791123,5.960870701635236,6.813786761679852,7.952854763867154,4.2673256462172215,7.297939857145578,6.61872676647716,5.136576203473045,7.870865973811707,6.279674048043913,5.208109387158628,6.988463073528297,8.52965484500586,7.796281566870825,7.267448585076866,10.840225314975514,4.70610880343415,10.763675817464513,7.067704703984264,4.612193867487904,4.041615337633344,9.991963551153752,7.878341469589144,7.5196893202398885,7.5093206820998155,7.449259284141319,8.43584998432802,7.849934461919184,6.667155732392776,6.518971418522681,6.29732830263334,6.864414685929889
20241106-297-LMU-21,6.984454481766639,7.516845181331302,2.2414632505876337,4.586521621831446,6.198641568302046,7.37641633753621,7.366544646707518,5.259072253674619,1.899185235160391,7.669063219126422,2.733015513834935,6.72396842281594,9.109761668920731,9.984876832103087,4.433331097316197,8.09755179432391,8.83521371839571,6.433720745739864,4.9220504416614785,5.0652562808135775,4.258053989383446,7.906592150490289,5.014448246786096,5.850010564210712,6.656973708280988,7.799047658902444,6.0998878613083125,7.2059754371156375,7.152530266948944,5.2069153643278066,7.717588923475576,5.829209057131147,5.0149093445035415,7.457667036479673,8.328966254062115,8.229093959748296,7.107402289714749,10.744490116145883,4.704078498326701,10.665544700281815,7.2686645349380425,4.920446706199535,4.017402699207317,9.953246130731417,7.688877500176636,7.208519964303426,7.379706710988212,7.8866172939951085,8.285637336065601,8.30453337226145,6.564112185850096,7.10501417138973,6.195753514220031,6.598552897549084
