feature,n_qc_samples_qc_only,qc_detection_rate_qc_only,qc_mean_intensity_qc_only,qc_cv_pct_qc_only,qc_order_spearman_rho_qc_only,qc_order_spearman_abs_qc_only,mz,rt,n_qc_samples_dqc_only,qc_detection_rate_dqc_only,qc_mean_intensity_dqc_only,qc_cv_pct_dqc_only,qc_order_spearman_rho_dqc_only,qc_order_spearman_abs_dqc_only,stable_qc_only_30,stable_dqc_only_30,stable_in_both_30,cv_gap_dqc_minus_qc,abs_drift_gap,potential_concentration_sensitive_flag
FT-000,11,1.0,1555.658673077971,9.195469765784631,0.19090909090909092,0.19090909090909092,359.10876783781686,543.8463735187979,5,1.0,1456.1728437039606,4.212939295721932,0.7,0.7,True,True,True,-4.9825304700627,0.509090909090909,False
FT-001,11,1.0,2260.7097171459673,8.921596940475315,0.09090909090909091,0.09090909090909091,357.1095460532417,543.8391573306372,5,1.0,2148.156841698837,3.0681695175472585,-0.7999999999999999,0.7999999999999999,True,True,True,-5.853427422928056,0.709090909090909,False
FT-002,11,1.0,1375.0627606749038,20.949984396401003,-0.21818181818181823,0.21818181818181823,889.6499309783783,609.0997423566134,5,1.0,1667.7898673382035,38.31402327747742,-0.49999999999999994,0.49999999999999994,True,False,False,17.364038881076414,0.28181818181818175,True
FT-003,11,1.0,3730.8704546326985,9.194400726943972,0.24545454545454545,0.24545454545454545,355.11192836605056,543.9952686842126,5,1.0,3556.5238723604866,5.585141774995058,-0.6,0.6,True,True,True,-3.609258951948914,0.3545454545454545,False
FT-004,11,1.0,4927.071786112868,20.655924897670747,-0.30000000000000004,0.30000000000000004,888.6453654740943,609.2556518766722,5,1.0,5777.019562265412,39.22747391034765,-0.6,0.6,True,False,False,18.5715490126769,0.29999999999999993,True
FT-005,11,1.0,30133.94500837972,17.73829242015375,-0.10909090909090911,0.10909090909090911,886.6324598613013,609.4612894305731,5,1.0,34151.11838415392,35.017564110100096,-0.49999999999999994,0.49999999999999994,True,False,False,17.279271689946345,0.3909090909090908,True
FT-006,11,1.0,14237.665886413428,19.62020863947125,-0.20909090909090913,0.20909090909090913,887.6403722304062,609.3874587233016,5,1.0,16686.037311357086,37.919994548977776,-0.6,0.6,True,False,False,18.299785909506525,0.3909090909090909,True
FT-007,11,1.0,1808.8712306525003,15.367131201067654,-0.16363636363636366,0.16363636363636366,1051.7428230998376,753.1931299912063,5,1.0,2034.6853520320794,4.693517932792014,0.0,0.0,True,True,True,-10.67361326827564,0.16363636363636366,False
FT-008,11,1.0,5947.237607897971,14.062650040033535,-0.24545454545454545,0.24545454545454545,1050.739663862885,753.4570032840134,5,1.0,6593.524201363737,4.167536423298423,0.7,0.7,True,True,True,-9.895113616735113,0.4545454545454545,False
FT-009,11,1.0,15570.570638268107,13.725603608915709,-0.24545454545454545,0.24545454545454545,1049.7326640547776,753.5937523711316,5,1.0,16871.356695234368,2.807746947555693,0.3,0.3,True,True,True,-10.917856661360016,0.054545454545454536,False
FT-010,11,1.0,28860.09038225068,12.85291024301093,-0.26363636363636367,0.26363636363636367,1048.7247997662084,753.8246143446223,5,1.0,30544.026020049998,2.5309125855796175,0.3,0.3,True,True,True,-10.321997657431313,0.03636363636363632,False
FT-011,11,1.0,915.2158818474385,16.511493756844672,-0.02727272727272728,0.02727272727272728,1211.8279152595003,874.6133425350365,5,1.0,998.6352073606173,3.6670932256305164,-0.09999999999999999,0.09999999999999999,True,True,True,-12.844400531214156,0.07272727272727271,False
FT-012,11,1.0,1601.0158028281076,13.354849930846736,-0.11818181818181818,0.11818181818181818,1210.8240555433492,874.6067099501091,5,1.0,1755.4189546589957,11.673887433614476,0.19999999999999998,0.19999999999999998,True,True,True,-1.6809624972322599,0.0818181818181818,False
FT-013,11,0.8181818181818182,464.2807048759787,144.68390593192333,-0.692484712318872,0.692484712318872,1210.8270502489595,899.7233926516836,5,0.8,133.4805756875559,59.77102211258875,-0.49999999999999994,0.49999999999999994,False,False,False,-84.91288381933458,0.19248471231887204,False
FT-014,11,1.0,2940.045780604,15.496130230170497,-0.44545454545454555,0.44545454545454555,843.583190546885,963.0868614775412,5,1.0,2232.4422475440288,20.25983200729826,0.8999999999999998,0.8999999999999998,True,True,True,4.763701777127764,0.45454545454545425,False
FT-015,11,0.9090909090909091,1771.7918161540524,37.60354190566894,-0.33636363636363636,0.33636363636363636,1685.172273985871,962.883033571473,5,1.0,1411.0098448944032,29.832945790992156,0.8999999999999998,0.8999999999999998,False,True,False,-7.770596114676785,0.5636363636363635,False
FT-016,11,1.0,1561.674546994932,20.71419470253897,-0.3545454545454546,0.3545454545454546,870.5947196667247,967.2980513141862,5,1.0,1335.5142527831586,27.12128262813301,0.8999999999999998,0.8999999999999998,True,True,True,6.407087925594041,0.5454545454545452,False
FT-017,11,1.0,3497.7871295181085,35.53642037928517,-0.36363636363636365,0.36363636363636365,1684.17080155624,963.0445524548423,5,1.0,2798.9529366148586,33.46738059294913,0.8999999999999998,0.8999999999999998,False,False,False,-2.0690397863360417,0.5363636363636362,False
FT-018,11,1.0,2618.2826099031004,20.705922401654234,-0.08181818181818183,0.08181818181818183,1372.9191123009864,980.422438027575,5,1.0,2942.50234969741,12.024719900726003,0.09999999999999999,0.09999999999999999,True,True,True,-8.681202500928231,0.01818181818181816,False
FT-019,11,1.0,4317.111000476242,36.218192472724084,-0.39090909090909093,0.39090909090909093,1683.166364634833,963.0453163090324,5,1.0,3674.343227172143,21.787930287267308,0.9999999999999999,0.9999999999999999,False,True,False,-14.430262185456776,0.6090909090909089,False
FT-020,11,1.0,13253.899296059715,14.308862868394263,-0.44545454545454555,0.44545454545454555,842.5773942493681,963.3235892455184,5,1.0,10389.096294079969,25.844783648929187,0.8999999999999998,0.8999999999999998,True,True,True,11.535920780534925,0.45454545454545425,False
FT-021,11,1.0,16339.373024466828,14.104446153805094,-0.45454545454545453,0.45454545454545453,842.0756790432796,963.2789284715732,5,1.0,12468.783857807632,22.55355566413425,0.8999999999999998,0.8999999999999998,True,True,True,8.449109510329157,0.44545454545454527,False
FT-022,11,1.0,2145.1829461861403,29.966489119330678,-0.27272727272727276,0.27272727272727276,1454.994982263801,1013.8599853437128,5,1.0,1461.1910805270454,25.24125857324582,0.8999999999999998,0.8999999999999998,True,True,True,-4.725230546084859,0.627272727272727,False
FT-023,11,1.0,1724.8333027315362,18.756711988872706,-0.05454545454545456,0.05454545454545456,1373.9225103480585,980.4212867734888,5,1.0,1865.0430536807119,8.286971836045044,-0.09999999999999999,0.09999999999999999,True,True,True,-10.469740152827661,0.045454545454545435,False
FT-024,11,1.0,2644.757789195588,16.923349116532123,-0.4000000000000001,0.4000000000000001,944.6434806058312,1013.805438811442,5,1.0,1890.9413272110746,24.61155957208337,0.8999999999999998,0.8999999999999998,True,True,True,7.688210455551246,0.4999999999999997,False
FT-025,11,1.0,6916.847979690364,14.935593560196557,-0.36363636363636365,0.36363636363636365,843.080105891697,963.2439588234024,5,1.0,5451.606987967656,24.61552633597609,0.8999999999999998,0.8999999999999998,True,True,True,9.679932775779532,0.5363636363636362,False
FT-026,11,1.0,2430.6218039658693,20.10396235132519,-0.26363636363636367,0.26363636363636367,727.9951742528884,1014.168080213055,5,1.0,1648.3888782007384,24.343655632831478,0.8999999999999998,0.8999999999999998,True,True,True,4.2396932815062875,0.6363636363636361,False
FT-027,11,1.0,4768.958402143237,16.833738644468834,-0.5,0.5,944.1420067072388,1013.8565207197244,5,1.0,3468.301513163967,27.37616457265768,0.8999999999999998,0.8999999999999998,True,True,True,10.542425928188845,0.3999999999999998,False
FT-028,11,0.9090909090909091,505.61048964343286,41.68841358259055,-0.02727272727272728,0.02727272727272728,1845.2675702568588,1057.465322843472,5,1.0,236.96330568667722,79.86555546225469,0.7,0.7,False,False,False,38.17714187966414,0.6727272727272727,False
FT-029,11,1.0,1590.8318281935326,45.44139219181043,-0.4272727272727273,0.4272727272727273,1845.2657451181792,1070.965956893128,5,1.0,1024.3680360401904,49.84470431021096,0.8999999999999998,0.8999999999999998,False,False,False,4.403312118400528,0.4727272727272725,False
FT-030,11,1.0,5256.516302450767,15.993402202516048,-0.43636363636363645,0.43636363636363645,943.6407760815548,1013.782160621757,5,1.0,3822.913022804443,25.468903395979254,0.8999999999999998,0.8999999999999998,True,True,True,9.475501193463206,0.46363636363636335,False
FT-031,11,1.0,8703.615182079611,13.560675769523998,-0.26363636363636367,0.26363636363636367,923.62339275087,1057.5964004037503,5,1.0,5106.16835071332,21.98528065311269,0.8999999999999998,0.8999999999999998,True,True,True,8.42460488358869,0.6363636363636361,False
FT-032,11,1.0,4945.637645832655,16.24726437076117,-0.39090909090909093,0.39090909090909093,923.6242483918668,1071.5163479969956,5,1.0,2996.6969131901656,28.039508962946595,0.8999999999999998,0.8999999999999998,True,True,True,11.792244592185426,0.5090909090909088,False
FT-033,11,1.0,2115.69776163693,14.826828427129955,-0.27272727272727276,0.27272727272727276,924.6276314779026,1057.7246344641724,5,1.0,1200.5638182899752,23.659186219026633,0.8999999999999998,0.8999999999999998,True,True,True,8.832357791896678,0.627272727272727,False
FT-034,11,1.0,1174.3463061664256,17.868719423910896,-0.3454545454545455,0.3454545454545455,924.6284568794596,1071.194488617538,5,1.0,713.3022051880502,26.50975633165072,0.8999999999999998,0.8999999999999998,True,True,True,8.641036907739824,0.5545454545454542,False
FT-035,11,1.0,4825.546196539682,15.11694873843498,-0.11818181818181818,0.11818181818181818,924.1258165788284,1057.66078474932,5,1.0,2861.7989454327,25.298615934105,0.8999999999999998,0.8999999999999998,True,True,True,10.181667195670022,0.7818181818181816,False
FT-036,11,1.0,2744.806913217101,16.043568746907855,-0.3272727272727273,0.3272727272727273,924.1258325459404,1071.4321892574976,5,1.0,1654.0958986806668,24.670826338939154,0.8999999999999998,0.8999999999999998,True,True,True,8.627257592031299,0.5727272727272725,False
FT-037,11,1.0,3003.5202021563223,16.45276449966802,-0.39090909090909093,0.39090909090909093,1025.6898265569414,1095.46453629439,5,1.0,1915.8010985046694,24.680818547163774,0.8999999999999998,0.8999999999999998,True,True,True,8.228054047495753,0.5090909090909088,False
FT-038,11,1.0,483.19473611175033,17.6728880523462,-0.28181818181818186,0.28181818181818186,1025.690862799387,1107.23462155222,5,1.0,293.12095449016607,27.937956799638332,0.7,0.7,True,True,True,10.265068747292133,0.4181818181818181,False
FT-039,11,1.0,5209.867203264728,15.864047863963044,-0.20000000000000004,0.20000000000000004,1024.6867091528734,1095.258554693031,5,1.0,3312.635359515679,29.071078239454387,0.8999999999999998,0.8999999999999998,True,True,True,13.207030375491343,0.6999999999999997,False
FT-040,11,1.0,886.5293864385967,13.387821221160955,-0.09090909090909091,0.09090909090909091,1024.6859401518484,1107.6170160866384,5,1.0,548.8239420669836,33.400268429726836,0.8999999999999998,0.8999999999999998,True,False,False,20.01244720856588,0.8090909090909089,True
FT-041,11,1.0,5085.1341068364645,16.42351642061528,-0.30000000000000004,0.30000000000000004,1025.1883020825835,1095.323555128769,5,1.0,3222.5320724288677,26.173199754236272,0.8999999999999998,0.8999999999999998,True,True,True,9.749683333620993,0.5999999999999998,False
FT-042,11,1.0,813.4564185061249,21.29202363036136,-0.21818181818181823,0.21818181818181823,1025.1886386302892,1107.3546178711229,5,1.0,558.8071477531996,28.75537463853861,0.49999999999999994,0.49999999999999994,True,True,True,7.4633510081772485,0.28181818181818175,False
FT-043,11,1.0,3673.4484500965063,14.038099419463173,-0.24545454545454545,0.24545454545454545,1005.172041771252,1156.3855354906916,5,1.0,1898.603894561535,31.228341090151456,0.8999999999999998,0.8999999999999998,True,False,False,17.190241670688284,0.6545454545454543,True
FT-044,11,1.0,9871.53828443148,13.608698374653995,-0.26363636363636367,0.26363636363636367,923.1212556300736,1057.6205174785268,5,1.0,5895.905531940811,23.262018123545158,0.8999999999999998,0.8999999999999998,True,True,True,9.653319748891162,0.6363636363636361,False
FT-045,11,1.0,5683.922567946237,15.944506072332022,-0.38181818181818183,0.38181818181818183,923.1220202532094,1071.5859281352352,5,1.0,3382.0822096787974,26.045101558935112,0.8999999999999998,0.8999999999999998,True,True,True,10.10059548660309,0.518181818181818,False
FT-046,11,1.0,6610.777976966396,13.349390543993996,-0.22727272727272727,0.22727272727272727,1004.1671268211272,1156.358765017695,5,1.0,3324.246737163291,26.20855795647519,0.8999999999999998,0.8999999999999998,True,True,True,12.859167412481193,0.6727272727272725,False
FT-047,11,1.0,225.33205707869138,36.648962381459704,-0.41818181818181827,0.41818181818181827,995.65692637966,1120.1782129636545,5,1.0,89.19134792124368,43.041928477119036,0.9999999999999999,0.9999999999999999,False,False,False,6.392966095659332,0.5818181818181816,False
FT-048,11,1.0,1832.6181706770913,20.155945711241678,-0.41818181818181827,0.41818181818181827,995.6559728029966,1136.486651444235,5,1.0,1156.4887443827283,32.61482582806233,0.9999999999999999,0.9999999999999999,True,False,False,12.458880116820652,0.5818181818181816,True
FT-049,11,1.0,1635.2833299012173,18.525926962237264,-0.2545454545454546,0.2545454545454546,1097.2225774589213,1176.9292956095635,5,1.0,1273.74329148453,27.139329275477355,0.8999999999999998,0.8999999999999998,True,True,True,8.61340231324009,0.6454545454545453,False
FT-050,11,1.0,6227.326577897577,14.281239714641679,-0.26363636363636367,0.26363636363636367,1004.669623849698,1156.3925786840523,5,1.0,3175.6673224207816,28.091367631487877,0.8999999999999998,0.8999999999999998,True,True,True,13.810127916846199,0.6363636363636361,False
FT-051,11,1.0,130.10013630036502,15.855308980102864,-0.4090909090909091,0.4090909090909091,1069.2050570468462,1157.7638325982018,5,1.0,72.23061465044573,29.131908523660005,0.6,0.6,True,True,True,13.276599543557142,0.19090909090909086,False
FT-052,11,1.0,1665.0215529972318,17.97260968228736,-0.3727272727272728,0.3727272727272728,1069.2070748658969,1173.5811959662594,5,1.0,983.3668856931151,27.498585539634323,0.7,0.7,True,True,True,9.525975857346964,0.32727272727272716,False
FT-053,11,1.0,1619.9294039012275,19.906980102532014,-0.33636363636363636,0.33636363636363636,1097.723992703951,1176.67239430599,5,1.0,1313.842362173183,26.009433567202272,0.8999999999999998,0.8999999999999998,True,True,True,6.102453464670258,0.5636363636363635,False
FT-054,11,1.0,2506.0327709799835,17.92775300213134,-0.08181818181818183,0.08181818181818183,1106.2349666883931,1180.403233758563,5,1.0,1536.3915024541168,31.022376058464065,0.7,0.7,True,False,False,13.094623056332725,0.6181818181818182,True
FT-055,11,1.0,2387.60825200239,16.21411651530456,-0.09090909090909091,0.09090909090909091,1105.7327676680493,1180.3586166880116,5,1.0,1516.5325296623375,28.385515297033738,0.8999999999999998,0.8999999999999998,True,True,True,12.171398781729177,0.8090909090909089,False
FT-056,11,1.0,2788.1660946357697,16.585760165888576,-0.07272727272727274,0.07272727272727274,1178.2689676482953,1244.9133772041282,5,1.0,2002.3507975118446,26.967876685358522,0.8999999999999998,0.8999999999999998,True,True,True,10.382116519469946,0.827272727272727,False
FT-057,11,1.0,1944.9380968611463,17.543502390060354,-0.23636363636363636,0.23636363636363636,1179.2722036799555,1244.832670568563,5,1.0,1323.8261599847515,30.472000237532658,0.9999999999999999,0.9999999999999999,True,False,False,12.928497847472304,0.7636363636363636,True
FT-058,11,1.0,7088.137237817102,15.66742141860612,-0.29090909090909095,0.29090909090909095,1078.208562682587,1212.3710107648494,5,1.0,4681.914553102057,21.899311612599753,0.8999999999999998,0.8999999999999998,True,True,True,6.2318901939936335,0.6090909090909089,False
FT-059,11,1.0,2453.3156439032277,17.107270574508068,-0.11818181818181818,0.11818181818181818,1223.7919594716086,1257.9046668683316,5,1.0,1657.6693087607869,25.665840081165253,0.9999999999999999,0.9999999999999999,True,True,True,8.558569506657186,0.8818181818181817,False
FT-060,11,1.0,400.7886016215288,17.424642441618307,-0.05454545454545456,0.05454545454545456,1251.815294797806,1252.0156980757831,5,1.0,301.4474986875272,25.97911296035211,0.9999999999999999,0.9999999999999999,True,True,True,8.554470518733805,0.9454545454545453,False
FT-061,11,1.0,7352.303049501122,16.021469210983604,-0.4090909090909091,0.4090909090909091,1251.8151979857469,1273.952845715492,5,1.0,5309.152439720074,24.951111991110317,0.8999999999999998,0.8999999999999998,True,True,True,8.929642780126713,0.4909090909090907,False
FT-062,11,1.0,3143.0670541809695,14.300506494659452,-0.30000000000000004,0.30000000000000004,1078.713769906068,1212.1759527027516,5,1.0,2051.4955787998965,20.225284189121446,0.9999999999999999,0.9999999999999999,True,True,True,5.924777694461994,0.6999999999999998,False
FT-063,11,1.0,1353.3149118790946,13.587038070796833,-0.1272727272727273,0.1272727272727273,1149.7527620467906,1199.627733531914,5,1.0,940.2117323078521,27.960361481996788,0.9999999999999999,0.9999999999999999,True,True,True,14.373323411199955,0.8727272727272726,False
FT-064,11,1.0,8017.739487821633,15.2927583675693,-0.2545454545454546,0.2545454545454546,1149.7500936653876,1245.272856166862,5,1.0,4823.88391592002,24.253988521501096,0.8999999999999998,0.8999999999999998,True,True,True,8.961230153931796,0.6454545454545453,False
FT-065,11,1.0,480.1136525835864,20.13205528892478,0.21818181818181823,0.21818181818181823,1149.7477835102598,1279.935188473766,5,1.0,456.30915882500705,30.830300469528495,0.8999999999999998,0.8999999999999998,True,False,False,10.698245180603717,0.6818181818181815,True
FT-066,11,1.0,1444.0545926452266,13.521655317923825,-0.18181818181818182,0.18181818181818182,1150.2523051364865,1199.6136168612857,5,1.0,1027.7045501158889,29.345369281607212,0.9999999999999999,0.9999999999999999,True,True,True,15.823713963683387,0.8181818181818181,False
FT-067,11,1.0,8547.467029796246,15.37102524928422,-0.2545454545454546,0.2545454545454546,1150.251969729645,1245.3086840060384,5,1.0,5162.5258285212385,28.409789764007712,0.8999999999999998,0.8999999999999998,True,True,True,13.038764514723493,0.6454545454545453,False
FT-068,11,1.0,488.2199166624425,19.787251705708155,0.05454545454545456,0.05454545454545456,1150.2524730526775,1279.7884240559065,5,1.0,438.04719329737975,33.51560268113362,0.9999999999999999,0.9999999999999999,True,False,False,13.728350975425467,0.9454545454545453,True
FT-069,11,1.0,924.0848528841284,14.39267073431749,-0.13636363636363638,0.13636363636363638,1150.7568385346326,1199.4452906242605,5,1.0,648.2260298295802,25.091298423511965,0.9999999999999999,0.9999999999999999,True,True,True,10.698627689194476,0.8636363636363635,False
FT-070,11,1.0,5484.17748329735,15.230984983946533,-0.3727272727272728,0.3727272727272728,1150.753810446541,1245.2881515322938,5,1.0,3333.6060104673898,29.56973124906414,0.8999999999999998,0.8999999999999998,True,True,True,14.338746265117608,0.527272727272727,False
FT-071,11,1.0,326.32127127178114,22.229062103892296,-0.09090909090909091,0.09090909090909091,1150.7515985354444,1279.6007579597722,5,1.0,280.50730788486237,34.64531932254049,0.9999999999999999,0.9999999999999999,True,False,False,12.416257218648191,0.909090909090909,True
FT-072,11,1.0,135.20509259487687,21.305872859978095,-0.43636363636363645,0.43636363636363645,1252.819559504331,1252.123154423304,5,1.0,94.11644702738987,25.53764948646392,0.9999999999999999,0.9999999999999999,True,True,True,4.231776626485825,0.5636363636363635,False
FT-073,11,1.0,2683.9378118727586,17.97458437423174,0.03636363636363637,0.03636363636363637,1252.8205095026694,1273.817172792693,5,1.0,1819.9440423804517,26.557848542922294,0.8999999999999998,0.8999999999999998,True,True,True,8.583264168690555,0.8636363636363634,False
FT-074,11,1.0,3025.076300554935,17.666058629870268,-0.38181818181818183,0.38181818181818183,1178.7694962544108,1244.8608776216845,5,1.0,2058.6695726143735,25.92220904389299,0.8999999999999998,0.8999999999999998,True,True,True,8.256150414022724,0.518181818181818,False
FT-075,11,1.0,865.4637553338365,19.19381123029615,-0.46363636363636374,0.46363636363636374,1076.704086348371,1165.0016465840235,5,1.0,590.3687677366815,30.19527849042253,0.8999999999999998,0.8999999999999998,True,False,False,11.001467260126383,0.43636363636363606,True
FT-076,11,1.0,23152.514526849813,13.543073031523846,-0.2545454545454546,0.2545454545454546,1076.70024884105,1212.7298144435597,5,1.0,16131.83103754613,26.215201937241503,0.9999999999999999,0.9999999999999999,True,True,True,12.672128905717656,0.7454545454545454,False
FT-077,11,1.0,14320.498383773247,15.031424338226124,-0.3181818181818182,0.3181818181818182,1077.705946239623,1212.451251396288,5,1.0,9691.320248687078,20.611026492359986,0.8999999999999998,0.8999999999999998,True,True,True,5.5796021541338625,0.5818181818181816,False
FT-078,11,1.0,849.9818739507681,18.112749990997006,-0.33636363636363636,0.33636363636363636,1077.205728818574,1164.9081193819106,5,1.0,532.8683954255258,31.76823292713288,0.8999999999999998,0.8999999999999998,True,False,False,13.655482936135872,0.5636363636363635,True
FT-079,11,1.0,71.47372902399326,29.052571686646527,-0.02727272727272728,0.02727272727272728,1077.2093617269695,1186.4594094558372,5,1.0,117.09083847592436,160.71495882434039,0.6,0.6,True,False,False,131.66238713769386,0.5727272727272728,True
FT-080,11,1.0,22748.44054958383,13.819134421297052,-0.22727272727272727,0.22727272727272727,1077.2019763854523,1212.614388815364,5,1.0,15595.423254157786,25.995833339160225,0.9999999999999999,0.9999999999999999,True,True,True,12.176698917863172,0.7727272727272726,False
FT-081,11,1.0,1296.4015670190602,23.9971556744558,-0.20909090909090913,0.20909090909090913,1225.305158770853,1299.0897146683544,5,1.0,1103.0088100869086,23.186594872331852,0.49999999999999994,0.49999999999999994,True,True,True,-0.8105608021239483,0.2909090909090908,False
FT-082,11,1.0,1707.2479471613112,16.801170677587717,-0.2545454545454546,0.2545454545454546,815.19145248803,1299.3902606601064,5,1.0,1348.5855886860672,18.13597291401099,0.8999999999999998,0.8999999999999998,True,True,True,1.334802236423272,0.6454545454545453,False
FT-083,11,1.0,3414.581546314976,12.02459699531758,-0.13636363636363638,0.13636363636363638,1224.8042649657891,1299.2791674223463,5,1.0,2676.4148540681604,14.326983051215022,0.8999999999999998,0.8999999999999998,True,True,True,2.3023860558974416,0.7636363636363634,False
FT-084,11,1.0,1021.1857077081432,27.685420829902256,-0.36363636363636365,0.36363636363636365,1224.2978759761004,1257.7376008872648,5,1.0,752.8646367541745,28.978149215084247,0.8999999999999998,0.8999999999999998,True,True,True,1.2927283851819915,0.5363636363636362,False
FT-085,11,1.0,7867.342325774453,12.571428268373124,-0.19090909090909092,0.19090909090909092,1224.2975971419808,1299.5622354883926,5,1.0,6274.8771184931775,15.778346722650824,0.8999999999999998,0.8999999999999998,True,True,True,3.2069184542777,0.7090909090909089,False
FT-086,11,1.0,273.67974762763424,24.108214680357936,-0.18181818181818182,0.18181818181818182,1252.3224421698592,1252.0492024447103,5,1.0,191.49746244018704,24.363790834139344,0.9999999999999999,0.9999999999999999,True,True,True,0.2555761537814085,0.8181818181818181,False
FT-087,11,1.0,5119.399307830376,17.566312606355147,-0.28181818181818186,0.28181818181818186,1252.3175410114536,1273.902456757388,5,1.0,3612.4092011041002,25.698384270465368,0.8999999999999998,0.8999999999999998,True,True,True,8.13207166411022,0.6181818181818179,False
FT-088,11,1.0,17559.334008635386,12.69565080845432,-0.24545454545454545,0.24545454545454545,1223.7937689750972,1299.7601011100369,5,1.0,13878.303747102811,19.438319729840664,0.8999999999999998,0.8999999999999998,True,True,True,6.742668921386345,0.6545454545454543,False
FT-089,11,1.0,2103.1511880187813,11.054873339078059,-0.5818181818181819,0.5818181818181819,1233.2816716646137,1299.4896330327,5,1.0,1877.6382172860656,16.441036097226835,0.9999999999999999,0.9999999999999999,True,True,True,5.386162758148776,0.418181818181818,False
FT-090,11,1.0,3832.54033149045,39.678373047941456,-0.9,0.9,1231.3077713436496,1298.9480323268451,5,1.0,4363.6913143601105,16.674813398123984,0.8999999999999998,0.8999999999999998,False,True,False,-23.003559649817472,2.220446049250313e-16,False
FT-091,11,1.0,324.1675238935052,23.38047400385322,-0.05454545454545456,0.05454545454545456,1251.314808260303,1251.9082930023933,5,1.0,241.24344426204135,25.16679291510423,0.9999999999999999,0.9999999999999999,True,True,True,1.786318911251012,0.9454545454545453,False
FT-092,11,1.0,6404.246451987509,16.235882150153156,-0.3454545454545455,0.3454545454545455,1251.3142498680247,1273.8054275719012,5,1.0,4618.026413516421,25.729420851991797,0.8999999999999998,0.8999999999999998,True,True,True,9.493538701838641,0.5545454545454542,False
FT-093,11,1.0,2197.9636896411716,12.64943273672477,-0.5636363636363637,0.5636363636363637,1233.7846794103978,1299.2759946740543,5,1.0,1825.5202049718398,18.06193159837938,0.8999999999999998,0.8999999999999998,True,True,True,5.412498861654612,0.3363636363636361,False
FT-094,11,1.0,6077.404169291694,64.41917972668571,0.03636363636363637,0.03636363636363637,1221.278586377492,1303.4817365710865,5,1.0,7341.627505834843,33.088858180411165,0.8999999999999998,0.8999999999999998,False,False,False,-31.330321546274547,0.8636363636363634,False
FT-095,11,1.0,2754.065463448269,19.046860160504497,-0.3545454545454546,0.3545454545454546,1296.8385481999308,1325.9004245551305,5,1.0,1961.7317915810213,27.167415337632487,0.8999999999999998,0.8999999999999998,True,True,True,8.12055517712799,0.5454545454545452,False
FT-096,11,1.0,1880.9413801946894,15.57002018450081,-0.3272727272727273,0.3272727272727273,815.5252605920695,1299.3577408679637,5,1.0,1503.946143087735,17.857964327525284,0.8999999999999998,0.8999999999999998,True,True,True,2.2879441430244736,0.5727272727272725,False
FT-097,11,1.0,6850.099684755889,64.65713593100216,0.018181818181818184,0.018181818181818184,1221.7827177901245,1303.3882126599997,5,1.0,8309.007180310718,32.44294694875562,0.8999999999999998,0.8999999999999998,False,False,False,-32.21418898224654,0.8818181818181816,False
FT-098,11,1.0,1394.409432596258,19.242625304570392,-0.39090909090909093,0.39090909090909093,1234.285360466548,1298.978903962394,5,1.0,1188.3914732667822,16.230916055304007,0.9999999999999999,0.9999999999999999,True,True,True,-3.011709249266385,0.6090909090909089,False
FT-099,11,1.0,5102.800492770336,18.346776537376563,-0.33636363636363636,0.33636363636363636,1296.3371434985418,1325.9803275270754,5,1.0,3565.4729164054793,23.529391161107263,0.8999999999999998,0.8999999999999998,True,True,True,5.1826146237307,0.5636363636363635,False
FT-100,11,1.0,7089.887151734502,17.33546937221776,-0.26363636363636367,0.26363636363636367,1222.7890111601405,1257.9887283196858,5,1.0,4642.087154446509,27.769337850664286,0.8999999999999998,0.8999999999999998,True,True,True,10.433868478446527,0.6363636363636361,False
FT-101,11,1.0,45626.17676693369,9.378462305638827,-0.20909090909090913,0.20909090909090913,1222.7800653728018,1300.021420828775,5,1.0,37987.4816350086,13.653790231937469,0.8999999999999998,0.8999999999999998,True,True,True,4.275327926298642,0.6909090909090907,False
FT-102,11,1.0,595.2975324589725,17.66868954902645,-0.3272727272727273,0.3272727272727273,1295.3371125063638,1284.5115125888428,5,1.0,374.75774427361614,27.37767868421314,0.8999999999999998,0.8999999999999998,True,True,True,9.708989135186691,0.5727272727272725,False
FT-103,11,1.0,6135.042904251052,17.360312910852045,-0.3272727272727273,0.3272727272727273,1295.3340005034854,1325.9263584717098,5,1.0,4439.157696823162,28.31170482486871,0.8999999999999998,0.8999999999999998,True,True,True,10.951391914016664,0.5727272727272725,False
FT-104,11,1.0,6443.590725590807,17.728439775725615,-0.23636363636363636,0.23636363636363636,1222.2864765177096,1258.1864030459938,5,1.0,4515.5486531195465,29.442233123256823,0.9999999999999999,0.9999999999999999,True,True,True,11.713793347531208,0.7636363636363636,False
FT-105,11,1.0,43569.556183615,10.347126786074636,-0.26363636363636367,0.26363636363636367,1222.2792600253013,1300.11549170832,5,1.0,36676.21348863776,16.891178632664914,0.9999999999999999,0.9999999999999999,True,True,True,6.544051846590278,0.7363636363636362,False
FT-106,11,1.0,2391.0569433993355,41.26134992578198,-0.9090909090909091,0.9090909090909091,1231.808475840107,1298.7819691151412,5,1.0,2740.141674539781,17.061897051907046,0.8999999999999998,0.8999999999999998,False,True,False,-24.199452873874932,0.00909090909090926,False
FT-107,11,1.0,2258.571400895461,32.430905248027656,-0.3272727272727273,0.3272727272727273,1397.901805271989,1341.8330587617788,5,1.0,1733.6973382646124,25.46303107470553,0.8999999999999998,0.8999999999999998,False,True,False,-6.9678741733221266,0.5727272727272725,False
FT-108,11,1.0,3402.1120688904703,38.63035012201504,-0.8636363636363636,0.8636363636363636,1230.8065470462725,1298.9114676822571,5,1.0,3935.3626935285893,18.88691869090578,0.8999999999999998,0.8999999999999998,False,True,False,-19.743431431109258,0.036363636363636154,False
FT-109,11,1.0,2344.1056399243234,32.94621464241745,-0.18181818181818182,0.18181818181818182,1396.899301617407,1341.7972869078426,5,1.0,1779.5571447602688,27.083812749809308,0.8999999999999998,0.8999999999999998,False,True,False,-5.862401892608144,0.718181818181818,False
FT-110,11,1.0,3057.572263320515,29.843119001667223,-0.33636363636363636,0.33636363636363636,1397.397689304656,1341.878177208506,5,1.0,2310.4939846670204,27.192185057442295,0.8999999999999998,0.8999999999999998,True,True,True,-2.650933944224928,0.5636363636363635,False
FT-111,11,1.0,928.899079105843,23.352796489938008,-0.3545454545454546,0.3545454545454546,1295.8363020697318,1243.8481834080928,5,1.0,717.0883616099366,29.952509418564457,0.9999999999999999,0.9999999999999999,True,True,True,6.599712928626449,0.6454545454545453,False
FT-112,11,1.0,706.7006657248851,24.324879757526507,-0.28181818181818186,0.28181818181818186,1295.833757739158,1284.7258569724574,5,1.0,425.9850236430328,32.9958557771886,0.8999999999999998,0.8999999999999998,True,False,False,8.670976019662096,0.6181818181818179,True
FT-113,11,1.0,7167.101097164737,17.561113354579327,-0.41818181818181827,0.41818181818181827,1295.8340568472142,1325.935889442976,5,1.0,5254.664141159467,26.76755488548013,0.8999999999999998,0.8999999999999998,True,True,True,9.206441530900804,0.48181818181818153,False
FT-114,11,1.0,2709.068050901017,16.822788814886838,-0.20909090909090913,0.20909090909090913,1151.256806499619,1245.2813146104488,5,1.0,1653.5779782581135,26.238406704506552,0.8999999999999998,0.8999999999999998,True,True,True,9.415617889619714,0.6909090909090907,False
FT-115,11,1.0,139.8000252545429,21.56608407038389,0.15454545454545454,0.15454545454545454,1151.2577144686827,1279.5426959634483,5,1.0,120.91615861591143,35.90862572475232,0.9999999999999999,0.9999999999999999,True,False,False,14.342541654368429,0.8454545454545453,True
FT-116,11,1.0,234.48422407801627,23.719778541669946,0.6272727272727273,0.6272727272727273,1034.3156777245072,1386.2288582150331,5,1.0,129.73737080045123,31.73812454428873,0.7,0.7,True,False,False,8.018346002618784,0.07272727272727264,True
FT-117,11,1.0,2534.753483659195,18.009520979015942,0.6363636363636364,0.6363636363636364,1034.319112072233,1419.481401442064,5,1.0,1450.010906666355,27.126118116810144,0.9999999999999999,0.9999999999999999,True,True,True,9.116597137794201,0.36363636363636354,False
FT-118,11,1.0,1232.0417137166764,33.14396589701519,-0.33636363636363636,0.33636363636363636,1560.0017940800249,1455.4088624671206,5,1.0,1186.9160144459524,27.71133552328332,0.8999999999999998,0.8999999999999998,False,True,False,-5.432630373731872,0.5636363636363635,False
FT-119,11,1.0,1471.8450551446076,19.840183685681474,0.3727272727272728,0.3727272727272728,1173.7328914728205,1443.2962636993905,5,1.0,1438.4631682533577,16.510677851725777,-0.3,0.3,True,True,True,-3.3295058339556967,0.07272727272727281,False
FT-120,11,1.0,233.70349778129423,37.387390481201415,-0.3272727272727273,0.3272727272727273,1558.9989797646351,1386.1476473421424,5,1.0,160.9677746007487,39.004610510902516,0.6,0.6,False,False,False,1.6172200297011017,0.27272727272727265,False
FT-121,11,1.0,1680.2273035770552,37.45825363782045,-0.39090909090909093,0.39090909090909093,1558.995169070793,1419.464297181073,5,1.0,1406.580545178756,25.017668807125602,0.9999999999999999,0.9999999999999999,False,True,False,-12.440584830694846,0.6090909090909089,False
FT-122,11,1.0,1130.2202470815969,36.67748956239709,-0.36363636363636365,0.36363636363636365,1558.9975814931574,1455.6854919433242,5,1.0,1046.1908695232225,22.272578017009355,0.9999999999999999,0.9999999999999999,False,True,False,-14.404911545387737,0.6363636363636362,False
FT-123,11,1.0,1570.523824463237,21.986585159927145,-0.6818181818181819,0.6818181818181819,1089.0265712685955,1455.280496632148,5,1.0,1803.134057703266,23.77240212923169,0.8999999999999998,0.8999999999999998,True,True,True,1.7858169693045447,0.21818181818181792,False
FT-124,11,1.0,1584.6985835682717,24.40969271536007,-0.7090909090909092,0.7090909090909092,1039.6588042265028,1419.321667147817,5,1.0,1336.8944528938268,24.90903937561927,0.9999999999999999,0.9999999999999999,True,True,True,0.4993466602591994,0.2909090909090907,False
FT-125,11,1.0,381.4481653293624,33.4194629735431,-0.7454545454545456,0.7454545454545456,1039.65820184451,1455.661683126547,5,1.0,414.40788794399276,28.49097176471659,0.8999999999999998,0.8999999999999998,False,True,False,-4.928491208826507,0.1545454545454542,False
FT-126,11,1.0,137.43436962293103,145.19186748506937,-0.28181818181818186,0.28181818181818186,1089.3589349095078,1439.0541834189,5,1.0,61.977767503762394,64.10383011028573,0.8999999999999998,0.8999999999999998,False,False,False,-81.08803737478364,0.6181818181818179,False
FT-127,11,1.0,989.7310125429307,21.756467503949565,-0.6727272727272727,0.6727272727272727,1089.3621822179891,1455.0379438086263,5,1.0,1168.6432768776046,26.43589832126981,0.8999999999999998,0.8999999999999998,True,True,True,4.679430817320245,0.22727272727272707,False
FT-128,11,1.0,2351.735152128178,36.879608070042394,-0.43636363636363645,0.43636363636363645,1559.5001805325464,1419.26972000283,5,1.0,1814.3685271672832,22.48606835304684,0.9999999999999999,0.9999999999999999,False,True,False,-14.393539716995555,0.5636363636363635,False
FT-129,11,1.0,1566.7183747172646,35.72977324082115,-0.41818181818181827,0.41818181818181827,1559.499840726536,1455.3698325798234,5,1.0,1448.601414154526,28.960740608823876,0.8999999999999998,0.8999999999999998,False,True,False,-6.769032631997277,0.48181818181818153,False
FT-130,11,1.0,1787.0845933494675,28.112719418546853,-0.7545454545454545,0.7545454545454545,1040.3294064561312,1419.1001653827748,5,1.0,1477.554481928287,25.733004534312688,0.9999999999999999,0.9999999999999999,True,True,True,-2.379714884234165,0.24545454545454537,False
FT-131,11,1.0,395.6991108433343,27.375205600737775,-0.7000000000000001,0.7000000000000001,1040.328774739611,1455.4224047810255,5,1.0,397.99592911244923,23.976964655876525,0.8999999999999998,0.8999999999999998,True,True,True,-3.39824094486125,0.19999999999999973,False
FT-132,11,1.0,109.4169276049824,36.83188966207336,-0.6090909090909091,0.6090909090909091,1088.3549855574815,1438.8098367577045,5,1.0,344.9978384526886,174.90881196289834,0.7,0.7,False,False,False,138.07692230082498,0.09090909090909083,False
FT-133,11,1.0,1351.542551822656,21.20108178534103,-0.6727272727272727,0.6727272727272727,1088.3554957275571,1455.6188085752144,5,1.0,1633.4156588191206,25.15321745124468,0.9999999999999999,0.9999999999999999,True,True,True,3.952135665903647,0.32727272727272716,False
FT-134,11,1.0,100.7144472006315,42.795436511909664,-0.5272727272727273,0.5272727272727273,1088.3568018363508,1473.517094540187,5,1.0,84.11809693270877,54.67558051993883,0.8999999999999998,0.8999999999999998,False,False,False,11.88014400802917,0.37272727272727246,False
FT-135,11,1.0,1399.9749342510672,17.7924496877892,0.5636363636363637,0.5636363636363637,1173.2301124568482,1442.9947789043065,5,1.0,1388.6774351993859,13.529988050797742,-0.49999999999999994,0.49999999999999994,True,True,True,-4.262461636991459,0.06363636363636377,False
FT-136,11,1.0,160.12010479475978,34.31904572725117,-0.7363636363636363,0.7363636363636363,1040.0009583626654,1386.0494617442523,5,1.0,128.30306138078907,31.109925817173767,0.6,0.6,False,False,False,-3.209119910077405,0.13636363636363635,False
FT-137,11,1.0,2161.5748772859592,27.10374969802396,-0.7545454545454545,0.7545454545454545,1039.9948749944976,1419.220544280622,5,1.0,1800.2769763846943,28.006956929971512,0.8999999999999998,0.8999999999999998,True,True,True,0.903207231947551,0.14545454545454528,False
FT-138,11,1.0,481.47182926435596,30.743909314671285,-0.7636363636363637,0.7636363636363637,1039.997339280622,1455.4289604217147,5,1.0,533.1277035244399,25.905928934498384,0.8999999999999998,0.8999999999999998,False,True,False,-4.837980380172901,0.13636363636363613,False
FT-139,11,1.0,941.4798996995302,19.71136078033946,0.39090909090909093,0.39090909090909093,1174.234578749382,1443.187753176186,5,1.0,977.7873212063639,12.8372556141253,-0.49999999999999994,0.49999999999999994,True,True,True,-6.874105166214161,0.10909090909090902,False
FT-140,11,1.0,4713.124470346388,17.191931767993108,-0.3727272727272728,0.3727272727272728,1223.2883799925703,1257.8617538028573,5,1.0,3155.431121502113,28.252039050953115,0.9999999999999999,0.9999999999999999,True,True,True,11.060107282960008,0.6272727272727271,False
FT-141,11,1.0,585.194974208557,192.17800725525618,-0.02727272727272728,0.02727272727272728,1223.2951510470548,1273.6834926002612,5,1.0,1556.0813975384808,133.65477589432933,0.3,0.3,False,False,False,-58.52323136092684,0.2727272727272727,False
FT-142,11,1.0,32025.890221837115,12.763186521141696,-0.19090909090909092,0.19090909090909092,1223.287004668688,1299.8451740769872,5,1.0,26215.697165459736,16.398291788568308,0.8999999999999998,0.8999999999999998,True,True,True,3.6351052674266118,0.7090909090909089,False
FT-143,11,1.0,1392.6790192232277,37.37806474517451,-0.3272727272727273,0.3272727272727273,1632.5484544078683,1455.1631672982346,5,1.0,1623.3736369129883,26.58324921680945,0.8999999999999998,0.8999999999999998,False,True,False,-10.794815528365064,0.5727272727272725,False
FT-144,11,1.0,195.99749038094967,46.5206847819744,-0.4000000000000001,0.4000000000000001,1632.5484775521786,1473.171101763048,5,1.0,194.16171226290766,52.882861754197826,0.8999999999999998,0.8999999999999998,False,False,False,6.362176972223423,0.4999999999999997,False
FT-145,11,0.9090909090909091,986.3648965641896,37.12144833411648,-0.4090909090909091,0.4090909090909091,1632.0422244647154,1455.2449080604651,5,1.0,1214.1185278496264,26.11955890464574,0.9999999999999999,0.9999999999999999,False,True,False,-11.00188942947074,0.5909090909090908,False
FT-146,11,0.9090909090909091,237.8264631106058,38.098669169241674,-0.4909090909090909,0.4909090909090909,1633.038705134174,1439.0391430336188,5,1.0,162.10601156217916,39.73107617589501,0.8999999999999998,0.8999999999999998,False,False,False,1.632407006653338,0.4090909090909089,False
FT-147,11,1.0,1193.6611550192465,36.10635352114037,-0.45454545454545453,0.45454545454545453,1633.0436758967032,1455.2477318872882,5,1.0,1352.4542855514453,25.089561651934755,0.9999999999999999,0.9999999999999999,False,True,False,-11.016791869205615,0.5454545454545454,False
FT-148,11,1.0,177.79412523424529,42.00963195190652,-0.6000000000000001,0.6000000000000001,1633.0433891731236,1473.397159852177,5,1.0,177.86379223533405,23.218485868331257,0.7,0.7,False,True,False,-18.791146083575264,0.09999999999999987,False
FT-149,11,1.0,1498.2910353979833,25.276131489682314,-0.7545454545454545,0.7545454545454545,1264.301168475248,1498.8110275470938,5,1.0,2070.8969425251553,8.818576955397429,-0.3,0.3,True,True,True,-16.457554534284885,0.45454545454545453,False
FT-150,11,1.0,1461.756135360252,16.01246658010684,-0.5454545454545455,0.5454545454545455,1265.276619401272,1499.076621782328,5,1.0,1688.2664322354547,10.872316212684769,0.19999999999999998,0.19999999999999998,True,True,True,-5.14015036742207,0.34545454545454557,False
FT-151,11,1.0,168.3020546366152,26.17640272600251,-0.46363636363636374,0.46363636363636374,1088.6951060782058,1438.8803038529063,5,1.0,125.80105573307969,38.95240044989182,0.7,0.7,True,False,False,12.775997723889308,0.23636363636363622,True
FT-152,11,1.0,1873.99028946825,19.964455248892953,-0.6181818181818182,0.6181818181818182,1088.69277311038,1455.33623852908,5,1.0,2195.7236540626095,26.652298730126603,0.8999999999999998,0.8999999999999998,True,True,True,6.687843481233649,0.28181818181818163,False
FT-153,11,1.0,151.4211640047555,29.160901268219174,-0.6000000000000001,0.6000000000000001,1088.6918828508271,1473.446015556528,5,1.0,119.33840582657827,30.707063254260383,0.8999999999999998,0.8999999999999998,True,False,False,1.5461619860412092,0.2999999999999997,True
FT-154,11,1.0,2753.805753607847,23.842942810012225,-0.7636363636363637,0.7636363636363637,1263.7971017854209,1498.895810560801,5,1.0,3913.4837486087517,10.252160118209673,0.09999999999999999,0.09999999999999999,True,True,True,-13.590782691802552,0.6636363636363637,False
FT-155,11,1.0,1038.9695002714582,15.71553630944459,-0.48181818181818187,0.48181818181818187,1266.2831822007336,1499.1248349190344,5,1.0,1195.1305669324906,9.601911623200007,0.19999999999999998,0.19999999999999998,True,True,True,-6.113624686244583,0.28181818181818186,False
FT-156,11,0.9090909090909091,1879.8476739764735,38.43617598690876,-0.4727272727272727,0.4727272727272727,1560.001369125993,1419.237135066407,5,1.0,1408.850572115252,27.756516359377482,0.9999999999999999,0.9999999999999999,False,True,False,-10.679659627531276,0.5272727272727271,False
FT-157,11,1.0,4151.624070372584,23.796593780249943,-0.7454545454545456,0.7454545454545456,1263.2947685123595,1498.9586431862058,5,1.0,5755.837837323395,14.151724208953313,0.09999999999999999,0.09999999999999999,True,True,True,-9.64486957129663,0.6454545454545456,False
FT-158,11,1.0,984.5967368662833,14.584412456025948,0.46363636363636374,0.46363636363636374,1256.286883804324,1499.1705919535325,5,1.0,1017.1018916772676,15.646855920935222,0.09999999999999999,0.09999999999999999,True,True,True,1.0624434649092738,0.36363636363636376,False
FT-159,11,1.0,1069.713385107761,27.94147434372141,-0.8000000000000002,0.8000000000000002,1343.8406591266526,1551.4018781172863,5,1.0,1529.5633260607246,12.663645081308314,0.19999999999999998,0.19999999999999998,True,True,True,-15.277829262413096,0.6000000000000002,False
FT-160,11,1.0,6249.052178574144,17.01746024817178,0.27272727272727276,0.27272727272727276,1254.7781749513174,1499.4061441213764,5,1.0,6244.499558143434,13.805211379377244,0.09999999999999999,0.09999999999999999,True,True,True,-3.2122488687945356,0.17272727272727278,False
FT-161,11,1.0,2252.563161035589,14.21994234301517,0.16363636363636366,0.16363636363636366,1255.783773964013,1499.2176641397284,5,1.0,2281.3490887123035,13.920652726764574,0.09999999999999999,0.09999999999999999,True,True,True,-0.29928961625059536,0.06363636363636367,False
FT-162,11,1.0,5575.712968976438,15.63972563109925,0.4727272727272727,0.4727272727272727,1254.277029107562,1499.404825285124,5,1.0,5651.710568549618,14.266089978124857,0.19999999999999998,0.19999999999999998,True,True,True,-1.373635652974393,0.2727272727272727,False
FT-163,11,1.0,1067.4257666487863,21.521768186762053,-0.08181818181818183,0.08181818181818183,1337.3318321701493,1551.0732220065731,5,1.0,1185.677512131566,13.35886274320021,-0.6,0.6,True,True,True,-8.162905443561844,0.5181818181818182,False
FT-164,11,1.0,1215.119684362043,36.9402558624771,-0.6545454545454547,0.6545454545454547,1344.339916651195,1551.2785241791908,5,1.0,1854.070003336122,13.604209874520308,0.19999999999999998,0.19999999999999998,False,True,False,-23.336045987956794,0.4545454545454547,False
FT-165,11,1.0,4330.838282326309,15.925399709770979,0.17272727272727276,0.17272727272727276,1255.2798171824015,1499.3447722912745,5,1.0,4329.291593598343,10.95094493047542,0.09999999999999999,0.09999999999999999,True,True,True,-4.974454779295559,0.07272727272727277,False
FT-166,11,1.0,2382.851464684823,16.425240783874987,-0.02727272727272728,0.02727272727272728,1336.829587591733,1551.163342823527,5,1.0,2457.4612533190734,14.112472203172784,0.19999999999999998,0.19999999999999998,True,True,True,-2.312768580702203,0.1727272727272727,False
FT-167,11,1.0,1421.742137407968,25.428566598976715,-0.4000000000000001,0.4000000000000001,1265.77527779671,1499.0848223250168,5,1.0,1705.465249723537,8.8068690381389,-0.09999999999999999,0.09999999999999999,True,True,True,-16.621697560837816,0.3000000000000001,False
FT-168,11,1.0,4272.505543503742,15.14584075503748,-0.03636363636363637,0.03636363636363637,1336.3262451050714,1551.2877356272045,5,1.0,4554.22113208202,12.544994781786029,0.19999999999999998,0.19999999999999998,True,True,True,-2.6008459732514506,0.1636363636363636,False
FT-169,11,1.0,4938.3555851553665,14.829959232989081,-0.05454545454545456,0.05454545454545456,1335.3236370967948,1551.257112257207,5,1.0,5388.5039739594,11.98768270734268,0.09999999999999999,0.09999999999999999,True,True,True,-2.842276525646401,0.045454545454545435,False
FT-170,11,1.0,5779.27594753261,16.239033737652633,0.0,0.0,1335.8228921318928,1551.4213307481,5,1.0,6390.121801093778,12.329878341379068,0.19999999999999998,0.19999999999999998,True,True,True,-3.9091553962735652,0.19999999999999998,False
FT-171,11,1.0,3663.6905150518155,25.512958021636116,-0.7545454545454545,0.7545454545454545,1262.7926388390904,1499.0089198979422,5,1.0,5065.927280513043,13.888467721557054,0.09999999999999999,0.09999999999999999,True,True,True,-11.624490300079062,0.6545454545454545,False
FT-172,11,0.8181818181818182,59.766309416300366,56.918678555128146,-0.013667461427346159,0.013667461427346159,886.6352611425967,674.1885161473726,5,0.2,12.076946642752066,162.1332981864566,0.7,0.7,False,False,False,105.21461963132847,0.6863325385726537,False
FT-173,11,0.8181818181818182,1458.7944828631628,300.45496025108105,-0.5466984570938462,0.5466984570938462,887.6456265913164,639.9073997418709,5,0.6,3640.030768082551,219.89123135181921,0.20519567041703085,0.20519567041703085,False,False,False,-80.56372889926183,0.3415027866768154,False
FT-174,11,0.9090909090909091,25.94086233194126,41.542376869897204,-0.23636363636363636,0.23636363636363636,1210.8304701216448,928.6948296247882,5,0.6,62.881005103597225,122.16737107755912,0.49999999999999994,0.49999999999999994,False,False,False,80.62499420766193,0.26363636363636356,False
FT-175,11,1.0,1238.3606696398895,18.513871351684124,-0.4909090909090909,0.4909090909090909,844.0870342319306,962.9974510538884,5,1.0,962.4943716815327,21.421027236656652,0.7,0.7,True,True,True,2.9071558849725285,0.20909090909090905,False
FT-176,11,1.0,1249.2180177477076,21.152805043236764,-0.24545454545454545,0.24545454545454545,871.0972026876352,967.075674195556,5,1.0,1081.588678208163,28.170608115894023,0.9999999999999999,0.9999999999999999,True,True,True,7.017803072657259,0.7545454545454544,False
FT-177,11,1.0,73.56364944131002,44.76732488551323,-0.45454545454545453,0.45454545454545453,1372.9222666552944,1005.5678939773716,5,1.0,56.375781824465264,31.42029819026781,0.09999999999999999,0.09999999999999999,False,False,False,-13.347026695245422,0.35454545454545455,False
FT-178,11,1.0,1510.7574407189436,24.347460385103748,-0.4090909090909091,0.4090909090909091,1455.998949997305,1013.726434598975,5,1.0,1031.1434874091258,32.13027286659813,0.8999999999999998,0.8999999999999998,True,False,False,7.7828124814943855,0.4909090909090907,True
FT-179,11,1.0,1681.5265292251017,19.76320387275645,-0.26363636363636367,0.26363636363636367,728.4969707230775,1014.0492700576092,5,1.0,1111.4924281384588,27.440677244031846,0.8999999999999998,0.8999999999999998,True,True,True,7.677473371275397,0.6363636363636361,False
FT-180,11,1.0,470.44248161296986,42.25659469057443,-0.36363636363636365,0.36363636363636365,1846.2712907601397,1057.5333992700469,5,1.0,256.5958222492718,27.149727447121602,0.8999999999999998,0.8999999999999998,False,True,False,-15.106867243452829,0.5363636363636362,False
FT-181,11,0.9090909090909091,1354.8712041863494,51.66603947639464,-0.46363636363636374,0.46363636363636374,1846.2703428802347,1070.925201977295,5,1.0,926.7829904507558,38.65072088378041,0.8999999999999998,0.8999999999999998,False,False,False,-13.015318592614229,0.43636363636363606,False
FT-182,11,1.0,1386.0709306910958,15.992830130548263,-0.39090909090909093,0.39090909090909093,1026.1932694786867,1095.4661545958722,5,1.0,899.6380943300171,30.689190829720708,0.8999999999999998,0.8999999999999998,True,False,False,14.696360699172445,0.5090909090909088,True
FT-183,11,1.0,419.0312162099756,114.61765646146728,-0.6636363636363638,0.6636363636363638,1026.1928910886666,1107.040419851715,5,1.0,310.7926126888257,121.24380817139328,0.6,0.6,False,False,False,6.626151709926006,0.06363636363636382,False
FT-184,11,1.0,1847.2701892181417,19.904381123540183,-0.18181818181818182,0.18181818181818182,809.0412002643465,1121.032321128916,5,1.0,1091.5535280366607,29.025169836332342,0.8999999999999998,0.8999999999999998,True,True,True,9.120788712792159,0.718181818181818,False
FT-185,11,1.0,732.4156434213983,38.733725182294314,-0.8909090909090911,0.8909090909090911,931.6414646729085,1057.9007241015097,5,1.0,641.6556989495756,25.951988159391053,0.8999999999999998,0.8999999999999998,False,True,False,-12.781737022903261,0.009090909090908705,False
FT-186,11,1.0,72.66245175596532,28.194057525617943,-0.44545454545454555,0.44545454545454555,931.6243046494036,1102.186769188893,5,1.0,63.73003043137244,35.896798001017075,0.7,0.7,True,False,False,7.702740475399132,0.2545454545454544,True
FT-187,11,1.0,1429.4116975652757,21.38342535503486,-0.3454545454545455,0.3454545454545455,931.6249044842097,1117.1180883829777,5,1.0,855.2214447326278,25.546694579823942,0.8999999999999998,0.8999999999999998,True,True,True,4.163269224789083,0.5545454545454542,False
FT-188,11,1.0,84.0586923610034,29.20842594173946,-0.018181818181818184,0.018181818181818184,931.123316275561,1102.1879690833632,5,1.0,67.2781635922619,29.196136187769916,0.9999999999999999,0.9999999999999999,True,True,True,-0.012289753969543682,0.9818181818181817,False
FT-189,11,1.0,1682.4040063672107,18.539000920414683,-0.36363636363636365,0.36363636363636365,931.123020951668,1117.150900959169,5,1.0,1036.5031937894296,27.862284762381442,0.8999999999999998,0.8999999999999998,True,True,True,9.32328384196676,0.5363636363636362,False
FT-190,11,1.0,194.32553880509792,37.80451944319785,-0.33636363636363636,0.33636363636363636,996.1598538662096,1120.0790796707618,5,1.0,85.56034709793879,68.24092783958672,0.9999999999999999,0.9999999999999999,False,False,False,30.43640839638887,0.6636363636363636,False
FT-191,11,1.0,1678.3722646852254,18.596252987093173,-0.3272727272727273,0.3272727272727273,996.1601236401428,1136.386402786609,5,1.0,1039.710297736507,28.410559559332693,0.9999999999999999,0.9999999999999999,True,True,True,9.81430657223952,0.6727272727272726,False
FT-192,11,1.0,129.88653579407037,21.726484312615042,0.15454545454545454,0.15454545454545454,1068.7037715820934,1157.8147203461158,5,1.0,68.84591152294351,47.482509641378044,0.7,0.7,True,False,False,25.756025328763002,0.5454545454545454,True
FT-193,11,1.0,1677.0055658266408,16.6795806974161,-0.4090909090909091,0.4090909090909091,1068.7043278235449,1173.5611587867572,5,1.0,992.7866609923442,29.219641719148836,0.7,0.7,True,True,True,12.540061021732736,0.29090909090909084,False
FT-194,11,1.0,1527.3498718420167,18.58014939539284,-0.10000000000000002,0.10000000000000002,1106.736189796707,1180.3607794138811,5,1.0,971.5596806655551,27.744103518723914,0.8999999999999998,0.8999999999999998,True,True,True,9.163954123331074,0.7999999999999998,False
FT-195,11,1.0,500.8182606119441,18.043122525193752,-0.48181818181818187,0.48181818181818187,1077.708774786632,1164.8240522057135,5,1.0,324.65369306522746,30.9810671466569,0.8999999999999998,0.8999999999999998,True,False,False,12.93794462146315,0.41818181818181793,True
FT-196,11,1.0,1397.7012946376306,15.082162006039274,-0.28181818181818186,0.28181818181818186,1079.2166019688184,1212.162690219896,5,1.0,941.0579078403298,21.320622966626868,0.9999999999999999,0.9999999999999999,True,True,True,6.238460960587593,0.718181818181818,False
FT-197,11,1.0,338.62752143384796,45.12246414282777,0.10000000000000002,0.10000000000000002,1230.809519318578,1266.2292769123917,5,1.0,96.29522444487817,52.37483256983395,0.9999999999999999,0.9999999999999999,False,False,False,7.252368427006175,0.8999999999999999,False
FT-198,11,1.0,1321.6799192517187,25.33701804059271,-0.3545454545454546,0.3545454545454546,1398.406658551712,1341.7948458373571,5,1.0,966.8218236769441,23.030255514438103,0.8999999999999998,0.8999999999999998,True,True,True,-2.306762526154607,0.5454545454545452,False
FT-199,11,1.0,135.13954927530207,41.45577118925408,-0.3272727272727273,0.3272727272727273,1223.794329633322,1273.4466422499067,5,1.0,343.93963485560425,179.0645375898982,-0.7,0.7,False,False,False,137.60876640064413,0.37272727272727263,False
FT-200,11,1.0,128.16086591180053,29.67481765549639,-0.27272727272727276,0.27272727272727276,1039.6606356714726,1386.5689310879638,5,1.0,96.30858509889366,35.92940255721407,0.8999999999999998,0.8999999999999998,True,False,False,6.254584901717678,0.627272727272727,True
FT-201,11,1.0,255.92890890441714,37.8512760470806,-0.6454545454545455,0.6454545454545455,1560.0025678909035,1385.9591274494428,5,1.0,187.7169886381751,35.697101017527565,0.9999999999999999,0.9999999999999999,False,False,False,-2.1541750295530377,0.3545454545454544,False
FT-202,11,1.0,180.79833832393186,20.10828825235655,0.39090909090909093,0.39090909090909093,1033.9870057402484,1386.1519996372765,5,1.0,107.34642792936563,41.07125514338077,0.8999999999999998,0.8999999999999998,True,False,False,20.962966891024216,0.5090909090909088,True
FT-203,11,1.0,1928.6212154045788,18.778613824975483,0.6181818181818182,0.6181818181818182,1033.9851251097311,1419.5994173936797,5,1.0,1134.6534462995887,32.68901200924079,0.9999999999999999,0.9999999999999999,True,False,False,13.910398184265308,0.3818181818181817,True
FT-204,11,1.0,893.1037674126444,18.59643048857699,0.4090909090909091,0.4090909090909091,1033.9838278235356,1455.7532616121457,5,1.0,638.6309675384143,28.74539158232318,0.8999999999999998,0.8999999999999998,True,True,True,10.148961093746191,0.4909090909090907,False
FT-205,11,1.0,338.5718169113185,27.098356777146837,-0.5636363636363637,0.5636363636363637,1559.5079808864853,1385.8104858293589,5,1.0,231.84009556739193,47.9199193040736,0.9999999999999999,0.9999999999999999,True,False,False,20.821562526926765,0.4363636363636362,True
FT-206,11,1.0,198.7698817395667,18.29453207811143,0.48181818181818187,0.48181818181818187,1034.6560763743712,1386.0386461317642,5,1.0,89.21520503928177,27.83321397340615,0.8999999999999998,0.8999999999999998,True,True,True,9.538681895294719,0.41818181818181793,False
FT-207,11,1.0,992.1135062686601,17.507698284920387,0.22727272727272727,0.22727272727272727,1034.6551417461487,1455.50905041845,5,1.0,702.2652117771744,22.97559149687604,0.8999999999999998,0.8999999999999998,True,True,True,5.467893211955651,0.6727272727272725,False
FT-208,11,1.0,1209.3457361805747,17.201504873325064,0.14545454545454548,0.14545454545454548,1034.3174542653558,1455.555851617301,5,1.0,864.9675162134106,16.444125640502328,0.9999999999999999,0.9999999999999999,True,True,True,-0.7573792328227356,0.8545454545454544,False
FT-209,11,1.0,287.8050508141068,38.75903165728729,-0.44545454545454555,0.44545454545454555,1632.5496568490846,1438.8645645787187,5,1.0,172.70528835370501,49.425687441107954,0.7,0.7,False,False,False,10.666655783820666,0.2545454545454544,False
FT-210,11,0.8181818181818182,90.29360845386917,62.53805984469608,0.3553539971110001,0.3553539971110001,293.1831414699142,674.6181627077369,5,1.0,90.61891025885805,23.301606253127794,0.7,0.7,False,True,False,-39.236453591568285,0.3446460028889999,False
FT-211,11,1.0,1229.5271113273154,18.87372951057137,-0.36363636363636365,0.36363636363636365,815.8635371185956,1299.0589008403172,5,1.0,988.9500448837041,16.72320577802984,0.9999999999999999,0.9999999999999999,True,True,True,-2.1505237325415294,0.6363636363636362,False
FT-212,11,1.0,2054.2504545161896,20.524676091701796,0.4272727272727273,0.4272727272727273,1034.6524894655838,1419.5355960078075,5,1.0,1176.8858202397641,26.25324612956916,0.8999999999999998,0.8999999999999998,True,True,True,5.728570037867364,0.4727272727272725,False
FT-213,11,1.0,1106.7032770088297,38.11747118564105,-0.3090909090909091,0.3090909090909091,1560.5057355603417,1419.153460464564,5,1.0,922.0064056199168,25.56377158767784,0.9999999999999999,0.9999999999999999,False,True,False,-12.55369959796321,0.6909090909090908,False
FT-214,11,1.0,738.8326238437056,33.56368612479489,-0.5454545454545455,0.5454545454545455,1560.5106879252833,1455.2785186733047,5,1.0,692.376739594388,24.33307439108401,0.8999999999999998,0.8999999999999998,False,True,False,-9.23061173371088,0.3545454545454543,False
FT-215,11,0.9090909090909091,30.5498017188086,42.239713556319714,0.09090909090909091,0.09090909090909091,1089.0277133500265,1422.7716282760944,5,1.0,38.990674955109355,32.07053071457644,0.3,0.3,False,False,False,-10.169182841743272,0.20909090909090908,False
FT-216,11,1.0,125.44140798343334,39.01707334258913,-0.6090909090909091,0.6090909090909091,1089.030599875195,1438.9321184551102,5,1.0,87.78188906712369,33.90499806451935,0.3,0.3,False,False,False,-5.112075278069781,0.30909090909090914,False
FT-217,11,1.0,113.99744515007,22.115485892125964,-0.6181818181818182,0.6181818181818182,1089.0287993120237,1473.4388815633502,5,1.0,120.23522708659122,29.593885404779975,0.8999999999999998,0.8999999999999998,True,True,True,7.478399512654011,0.28181818181818163,False
FT-218,11,1.0,1189.7772693898862,16.73611591390501,-0.4090909090909091,0.4090909090909091,945.1499525476456,1013.699714864276,5,1.0,864.2601220444982,26.026090155650955,0.9999999999999999,0.9999999999999999,True,True,True,9.289974241745945,0.5909090909090908,False
FT-219,11,1.0,1360.2833259701683,21.386455727534432,-0.28181818181818186,0.28181818181818186,809.5439415442514,1120.883361213832,5,1.0,861.9121450337883,28.5833991142553,0.7,0.7,True,True,True,7.196943386720868,0.4181818181818181,False
FT-220,11,1.0,993.890812196715,21.211335519409847,-0.3272727272727273,0.3272727272727273,1098.2292261588002,1176.4712324222012,5,1.0,825.8642575653437,28.080460976451587,0.8999999999999998,0.8999999999999998,True,True,True,6.86912545704174,0.5727272727272725,False
FT-221,11,1.0,1695.4673529688728,16.802917492651265,-0.23636363636363636,0.23636363636363636,1005.6756059707232,1156.2008704897985,5,1.0,839.7055577845615,27.67059414130991,0.8999999999999998,0.8999999999999998,True,True,True,10.867676648658644,0.6636363636363635,False
FT-222,11,1.0,1477.558994352473,15.10839448928169,-0.26363636363636367,0.26363636363636367,1087.6997012829654,1212.1840644998792,5,1.0,991.5196639647426,23.113344654445854,0.8999999999999998,0.8999999999999998,True,True,True,8.004950165164164,0.6363636363636361,False
FT-223,11,1.0,1506.7549492736978,15.209244840456067,-0.18181818181818182,0.18181818181818182,1088.2006657983875,1212.1002271969037,5,1.0,960.5237684717349,23.320540740852405,0.9999999999999999,0.9999999999999999,True,True,True,8.111295900396337,0.8181818181818181,False
FT-224,11,1.0,1188.7122198836414,18.477596050941926,-0.28181818181818186,0.28181818181818186,1253.32364366104,1273.874816816318,5,1.0,795.1910232086818,28.390302809008485,0.8999999999999998,0.8999999999999998,True,True,True,9.912706758066559,0.6181818181818179,False
FT-225,11,1.0,67.83135853454345,28.672039964702545,-0.26363636363636367,0.26363636363636367,1077.7143327045933,1186.9637374633428,5,1.0,32.81754986614779,38.689966877882995,0.6,0.6,True,False,False,10.01792691318045,0.3363636363636363,True
FT-226,11,1.0,677.9752612248142,18.796027127724276,0.02727272727272728,0.02727272727272728,815.1931200400654,1257.978548513949,5,1.0,408.9413790675323,33.36822792729436,0.8999999999999998,0.8999999999999998,True,False,False,14.572200799570087,0.8727272727272726,True
FT-227,11,1.0,756.2983339356383,19.45328083637151,0.009090909090909092,0.009090909090909092,815.5263145478614,1257.9480855586548,5,1.0,435.91457763006184,28.806947259269617,0.9999999999999999,0.9999999999999999,True,True,True,9.353666422898108,0.9909090909090909,False
FT-228,11,1.0,850.5192201812031,38.16883964783964,-0.43636363636363645,0.43636363636363645,1618.0944863886548,1121.2716800177573,5,1.0,534.9462918827992,50.2744748651595,0.8999999999999998,0.8999999999999998,False,False,False,12.105635217319858,0.46363636363636335,False
FT-229,11,1.0,1036.3199281214893,16.81556740438858,-0.3545454545454546,0.3545454545454546,975.1420796493152,1174.724661855747,5,1.0,744.6492208936287,27.5515295703181,0.8999999999999998,0.8999999999999998,True,True,True,10.735962165929518,0.5454545454545452,False
FT-230,11,1.0,923.013584791086,19.949642449245907,-0.10000000000000002,0.10000000000000002,975.6477809466752,1174.6013930519584,5,1.0,663.9927188284234,26.264186916849305,0.8999999999999998,0.8999999999999998,True,True,True,6.3145444676033975,0.7999999999999998,False
FT-231,11,1.0,1149.523144544219,30.692269793686442,-0.5,0.5,1617.0940780665944,1121.0916356070506,5,1.0,807.3548967558506,30.99044714427245,0.8999999999999998,0.8999999999999998,False,False,False,0.298177350586009,0.3999999999999998,False
FT-232,11,1.0,1161.5951378729035,15.10245726811735,-0.24545454545454545,0.24545454545454545,1151.7625057823254,1245.2407794332655,5,1.0,686.1605128395065,25.908746170808687,0.7,0.7,True,True,True,10.806288902691337,0.4545454545454545,False
FT-233,11,1.0,961.8194147125778,16.22031159076533,-0.22727272727272727,0.22727272727272727,1179.778005634704,1244.6512806591527,5,1.0,664.1557884227707,29.86092599310501,0.8999999999999998,0.8999999999999998,True,True,True,13.64061440233968,0.6727272727272725,False
FT-234,11,1.0,1221.2759177163136,19.955573952838666,-0.4000000000000001,0.4000000000000001,1297.3438707330265,1326.1469761141468,5,1.0,842.0866455087289,29.478104323410363,0.8999999999999998,0.8999999999999998,True,True,True,9.522530370571697,0.4999999999999997,False
FT-235,11,1.0,122.7729003510679,26.79919479228136,0.4909090909090909,0.4909090909090909,1034.9871234609543,1385.9991044260155,5,1.0,58.81395692547517,14.783512790903744,0.6,0.6,True,True,True,-12.015682001377614,0.10909090909090907,False
FT-236,11,1.0,1216.8493538706234,18.62302810943752,0.5272727272727273,0.5272727272727273,1034.9898999251243,1419.3602150227453,5,1.0,677.6563431160705,24.907004557092563,0.9999999999999999,0.9999999999999999,True,True,True,6.283976447655043,0.47272727272727255,False
FT-237,11,1.0,609.1017674296276,18.863948445861485,0.045454545454545456,0.045454545454545456,1034.9881000850553,1455.4754033806444,5,1.0,433.21079915987855,29.305331332119202,0.9999999999999999,0.9999999999999999,True,True,True,10.441382886257717,0.9545454545454545,False
FT-238,11,1.0,77.6716780384699,18.513595907355345,0.5181818181818182,0.5181818181818182,1083.34221048445,1423.037280138564,5,1.0,68.40942686793278,31.292442198773735,0.39999999999999997,0.39999999999999997,True,False,False,12.77884629141839,0.11818181818181822,True
FT-239,11,1.0,155.30481439299047,30.87416090641955,0.22727272727272727,0.22727272727272727,1083.3425827511437,1439.3248342615186,5,1.0,82.1531025526371,29.506377483069787,0.9999999999999999,0.9999999999999999,False,True,False,-1.3677834233497634,0.7727272727272726,False
FT-240,11,1.0,856.1970828655991,23.36524516357205,0.6818181818181819,0.6818181818181819,1083.3466638903149,1455.299982043751,5,1.0,669.1196433111423,23.696697505058573,0.8999999999999998,0.8999999999999998,True,True,True,0.33145234148652136,0.21818181818181792,False
FT-241,11,1.0,86.63348226445486,29.189214126887858,0.4909090909090909,0.4909090909090909,1083.3479141235127,1473.3785589320328,5,1.0,51.31362542431101,34.03051939266477,0.8999999999999998,0.8999999999999998,True,False,False,4.841305265776914,0.4090909090909089,True
FT-242,11,1.0,94.17824757028339,23.05585187884048,0.02727272727272728,0.02727272727272728,1083.0169631809986,1422.690822712629,5,1.0,79.90738659242444,22.969846296371838,0.39999999999999997,0.39999999999999997,True,True,True,-0.08600558246864054,0.3727272727272727,False
FT-243,11,1.0,191.9783482780277,17.68930198644669,0.07272727272727274,0.07272727272727274,1083.0184165320716,1438.918439562102,5,1.0,94.2683367511934,42.36386279916627,0.8999999999999998,0.8999999999999998,True,False,False,24.67456081271958,0.827272727272727,True
FT-244,11,1.0,1047.9762939954185,22.019273700553665,0.7181818181818183,0.7181818181818183,1083.0144831519058,1455.407052190095,5,1.0,815.332059635263,22.96302212645348,0.8999999999999998,0.8999999999999998,True,True,True,0.9437484258998161,0.18181818181818155,False
FT-245,11,1.0,102.27264637167883,23.41194626582377,0.5181818181818182,0.5181818181818182,1083.02130840629,1473.1330249701502,5,1.0,58.253918628394345,46.53066099853008,0.9999999999999999,0.9999999999999999,True,False,False,23.118714732706312,0.4818181818181817,True
FT-246,11,0.8181818181818182,257.7439280406393,82.59234220155562,-0.2961283309258334,0.2961283309258334,886.640677379445,640.7806068187616,5,0.2,44.83602312495777,212.4219402263014,0.9746794344808963,0.9746794344808963,False,False,False,129.82959802474576,0.6785511035550629,False
FT-247,11,1.0,1331.9697040117042,46.474028615050244,-0.08181818181818183,0.08181818181818183,1210.8237284316058,886.0371926968076,5,1.0,1754.7041858437792,11.71980024732618,0.19999999999999998,0.19999999999999998,False,True,False,-34.75422836772407,0.11818181818181815,False
FT-248,11,1.0,896.0815846025539,16.014366168109643,-0.24545454545454545,0.24545454545454545,925.1361960129163,1057.851741314575,5,1.0,532.1205970528137,24.087571278735926,0.8999999999999998,0.8999999999999998,True,True,True,8.073205110626283,0.6545454545454543,False
FT-249,11,1.0,66.0249278365218,26.29143180012326,-0.39090909090909093,0.39090909090909093,1069.709184439815,1158.0681524278946,5,1.0,38.57171768727068,26.50906865179934,0.9999999999999999,0.9999999999999999,True,True,True,0.2176368516760796,0.6090909090909089,False
FT-250,11,1.0,1008.4530305560405,19.83448869515261,-0.3090909090909091,0.3090909090909091,1069.708344315076,1173.681223284433,5,1.0,587.3325762037591,25.789306976286092,0.8999999999999998,0.8999999999999998,True,True,True,5.95481828113348,0.5909090909090907,False
FT-251,11,0.7272727272727273,20.237087400612793,72.6112994708839,-0.22323520331332058,0.22323520331332058,887.6472211426521,674.3056333776316,5,0.2,14.428771237575845,193.15530540193365,-0.4472135954999579,0.4472135954999579,False,False,False,120.54400593104974,0.22397839218663734,False
