sample,class,order,batch,total_signal_raw,log10_total_signal_plus1,detected_features,detection_rate,zero_fraction,corr_to_class_median,PC1,PC2,PC3,PC4,PC5,pca_distance_to_class_centroid,log10_total_signal_plus1_robust_z_within_class,detected_features_robust_z_within_class,zero_fraction_robust_z_within_class,corr_to_class_median_robust_z_within_class,pca_distance_to_class_centroid_robust_z_within_class,flag_low_total_signal,flag_low_detected_features,flag_high_zero_fraction,flag_low_corr_to_class_median,flag_high_pca_distance,n_review_flags,recommend_exclude,review_tier
20241106-297-Dunn-20,Dunn,15,1,952475.588578537,5.97885430972707,250,0.9920634920634921,0.007936507936507908,0.9763406333897846,2.3149243348197364,1.433426816095594,-9.513490103474382,-3.3634833743891517,-3.361959560078883,9.113628279386617,0.8104864671949553,0.0,0.0,-2.6292260105380025,0.495443116770097,False,False,False,False,False,0,False,keep
20241106-297-Dunn-17,Dunn,18,1,685558.0375562403,5.836044860410544,250,0.9920634920634921,0.007936507936507908,0.9912619409922956,0.0758545377257039,4.0484918960935685,-9.49527286975584,-6.612829497146899,2.711786670747723,11.528968570279906,-0.8744247459886727,0.0,0.0,0.0,1.1889672221752718,False,False,False,False,False,0,False,keep
20241106-297-Dunn-7,Dunn,19,1,840205.5076425866,5.924386040951462,250,0.9920634920634921,0.007936507936507908,0.9939086105997061,1.4089019875332687,1.7820239789630008,-9.87830841193003,-4.551329641503492,0.8524108009511598,8.686524687136313,0.16785254302575553,0.0,0.0,0.4663594343389329,0.3728075453570188,False,False,False,False,False,0,False,keep
20241106-297-Dunn-1,Dunn,21,1,815696.0970256847,5.91152891670465,250,0.9920634920634921,0.007936507936507908,0.995089843933144,2.2028889051615144,-0.43077074994591835,-10.948092885665162,-3.888956440342629,0.2042492187472323,7.687435792506895,0.016160110092031766,0.0,0.0,0.6745,0.08593607036007209,False,False,False,False,False,0,False,keep
20241106-297-Dunn-21,Dunn,24,1,1034690.8149202509,6.014811013551121,251,0.996031746031746,0.003968253968253954,0.9931756117213257,3.7150456631893616,-3.8077745070001816,-10.725350287669984,-0.1820081339375065,-4.4810282817620966,8.001781262702387,1.2347150721802391,0.6782523220157747,-0.6782523220157727,0.3372005316427217,0.17619505449885392,False,False,False,False,False,0,False,keep
20241106-297-Dunn-5,Dunn,29,1,660545.3553439946,5.819903300623804,250,0.9920634920634921,0.007936507936507908,0.9920957975168572,-0.6467360345350567,3.4085715236011107,-6.277980285749809,-4.393551661154628,2.1949275492481966,9.309149027158913,-1.0648679919581436,0.0,0.0,0.14693063917971866,0.5515835919644981,False,False,False,False,False,0,False,keep
20241106-297-Dunn-4,Dunn,33,1,981789.1253976716,5.9920186597592995,249,0.9880952380952381,0.011904761904761862,0.9972826550531825,3.6352846172971987,-2.943231916792671,-10.118218091682728,-1.2568953020014977,-0.8362975570864686,5.514714266177017,0.9658036474637203,-0.6782523220157747,0.6782523220157727,1.0608867823508865,-0.5379241610631394,False,False,False,False,False,0,False,keep
20241106-297-Dunn-23,Dunn,34,1,927529.9055953126,5.967328389344644,250,0.9920634920634921,0.007936507936507908,0.9963983690303931,3.2975447721091595,-2.505761463774463,-9.17201360938538,-0.9874731759857123,-1.4250853379956983,5.113463258632228,0.6745,0.0,0.0,0.9050701559661,-0.6531366001135007,False,False,False,False,False,0,False,keep
20241106-297-Dunn-11,Dunn,36,1,785249.4991756352,5.895008221147148,251,0.996031746031746,0.003968253968253954,0.9978420588007753,2.051495255068076,-3.974734476891003,-8.712511013550449,-0.7033418966444999,0.105249572035005,3.3750400695306846,-0.1787563000450222,0.6782523220157747,-0.6782523220157727,1.1594571571963097,-1.1522954108131582,False,False,False,False,False,0,False,keep
20241106-297-Dunn-26,Dunn,37,1,891005.8379207974,5.949881036988474,250,0.9920634920634921,0.007936507936507908,0.9963256315321505,2.4507985549979687,-2.7563671545449,-8.80349196063194,-1.2065553287757584,0.09367362522116038,3.902548018426894,0.46865059881563165,0.0,0.0,0.8922533621960367,-1.0008304268803725,False,False,False,False,False,0,False,keep
20241106-297-Dunn-19,Dunn,39,1,937951.0719982926,5.972180647122704,250,0.9920634920634921,0.007936507936507908,0.9946204266315128,2.6242604837371903,-4.691653581207581,-9.684614501142223,1.0535788405684028,-4.626403596859514,7.3881457583696415,0.731748477454667,0.0,0.0,0.5917857894144881,0.0,False,False,False,False,False,0,False,keep
20241106-297-Dunn-12,Dunn,43,1,785285.2668881685,5.895028002562677,249,0.9880952380952381,0.011904761904761862,0.9839233106099401,1.781766390585332,-2.404193811375807,-9.037047319509345,-1.8551911729666377,4.307088665448932,4.903033487342005,-0.17852291262565673,-0.6782523220157747,0.6782523220157727,-1.2931117296828953,-0.71355794920245,False,False,False,False,False,0,False,keep
20241106-297-Dunn-8,Dunn,48,1,701308.9039707904,5.845909972093552,250,0.9920634920634921,0.007936507936507908,0.9879623189764956,0.9770550596275991,-2.814035641615935,-7.254959472596623,-0.04513838035983481,2.035485145223722,2.0444006638812073,-0.7580330269983675,0.0,0.0,-0.5814136575688151,-1.5343660063724398,False,False,False,False,False,0,False,keep
20241106-297-Dunn-25,Dunn,49,1,821952.6091972783,5.914847306788013,249,0.9880952380952381,0.011904761904761862,0.9922500820172231,2.4915967379647768,-2.3785662515133597,-5.4944478251095905,1.5828227074568906,2.4046738927443037,2.118754155412412,0.055311529608981225,-0.6782523220157747,0.6782523220157727,0.17411651539050554,-1.5130166590807343,False,False,False,False,False,0,False,keep
20241106-297-Dunn-24,Dunn,54,1,1008243.7479418545,6.0035659683976705,249,0.9880952380952381,0.011904761904761862,0.9965742138070721,1.5676083677230976,-3.065398663627143,-6.361703847464711,2.339481781393395,-0.2751504489605775,2.815039616982971,1.1020424600913108,-0.6782523220157747,0.6782523220157727,0.9360550852348871,-1.3130900675097557,False,False,False,False,False,0,False,keep
20241106-297-Dunn-2,Dunn,55,1,678874.355202194,5.831790043032962,250,0.9920634920634921,0.007936507936507908,0.9891906078643431,2.4460202339572006,-2.9864954288980208,-8.033945973510024,-1.1888782709853254,9.945077208058807,8.705587297289297,-0.9246244319607615,0.0,0.0,-0.3649816143181223,0.37828105138963936,False,False,False,False,False,0,False,keep
20241106-297-Dunn-9,Dunn,59,1,813127.5697830018,5.9101592205419795,249,0.9880952380952381,0.011904761904761862,0.989783937639618,1.3875940121500052,-6.20487855148211,-4.5278551916165535,1.7344607603219984,2.9519234045009304,3.2288360789435755,0.0,-0.6782523220157747,0.6782523220157727,-0.26043326510260195,-1.1942754134491806,False,False,False,False,False,0,False,keep
20241106-297-Dunn-14,Dunn,70,1,745113.2266556588,5.872222855571876,251,0.996031746031746,0.003968253968253954,0.9928704142343682,0.9578435276921925,-3.8920080067302996,-3.79022519540779,3.4250823738989427,5.116162389126668,5.039060826050334,-0.4475852755645122,0.6782523220157747,-0.6782523220157727,0.2834228606479473,-0.6745,False,False,False,False,False,0,False,keep
20241106-297-Dunn-6,Dunn,72,1,698064.408295275,5.843896117653008,249,0.9880952380952381,0.011904761904761862,0.9945066327025281,0.8747904639296825,-5.041199103766711,-4.910275426172123,2.8068866848166714,4.613802110203058,4.078692409895289,-0.7817931209195436,-0.6782523220157747,0.6782523220157727,0.5717346004772982,-0.9502535446183382,False,False,False,False,False,0,False,keep
20241106-297-Dunn-15,Dunn,75,1,779942.9333772236,5.892063384357077,250,0.9920634920634921,0.007936507936507908,0.98665679336371,1.7111622925507604,-5.853280082713318,-5.102752288651339,5.076188645774558,2.6238813602400017,5.000945285057254,-0.21350041923554847,0.0,0.0,-0.8114552859567735,-0.6854442328142855,False,False,False,False,False,0,False,keep
20241106-297-Dunn-10,Dunn,81,1,675270.3960637001,5.829478353755728,249,0.9880952380952381,0.011904761904761862,0.9848477292965965,3.0143641185384236,-8.081553990427897,-5.4547458024917885,7.860895150590417,3.2768360793885436,8.541368584831089,-0.9518984758230497,-0.6782523220157747,0.6782523220157727,-1.1302234815259227,0.33112842611452853,False,False,False,False,False,0,False,keep
20241106-297-Dunn-3,Dunn,83,1,840788.577978865,5.924687319749109,250,0.9920634920634921,0.007936507936507908,0.9904385826613882,1.8875012224637633,-5.300719338181772,-2.3241086807685005,5.873895679464072,0.14081041912962342,6.7682971684600535,0.1714071259114032,0.0,0.0,-0.14508079300306229,-0.17797903691852854,False,False,False,False,False,0,False,keep
20241106-297-Dunn-16,Dunn,91,1,918139.0739949836,5.9629089434260685,251,0.996031746031746,0.003968253968253954,0.9744955662926162,1.147911670710267,-3.290210538218723,0.26412431080037196,8.992344303610079,2.400549817745096,10.559081854651813,0.6223579742453742,0.6782523220157747,-0.6782523220157727,-2.954338161047289,0.9104806588796431,False,False,False,False,False,0,False,keep
20241106-297-Dunn-22,Dunn,97,1,853343.8115383565,5.931124552257318,250,0.9920634920634921,0.007936507936507908,0.988469606786403,1.133698887676581,-6.621350436514915,-2.677196728383742,7.49031850220742,1.2028692229417663,8.15225840490832,0.24735563833029856,0.0,0.0,-0.49202643091495263,0.21940202033541542,False,False,False,False,False,0,False,keep
20241106-297-French-2,French,16,1,772713.2424050746,5.888018917086402,251,0.996031746031746,0.003968253968253954,0.9911252753433702,7.453422126076265,7.605924644823215,-1.1518950567602315,-5.805225609465724,-5.531789366397374,9.937480675503556,0.05790930058431581,0.0,0.0,0.27574267788992024,1.9532875154141622,False,False,False,False,False,0,False,keep
20241106-297-French-18,French,20,1,684719.2692267313,5.835513184129958,251,0.996031746031746,0.003968253968253954,0.9879705675587703,6.701856889639579,9.847929410549973,1.0305960034431618,-7.844469448419171,1.6759077704006191,10.734122581291922,-1.172385381744046,0.0,0.0,-0.05074428639954106,2.380558749678912,False,False,False,False,False,0,False,keep
20241106-297-French-25,French,22,1,824147.3272928225,5.916005381512169,252,1.0,0.0,0.9956651833594057,8.150786967372026,6.861506965625528,0.8314631719087854,-5.116154674454404,-1.9596557467992461,6.885686367005156,0.7136776599890904,0.6745,-0.6745,0.7455867609281135,0.31648695114576486,False,False,False,False,False,0,False,keep
20241106-297-French-7,French,23,1,769267.4423821433,5.886077916786625,252,1.0,0.0,0.9961188552994775,8.820009015648857,6.1592102893803045,-0.11141064719657812,-4.323226257093176,-1.1163845137570534,6.580243622873207,0.012428508054574652,0.6745,-0.6745,0.7925381696197273,0.15266566916924262,False,False,False,False,False,0,False,keep
20241106-297-French-13,French,25,1,766300.9017272723,5.884399903344283,251,0.996031746031746,0.003968253968253954,0.9964023065281506,7.509254739062262,8.007265696740392,1.8167282040509087,-5.557011288958186,-0.11506996798514951,7.384441130704868,-0.026890074864758255,0.0,0.0,0.8218730993477253,0.5839892780168447,False,False,False,False,False,0,False,keep
20241106-297-French-16,French,27,1,802447.0067492332,5.904416902617823,251,0.996031746031746,0.003968253968253954,0.9960168728468333,7.97031398286423,4.834480018280175,1.0868260162108454,-3.0839104539196116,-4.606372004040071,5.80403869486084,0.4421407599744666,0.0,0.0,0.7819838033683886,-0.2636443883666086,False,False,False,False,False,0,False,keep
20241106-297-French-11,French,31,1,860629.2462416728,5.9348166049873345,252,1.0,0.0,0.9947900839312012,7.9287659067370795,7.322388467723318,2.124849238999584,-4.146944013138749,0.40215384614406957,5.972771616307389,1.154455207629183,0.6745,-0.6745,0.6550209858155479,-0.17314610666221075,False,False,False,False,False,0,False,keep
20241106-297-French-9,French,35,1,767390.6774937417,5.885017084882961,252,1.0,0.0,0.9949115630292038,7.0866096538917995,7.555290154256581,3.5508163853159984,-3.8233434749533246,2.317252129372138,6.338017807212885,-0.012428508054595463,0.6745,-0.6745,0.6675930985561053,0.02275017956723575,False,False,False,False,False,0,False,keep
20241106-297-French-19,French,40,1,808372.1695864677,5.907611890575682,250,0.9920634920634921,0.007936507936507908,0.9966814453766459,7.5525900800599945,4.6742293493730385,2.0684497663265953,-2.170791800775317,-1.747914665779029,3.266487359697999,0.5170045219548605,-0.6745,0.6745,0.8507617322998386,-1.6246356732930913,False,False,False,False,False,0,False,keep
20241106-297-French-20,French,41,1,742867.4905185744,5.870911937721256,251,0.996031746031746,0.003968253968253954,0.9889512094393856,6.673618928189537,7.609345292481306,3.147054588175269,-3.5303116165784467,-0.6893768005033256,5.516946610473368,-0.3429350369492594,0.0,0.0,0.05074428639954106,-0.4176234702509379,False,False,False,False,False,0,False,keep
20241106-297-French-6,French,46,1,719275.4792866964,5.856895858878552,252,1.0,0.0,0.983963446789454,7.375514650011538,4.607169834490261,3.36303434558906,-1.9706047065836576,0.6435594328978658,2.689353008287131,-0.6713545503303618,0.6745,-0.6745,-0.46544916077865806,-1.9341761391814327,False,False,False,False,False,0,False,keep
20241106-297-French-15,French,47,1,664125.9290060549,5.822251090360246,251,0.996031746031746,0.003968253968253954,0.9865220065572641,7.547713387950193,5.0039254090981915,4.087902609225665,-2.5709341986164898,1.6388895089619622,3.6713095079378797,-1.4831377991029662,0.0,0.0,-0.2006587368848042,-1.4075132024823331,False,False,False,False,False,0,False,keep
20241106-297-French-24,French,51,1,794051.5563926246,5.8998492482657925,252,1.0,0.0,0.9865915545766265,9.813567699170251,1.6655522037747654,3.4639926239929006,1.4071604034914635,-1.2083636427250313,3.29665561511141,0.3351131928194985,0.6745,-0.6745,-0.19346107445000457,-1.6084552192742354,False,False,False,False,False,0,False,keep
20241106-297-French-14,French,53,1,771545.5011501425,5.887362106140339,250,0.9920634920634921,0.007936507936507908,0.9806958767768109,8.169061140721901,2.3995383218449766,3.0959261815619548,0.03943504824511782,-3.350947013869075,3.0058557043867844,0.04251915233312965,-0.6745,0.6745,-0.8036164608496593,-1.764422958200083,False,False,False,False,False,0,False,keep
20241106-297-French-12,French,57,1,701179.7216963056,5.845829967068063,252,1.0,0.0,0.9655825965381095,6.144930908458757,6.185511710008928,7.859442052379309,0.38569141643309673,4.8912332639363765,7.566484098715302,-0.9306463853945284,0.6745,-0.6745,-2.367719801791994,0.6816262753501229,False,False,False,False,False,0,False,keep
20241106-297-French-5,French,66,1,718830.9630492788,5.856627379882822,252,1.0,0.0,0.979571268848941,9.382880645433055,-1.964171975210443,6.196099396649583,3.120915048839565,-0.6722902099593071,6.844583846044637,-0.6776454496696381,0.6745,-0.6745,-0.9200043653581225,0.2944420088265254,False,False,False,False,False,0,False,keep
20241106-297-French-21,French,67,1,905181.4483412884,5.9567361243122665,252,1.0,0.0,0.9867822117857019,9.175947218935836,1.2033283015968592,5.225343188026016,3.579305370336842,-2.9516164468082735,5.2816272544515055,1.668065180220716,0.6745,-0.6745,-0.1737295818170586,-0.5438347465637832,False,False,False,False,False,0,False,keep
20241106-297-French-10,French,76,1,747065.0390401599,5.873358994215736,251,0.996031746031746,0.003968253968253954,0.9929279655059985,8.079877238813154,1.198368075082506,5.286831494199648,3.1621555044397978,-3.4344614042459645,5.051290365259776,-0.2855965250764012,0.0,0.0,0.46230665748386857,-0.6673737246498771,False,False,False,False,False,0,False,keep
20241106-297-French-17,French,78,1,889064.4336810735,5.9489337254706145,252,1.0,0.0,0.9871194638422216,7.119939878640801,3.8064941651146174,6.980703356916083,3.2197604113444096,-1.7668594640358797,4.731042504274169,1.4852422909135148,0.6745,-0.6745,-0.13882669773029852,-0.8391355888447504,False,False,False,False,False,0,False,keep
20241106-297-French-8,French,80,1,900942.4883978554,5.954697550749676,252,1.0,0.0,0.994969303094304,9.46031207254088,-0.4456527071420203,5.050456109453023,4.70401484012629,-4.899715108449264,7.784857731363725,1.620298087517329,0.6745,-0.6745,0.6735687323895961,0.7987488756986864,False,False,False,False,False,0,False,keep
20241106-297-French-1,French,88,1,706041.9803082936,5.848831139497359,251,0.996031746031746,0.003968253968253954,0.9949872999977116,6.900616379129795,2.268093481926065,7.036452997084277,3.4184414894418547,1.9416234566996502,5.6932620968760945,-0.8603240363364494,0.0,0.0,0.6754312676104037,-0.32305835266434696,False,False,False,False,False,0,False,keep
20241106-297-French-4,French,90,1,924310.5119350762,5.965818362036653,252,1.0,0.0,0.9762172706974915,8.662107020993071,0.31297989174861435,6.474883515539467,6.058403659697106,-2.549032786145506,7.744444121286119,1.880876775198804,0.6745,-0.6745,-1.2671162848977835,0.7770734241143702,False,False,False,False,False,0,False,keep
20241106-297-French-26,French,98,1,689082.7614467236,5.838272015700239,251,0.996031746031746,0.003968253968253954,0.9939807845527249,7.744871308759657,1.8794537852112494,8.196918321864716,4.2047357243133625,-0.656841793017906,6.253182953124672,-1.1077414729889374,0.0,0.0,0.571264988328262,-0.02275017956723575,False,False,False,False,False,0,False,keep
20241106-297-LMU-8,LMU,17,1,677481.7558954885,5.830898245502541,251,0.996031746031746,0.003968253968253954,0.9839291251285317,-10.191236676654992,7.825041097158983,-4.3820061698605235,-5.6562412859366304,-3.731605003298963,11.316030329606269,-0.5705196575356346,1.5738333333333332,-1.5738333333333459,0.06360168228712071,1.1210190016429582,False,False,False,False,False,0,False,keep
20241106-297-LMU-26,LMU,28,1,828991.9079092058,5.918550815147292,247,0.9801587301587301,0.019841269841269882,0.9819893844356344,-8.966007913845411,5.333737559455026,-2.853647277162041,-2.6257815354000194,-5.889758349629015,8.688137034981308,0.7066667121331914,-0.22483333333333333,0.2248333333333333,-0.09572189018566016,0.4697151678839127,False,False,False,False,False,0,False,keep
20241106-297-LMU-24,LMU,30,1,743017.0812415819,5.870999382384934,250,0.9920634920634921,0.007936507936507908,0.9761120699061584,-9.718325062530877,5.121342051273966,-2.9708936798477423,-3.0570117656114997,-2.1219675435748737,7.294528916437714,0.013794363627611102,1.1241666666666668,-1.1241666666666792,-0.5784641200162222,0.12431974706462492,False,False,False,False,False,0,False,keep
20241106-297-LMU-10,LMU,32,1,859465.5725461195,5.934228990224846,249,0.9880952380952381,0.011904761904761862,0.9884077337266356,-8.59813329174709,5.711046108776527,-2.3424781371146035,-2.888831828509182,-2.29859701661533,7.352180172210294,0.935113540235206,0.6745,-0.6745000000000125,0.43145905836322185,0.1386081825891972,False,False,False,False,False,0,False,keep
20241106-297-LMU-17,LMU,42,1,739784.7879643352,5.869105983821829,246,0.9761904761904762,0.023809523809523836,0.9912065968015046,-12.548406432489605,10.103109946098838,-0.10975905405283201,-5.187105902049368,3.2090866867044747,11.865739723406115,-0.013794363627611102,-0.6745,0.6745,0.6613479634024982,1.2572603917966236,False,False,False,False,False,0,False,keep
20241106-297-LMU-12,LMU,44,1,773701.9418742921,5.888574248191893,248,0.9841269841269841,0.015873015873015928,0.9831601317225283,-11.212008553263244,8.123315002180288,-0.3001401436084275,-4.422003437853457,2.315049565779996,9.467782795388123,0.26987788916919664,0.22483333333333333,-0.2248333333333333,0.0004392311919267161,0.6629445785930768,False,False,False,False,False,0,False,keep
20241106-297-LMU-20,LMU,45,1,797240.7275372376,5.901590021544888,248,0.9841269841269841,0.015873015873015928,0.9913526526857643,-9.340015566349846,4.2574756324030485,-1.4964975934497597,-2.5526012635277957,-0.15635845964617107,5.560602983151822,0.4595308381302862,0.22483333333333333,-0.2248333333333333,0.6733444871369042,-0.3054209163455694,False,False,False,False,False,0,False,keep
20241106-297-LMU-14,LMU,52,1,732385.5577515707,5.864740364646738,249,0.9880952380952381,0.011904761904761862,0.9913807890787277,-8.645486369380057,0.8747922483262907,-1.335500273037411,0.6338894072045813,-2.2874877398779874,3.8993086393999716,-0.0774058393457637,0.6745,-0.6745000000000125,0.6756555128630958,-0.7171603797784697,False,False,False,False,False,0,False,keep
20241106-297-LMU-25,LMU,56,1,654573.6172667944,5.815959160466796,247,0.9801587301587301,0.019841269841269882,0.9850730543736396,-9.481521787390891,0.6281077362288923,-1.487326778497374,0.8246200064764876,1.0604147968475424,4.183620368593919,-0.788197198083592,-0.22483333333333333,0.2248333333333333,0.15756006273149575,-0.6466958294919601,False,False,False,False,False,0,False,keep
20241106-297-LMU-5,LMU,58,1,689450.5420410995,5.838503747286763,246,0.9761904761904762,0.023809523809523836,0.9873647668044604,-10.904391590595434,3.551556665353275,2.554592670168021,-1.2888209955827425,1.125979730153959,3.8183050462550545,-0.4596998235858824,-0.6745,0.6745,0.3457933729340534,-0.7372365186656356,False,False,False,False,False,0,False,keep
20241106-297-LMU-3,LMU,68,1,782918.9823300004,5.893717377628397,246,0.9761904761904762,0.023809523809523836,0.9953100983566995,-9.842584600496327,2.6302431248587324,2.846685657075472,3.0186262158136263,-1.2809359745942086,3.829058565472806,0.3448184738019983,-0.6745,0.6745,0.9983953480427352,-0.7345713388018835,False,False,False,False,False,0,False,keep
20241106-297-LMU-7,LMU,69,1,820606.8158188765,5.914135649056491,250,0.9920634920634921,0.007936507936507908,0.9901959883732548,-7.940876326514429,1.2435787141791876,1.100056616947323,2.6467984376970084,-0.386073119714905,3.6583993574658695,0.6423332878668085,1.1241666666666668,-1.1241666666666792,0.578340092428077,-0.7768679558938127,False,False,False,False,False,0,False,keep
20241106-297-LMU-19,LMU,73,1,684376.1542588561,5.83529550357959,247,0.9801587301587301,0.019841269841269882,0.9664129908051178,-10.067962937108707,1.6171694144199464,1.7454647520237092,2.226999385123223,1.8546163748115423,3.825285719255077,-0.5064471710964537,-0.22483333333333333,0.2248333333333333,-1.3751128358637918,-0.735506410713219,False,False,False,False,False,0,False,keep
20241106-297-LMU-11,LMU,77,1,643157.7100587013,5.808318155502122,246,0.9761904761904762,0.023809523809523836,0.9624967638291987,-12.134673196483718,0.7462622997864997,0.45615924067484015,3.752803544008922,-4.867899010705156,6.178918733248464,-0.8995343491905751,-0.6745,0.6745,-1.696778136129136,-0.1521759503740666,False,False,False,False,False,0,False,keep
20241106-297-LMU-2,LMU,79,1,908920.7213454013,5.958526482285101,249,0.9880952380952381,0.011904761904761862,0.9948740637147512,-8.799303215573794,0.20101198994812633,1.2565221808765101,4.689311852278922,-4.6423207810318585,6.291313480670869,1.2891525125353438,0.6745,-0.6745000000000125,0.9625809749507681,-0.1243197470646247,False,False,False,False,False,0,False,keep
20241106-297-LMU-1,LMU,82,1,811739.8311191712,5.909417391826111,246,0.9761904761904762,0.023809523809523836,0.9960528562950193,-9.075518911530112,-0.715616666006829,1.0429680990317864,4.077541597856138,-1.807164435286302,4.778779688250143,0.573583519917543,-0.6745,0.6745,1.0594029088208061,-0.4991900128051209,False,False,False,False,False,0,False,keep
20241106-297-LMU-13,LMU,84,1,1005170.2878224781,6.002240074709285,249,0.9880952380952381,0.011904761904761862,0.9614217122426345,-7.250964930635052,-2.5912041541461015,0.2664402870570095,6.566210503253213,-5.88445547919798,9.561030870580794,1.9261036554362618,0.6745,-0.6745000000000125,-1.7850791446047096,0.6860554214069231,False,False,False,False,False,0,False,keep
20241106-297-LMU-22,LMU,87,1,637874.279138511,5.804735771390515,248,0.9841269841269841,0.015873015873015928,0.977655132075878,-9.357807811591123,1.3240071686289845,3.8839203563822258,3.2022070755378325,1.0156985663969686,4.4345560838973,-0.9517332998523353,0.22483333333333333,-0.2248333333333333,-0.45172234554732865,-0.5845032763398029,False,False,False,False,False,0,False,keep
20241106-297-LMU-4,LMU,89,1,639898.5183062506,5.806111783247672,248,0.9841269841269841,0.015873015873015928,0.9906464686079806,-10.708127066232779,0.660899930915046,1.9346461835049202,4.369212008028641,-0.9945881038611032,4.639052753169458,-0.9316834188780997,0.22483333333333333,-0.2248333333333333,0.6153409764058609,-0.5338202958092255,False,False,False,False,False,0,False,keep
20241106-297-LMU-15,LMU,92,1,830495.4703598503,5.919337791024021,248,0.9841269841269841,0.015873015873015928,0.9831494365742416,-9.357672844505641,-0.505643888870337,1.6939291404528936,4.9496917738373885,-0.48522525111075704,5.36431246539065,0.7181337446125654,0.22483333333333333,-0.2248333333333333,-0.00043923119193583506,-0.35407006317732637,False,False,False,False,False,0,False,keep
20241106-297-LMU-16,LMU,94,1,843317.4334815406,5.925991593356655,245,0.9722222222222222,0.02777777777777779,0.950335485434867,-7.6042462687922665,-8.927085223325628,4.596858204087015,5.028436763014207,-5.191437639347756,12.300579697257533,0.8150863574127757,-1.1241666666666668,1.1241666666666665,-2.695663361724385,1.3650322494365017,False,False,False,False,False,0,False,keep
20241106-297-LMU-18,LMU,96,1,657632.7857344358,5.8179841168512105,244,0.9682539682539683,0.031746031746031744,0.9681995095754371,-12.939978719723438,1.6864384958110292,5.935946576291282,4.094607429316608,2.210214490392396,7.347278568655755,-0.7586915406473032,-1.5738333333333332,1.5738333333333332,-1.2283743806572798,0.13739335655605195,False,False,False,False,False,0,False,keep
20241106-297-Dunn-18,Dunn,85,1,811277.1299702696,5.909169768642402,250,0.9920634920634921,0.007936507936507908,0.9716584283937287,3.577244322299552,-9.657711596506863,-4.905965311428553,6.060437449699794,-0.7071960667013492,8.472960765392601,-0.011673867580075463,0.0,0.0,-3.454259277745057,0.3114862779842336,False,False,False,True,False,1,False,minor_review
20241106-297-Dunn-27,Dunn,99,1,691384.8792837156,5.839720505360008,249,0.9880952380952381,0.011904761904761862,0.9688971974676963,-0.5107715259009297,-0.17680872901748687,2.4200106840344446,8.835407402613829,9.285921101757323,14.722645580622828,-0.8310583201626971,-0.6782523220157747,0.6782523220157727,-3.94080511978672,2.105977549830591,False,False,False,True,False,1,False,minor_review
20241106-297-French-3,French,60,1,789686.373028364,5.8974551937710125,251,0.996031746031746,0.003968253968253954,0.9569178503223958,7.433188444510069,-2.485004178910943,7.1156992240657555,-2.1979169401711722,2.3705346395540348,7.439734487258451,0.27901660396556266,0.0,0.0,-3.2644515695064857,0.6136453387006101,False,False,False,True,False,1,False,minor_review
20241106-297-French-22,French,93,1,672997.2259765817,5.82801391942517,250,0.9920634920634921,0.007936507936507908,0.9566445060965107,8.485913431388568,-2.626474121996085,8.658322273907961,4.059144233932894,1.6889686589095219,9.042254483154972,-1.3481053454159582,-0.6745,0.6745,-3.2927405054741623,1.47314154597463,False,False,False,True,False,1,False,minor_review
20241106-297-French-23,French,95,1,745072.4021995909,5.8721990601307406,250,0.9920634920634921,0.007936507936507908,0.9431634974604509,8.193351219726669,-6.438007087269295,9.845927030323228,2.544500176586071,-2.1458228300761197,11.712283552181384,-0.31277566640569515,-0.6745,0.6745,-4.687916821528858,2.9051859909837088,False,False,False,True,False,1,False,minor_review
20241106-297-LMU-9,LMU,61,1,634675.5432286757,5.80255244768437,244,0.9682539682539683,0.031746031746031744,0.883161305881457,-9.354694833206047,-11.963398973566354,6.480000165326639,-7.544852649705293,-0.7373950755010085,15.376665977224103,-0.9835465289380874,-1.5738333333333332,1.5738333333333332,-8.213117474826378,2.1274173855505434,False,False,False,True,False,1,False,minor_review
20241106-297-LMU-21,LMU,71,1,557369.9315376815,5.746144315288709,248,0.9841269841269841,0.015873015873015928,0.9733493780848209,-13.625533641655347,13.250263692410847,11.014728705840184,1.3233275824873827,13.46547000628975,21.478597402880702,-1.8054699263490321,0.22483333333333333,-0.2248333333333333,-0.8053820437513686,3.6397357658263747,False,False,False,False,True,1,False,minor_review
