sample,total_signal,log10_total_signal_plus1,detected_features,detection_rate,zero_fraction,mean_feature_intensity_nonzero,class,id,order,batch,spearman_corr_to_class_median,log10_total_signal_plus1_robust_z,detected_features_robust_z,zero_fraction_robust_z,spearman_corr_to_class_median_robust_z,outlier_total_signal,outlier_detected_features,outlier_zero_fraction,outlier_class_profile,any_outlier_flag
20241106-297-Blank1,28.53164813977596,1.4702876853002023,6,0.023809523809523808,0.9761904761904762,4.75527468996266,B,20241106-297-Blank1,1,1,0.5633459887355554,-64.13413861551767,-165.2525,165.25250000000003,-41.136546010224535,True,True,True,True,True
20241106-297-Blank2,29.55166478016734,1.485034880213316,6,0.023809523809523808,0.9761904761904762,4.9252774633612235,B,20241106-297-Blank2,2,1,0.2793389978338397,-63.91992729336173,-165.2525,165.25250000000003,-68.67202791053231,True,True,True,True,True
20241106-297-Blank3,63.79922055016516,1.8115697819076597,9,0.03571428571428571,0.9642857142857143,7.088802283351685,B,20241106-297-Blank3,3,1,0.4703913168860299,-59.176823711011416,-163.22899999999998,163.229,-50.148830095680104,True,True,True,True,True
20241106-297-Experimental_Blank,241703.3389053496,5.383284446625017,64,0.25396825396825395,0.746031746031746,3776.6146703960867,SS,20241106-297-Experimental_Blank,4,1,0.9999999999999999,-7.295654091930913,-126.1315,126.13150000000002,1.1986042115873372,True,True,True,False,True
20241106-297-Diluted-QC1,557833.7734337554,5.7465055831456775,251,0.996031746031746,0.003968253968253968,2222.4453124850816,dQC,20241106-297-Diluted-QC1,7,1,0.9909923623766659,-2.0196622611123605,0.0,0.0,0.32528189668812874,False,False,False,False,False
20241106-297-Diluted-QC2,633451.3013756614,5.801713918305097,248,0.9841269841269841,0.015873015873015872,2554.2391184502467,dQC,20241106-297-Diluted-QC2,8,1,0.9898167311574428,-1.2177300605681272,-2.0235,2.0235,0.21130029343401963,False,False,False,False,False
20241106-297-Diluted-QC3,592507.5460319839,5.77269461876276,251,0.996031746031746,0.003968253968253968,2360.5878327967475,dQC,20241106-297-Diluted-QC3,9,1,0.9750369639802623,-1.6392517505998971,0.0,0.0,-1.2216503895963648,False,False,False,False,False
20241106-297-Diluted-QC4,676026.7057085478,5.829964495038933,251,0.996031746031746,0.003968253968253968,2693.333488878678,dQC,20241106-297-Diluted-QC4,10,1,0.9925929564193103,-0.8073745028178378,0.0,0.0,0.4804651481674167,False,False,False,False,False
20241106-297-Diluted-QC5,856311.508682156,5.932632288074052,250,0.9920634920634921,0.007936507936507936,3425.2460347286233,dQC,20241106-297-Diluted-QC5,11,1,0.9549025551675765,0.683933086080268,-0.6745,0.6745,-3.1737525110084674,False,False,False,False,False
20241106-297-QC1,821711.8798646646,5.914720094336789,251,0.996031746031746,0.003968253968253968,3273.752509420974,QC,20241106-297-QC1,12,1,0.9690797912209997,0.4237483712393101,0.0,0.0,-1.7992193507296013,False,False,False,False,False
20241106-297-QC2,609333.5993338759,5.784855839002787,252,1.0,0.0,2417.990473547126,QC,20241106-297-QC2,13,1,0.9837225476871162,-1.4626031688191454,0.6745,-0.6745,-0.37955234055063297,False,False,False,False,False
20241106-297-QC3,925994.1588036106,5.966608716152373,249,0.9880952380952381,0.011904761904761904,3718.852043387993,QC,20241106-297-QC3,14,1,0.9907263369558669,1.1774598634555167,-1.349,1.349,0.2994897915847447,False,False,False,False,False
20241106-297-Dunn-20,952475.588578537,5.97885430972707,251,0.996031746031746,0.003968253968253968,3794.7234604722566,Dunn,20241106-297-Dunn-20,15,1,0.9757767304163399,1.3553340155010447,0.0,0.0,-1.1499274181075378,False,False,False,False,False
20241106-297-French-2,772713.2424050746,5.888018917086402,252,1.0,0.0,3066.322390496328,French,20241106-297-French-2,16,1,0.9917915358298492,0.035898714702964345,0.6745,-0.6745,0.4027645885242334,False,False,False,False,False
20241106-297-LMU-8,677481.7558954885,5.830898245502541,251,0.996031746031746,0.003968253968253968,2699.1305015756543,LMU,20241106-297-LMU-8,17,1,0.9842892480568161,-0.7938112507857223,0.0,0.0,-0.3246087360878533,False,False,False,False,False
20241106-297-Dunn-17,685558.0375562403,5.836044860410544,251,0.996031746031746,0.003968253968253968,2731.3069225348213,Dunn,20241106-297-Dunn-17,18,1,0.9907407806644444,-0.7190537670360226,0.0,0.0,0.30089016019837095,False,False,False,False,False
20241106-297-Dunn-7,840205.5076425866,5.924386040951462,252,1.0,0.0,3334.1488398515326,Dunn,20241106-297-Dunn-7,19,1,0.9932513486898336,0.564151696510117,0.6745,-0.6745,0.5442986066000246,False,False,False,False,False
20241106-297-French-18,684719.2692267313,5.835513184129958,252,1.0,0.0,2717.139957248934,French,20241106-297-French-18,20,1,0.9884324881661659,-0.7267766648273828,0.6745,-0.6745,0.07709304131351026,False,False,False,False,False
20241106-297-Dunn-1,815696.0970256847,5.91152891670465,250,0.9920634920634921,0.007936507936507936,3262.784388102738,Dunn,20241106-297-Dunn-1,21,1,0.9947006608239909,0.3773947166058315,-0.6745,0.6745,0.684814542180625,False,False,False,False,False
20241106-297-French-25,824147.3272928225,5.916005381512169,252,1.0,0.0,3270.425901955642,French,20241106-297-French-25,22,1,0.9960971090411933,0.4424178922438327,0.6745,-0.6745,0.8202051341072899,False,False,False,False,False
20241106-297-French-7,769267.4423821433,5.886077916786625,252,1.0,0.0,3052.6485808815223,French,20241106-297-French-7,23,1,0.9963948078183973,0.007704590805496797,0.6745,-0.6745,0.8490680830981502,False,False,False,False,False
20241106-297-Dunn-21,1034690.8149202509,6.014811013551121,251,0.996031746031746,0.003968253968253968,4122.274163028888,Dunn,20241106-297-Dunn-21,24,1,0.9928734137182695,1.877625414773909,0.0,0.0,0.5076564748836411,False,False,False,False,False
20241106-297-French-13,766300.9017272723,5.884399903344283,252,1.0,0.0,3040.876594155842,French,20241106-297-French-13,25,1,0.9966265179497727,-0.016669500687645274,0.6745,-0.6745,0.871533199567114,False,False,False,False,False
20241106-297-QC4,917679.7485763315,5.962691621020277,252,1.0,0.0,3641.5863038743287,QC,20241106-297-QC4,26,1,0.9920110561061077,1.1205618477853867,0.6745,-0.6745,0.42404785544127205,False,False,False,False,False
20241106-297-French-16,802447.0067492332,5.904416902617823,251,0.996031746031746,0.003968253968253968,3197.0000268893755,French,20241106-297-French-16,27,1,0.9964810429805597,0.27408870148181474,0.0,0.0,0.857428886962009,False,False,False,False,False
20241106-297-LMU-26,828991.9079092058,5.918550815147292,249,0.9880952380952381,0.011904761904761904,3329.284770719701,LMU,20241106-297-LMU-26,28,1,0.9825287266681939,0.4793917511812393,-1.349,1.349,-0.4952975091972656,False,False,False,False,False
20241106-297-Dunn-5,660545.3553439946,5.819903300623804,252,1.0,0.0,2621.211727555535,Dunn,20241106-297-Dunn-5,29,1,0.9923357562289613,-0.9535190252731743,0.6745,-0.6745,0.45552868035855837,False,False,False,False,False
20241106-297-LMU-24,743017.0812415819,5.870999382384934,250,0.9920634920634921,0.007936507936507936,2972.0683249663252,LMU,20241106-297-LMU-24,30,1,0.9767972613161068,-0.21131962426661283,-0.6745,0.6745,-1.050983339195906,False,False,False,False,False
20241106-297-French-11,860629.2462416728,5.9348166049873345,252,1.0,0.0,3415.195421593941,French,20241106-297-French-11,31,1,0.9948178291572881,0.7156615209967858,0.6745,-0.6745,0.6961744263530235,False,False,False,False,False
20241106-297-LMU-10,859465.5725461195,5.934228990224846,251,0.996031746031746,0.003968253968253968,3424.1656276737826,LMU,20241106-297-LMU-10,32,1,0.9907895119179632,0.7071260852117027,0.0,0.0,0.3056148275207687,False,False,False,False,False
20241106-297-Dunn-4,981789.1253976716,5.9920186597592995,251,0.996031746031746,0.003968253968253968,3911.51045975168,Dunn,20241106-297-Dunn-4,33,1,0.996149600009466,1.5465536231852155,0.0,0.0,0.8252943190678854,False,False,False,False,False
20241106-297-Dunn-23,927529.9055953126,5.967328389344644,252,1.0,0.0,3680.674228552827,Dunn,20241106-297-Dunn-23,34,1,0.9953504241459199,1.1879135224018336,0.6745,-0.6745,0.7478113935385962,False,False,False,False,False
20241106-297-French-9,767390.6774937417,5.885017084882961,252,1.0,0.0,3045.2011011656436,French,20241106-297-French-9,35,1,0.9947938332860776,-0.007704590805509698,0.6745,-0.6745,0.6938479417995947,False,False,False,False,False
20241106-297-Dunn-11,785249.4991756352,5.895008221147148,251,0.996031746031746,0.003968253968253968,3128.4840604607007,Dunn,20241106-297-Dunn-11,36,1,0.9967285004024171,0.1374222975011441,0.0,0.0,0.8814207589191644,False,False,False,False,False
20241106-297-Dunn-26,891005.8379207974,5.949881036988474,250,0.9920634920634921,0.007936507936507936,3564.0233516831872,Dunn,20241106-297-Dunn-26,37,1,0.9948813797629232,0.9344808907484483,-0.6745,0.6745,0.7023358822582588,False,False,False,False,False
20241106-297-QC5,846645.6322411803,5.9277021851954945,252,1.0,0.0,3359.7048898459525,QC,20241106-297-QC5,38,1,0.9955262689225289,0.6123205616508622,0.6745,-0.6745,0.7648601663459437,False,False,False,False,False
20241106-297-Dunn-19,937951.0719982926,5.972180647122704,251,0.996031746031746,0.003968253968253968,3736.8568605509663,Dunn,20241106-297-Dunn-19,39,1,0.9946211765023476,1.2583953028491381,0.0,0.0,0.677108256173305,False,False,False,False,False
20241106-297-French-19,808372.1695864677,5.907611890575682,250,0.9920634920634921,0.007936507936507936,3233.488678345872,French,20241106-297-French-19,40,1,0.9967395603881286,0.32049770324504234,-0.6745,0.6745,0.8824930636374727,False,False,False,False,False
20241106-297-French-20,742867.4905185744,5.870911937721256,251,0.996031746031746,0.003968253968253968,2959.6314363289816,French,20241106-297-French-20,41,1,0.9892875266979166,-0.21258980731717386,0.0,0.0,0.1599920500327555,False,False,False,False,False
20241106-297-LMU-17,739784.7879643352,5.869105983821829,247,0.9801587301587301,0.01984126984126984,2995.080113215931,LMU,20241106-297-LMU-17,42,1,0.9933379263204885,-0.23882230609597244,-2.698,2.698,0.5526926139950551,False,False,False,False,False
20241106-297-Dunn-12,785285.2668881685,5.895028002562677,249,0.9880952380952381,0.011904761904761904,3153.756091920355,Dunn,20241106-297-Dunn-12,43,1,0.9824760579996817,0.13770963371657277,-1.349,1.349,-0.5004039228243583,False,False,False,False,False
20241106-297-LMU-12,773701.9418742921,5.888574248191893,250,0.9920634920634921,0.007936507936507936,3094.807767497166,LMU,20241106-297-LMU-12,44,1,0.9866562184528143,0.04396521216518648,-0.6745,0.6745,-0.09512258755805289,False,False,False,False,False
20241106-297-LMU-20,797240.7275372376,5.901590021544888,248,0.9841269841269841,0.015873015873015872,3214.680352972733,LMU,20241106-297-LMU-20,45,1,0.9938371680599347,0.23302665980008286,-2.0235,2.0235,0.6010958657486646,False,False,False,False,False
20241106-297-French-6,719275.4792866964,5.856895858878552,252,1.0,0.0,2854.2677749472073,French,20241106-297-French-6,46,1,0.9838232209170684,-0.416181256269119,0.6745,-0.6745,-0.36979171496746144,False,False,False,False,False
20241106-297-French-15,664125.9290060549,5.822251090360246,252,1.0,0.0,2635.4203531986273,French,20241106-297-French-15,47,1,0.9862318064898132,-0.9194160554168415,0.6745,-0.6745,-0.13627082791785816,False,False,False,False,False
20241106-297-Dunn-8,701308.9039707904,5.845909972093552,252,1.0,0.0,2782.9718411539284,Dunn,20241106-297-Dunn-8,48,1,0.9870429769883996,-0.5757574568371164,0.6745,-0.6745,-0.05762498011329419,False,False,False,False,False
20241106-297-Dunn-25,821952.6091972783,5.914847306788013,250,0.9920634920634921,0.007936507936507936,3287.810436789111,Dunn,20241106-297-Dunn-25,49,1,0.990974551249074,0.4255962038292963,-0.6745,0.6745,0.323555044895241,False,False,False,False,False
20241106-297-QC6,922695.6044185647,5.965058922383179,252,1.0,0.0,3661.490493724465,QC,20241106-297-QC6,50,1,0.9720193039357726,1.154948235018781,0.6745,-0.6745,-1.514223200119478,False,False,False,False,False
20241106-297-French-24,794051.5563926246,5.8998492482657925,252,1.0,0.0,3150.998239653273,French,20241106-297-French-24,51,1,0.9867314055397424,0.2077409462873897,0.6745,-0.6745,-0.08783293364963117,False,False,False,False,False
20241106-297-LMU-14,732385.5577515707,5.864740364646738,251,0.996031746031746,0.003968253968253968,2917.8707480142266,LMU,20241106-297-LMU-14,52,1,0.9910459697587037,-0.3022353864163498,0.0,0.0,0.3304793219104435,False,False,False,False,False
20241106-297-French-14,771545.5011501425,5.887362106140339,251,0.996031746031746,0.003968253968253968,3073.8864587655057,French,20241106-297-French-14,53,1,0.9811248031355168,0.02635816533125784,0.0,0.0,-0.6314128593888597,False,False,False,False,False
20241106-297-Dunn-24,1008243.7479418545,6.0035659683976705,250,0.9920634920634921,0.007936507936507936,4032.9749917674185,Dunn,20241106-297-Dunn-24,54,1,0.9969761447251955,1.7142847927630096,-0.6745,0.6745,0.9054307515814121,False,False,False,False,False
20241106-297-Dunn-2,678874.355202194,5.831790043032962,250,0.9920634920634921,0.007936507936507936,2715.497420808778,Dunn,20241106-297-Dunn-2,55,1,0.9883267563388238,-0.7808573887657035,-0.6745,0.6745,0.06684196682826328,False,False,False,False,False
20241106-297-LMU-25,654573.6172667944,5.815959160466796,250,0.9920634920634921,0.007936507936507936,2618.2944690671798,LMU,20241106-297-LMU-25,56,1,0.9854551112670739,-1.0108098851810365,-0.6745,0.6745,-0.2115741758386026,False,False,False,False,False
20241106-297-French-12,701179.7216963056,5.845829967068063,252,1.0,0.0,2782.4592130805777,French,20241106-297-French-12,57,1,0.9655323551639254,-0.5769195749477192,0.6745,-0.6745,-2.143155818743771,False,False,False,False,False
20241106-297-LMU-5,689450.5420410995,5.838503747286763,246,0.9761904761904762,0.023809523809523808,2802.644479841866,LMU,20241106-297-LMU-5,58,1,0.9889966836879177,-0.6833370485759924,-3.3725,3.3725,0.13179379191160928,False,False,False,False,False
20241106-297-Dunn-9,813127.5697830018,5.9101592205419795,249,0.9880952380952381,0.011904761904761904,3265.5725694096436,Dunn,20241106-297-Dunn-9,59,1,0.9892170347571679,0.3574991074621162,-1.349,1.349,0.1531576071465404,False,False,False,False,False
20241106-297-French-3,789686.373028364,5.8974551937710125,251,0.996031746031746,0.003968253968253968,3146.16084871858,French,20241106-297-French-3,60,1,0.9568976038060618,0.17296595472718515,0.0,0.0,-2.980325491832531,False,False,False,False,False
20241106-297-LMU-9,634675.5432286757,5.80255244768437,247,0.9801587301587301,0.01984126984126984,2569.5366122618448,LMU,20241106-297-LMU-9,61,1,0.8836312679018857,-1.2055499484818009,-2.698,2.698,-10.083755797495199,False,False,False,True,True
20241106-297-QC7,733267.5712636238,5.865263071032308,248,0.9841269841269841,0.015873015873015872,2956.724077675903,QC,20241106-297-QC7,62,1,0.8589890968550444,-0.2946427814082827,-2.0235,2.0235,-12.472901405109493,False,False,False,True,True
20241106-297-Dunn-13,691702.1148064556,5.83991973135341,245,0.9722222222222222,0.027777777777777776,2823.273937985532,Dunn,20241106-297-Dunn-13,63,1,0.8464877730856655,-0.6627690815249573,-4.047,4.047,-13.684948944110907,False,True,True,True,True
20241106-297-LMU-6,777244.6199734176,5.8905582833344186,243,0.9642857142857143,0.03571428571428571,3198.5375307548043,LMU,20241106-297-LMU-6,64,1,0.8524260583786689,0.07278444142120818,-5.396,5.396,-13.109211189609836,False,True,True,True,True
20241106-297-LMU-23,698043.0312334519,5.843882817922017,243,0.9642857142857143,0.03571428571428571,2872.6050668043254,LMU,20241106-297-LMU-23,65,1,0.8824782168837183,-0.6052030143046141,-5.396,5.396,-10.195548170422626,False,True,True,True,True
20241106-297-French-5,718830.9630492788,5.856627379882822,252,1.0,0.0,2852.5038216241232,French,20241106-297-French-5,66,1,0.9795757680739495,-0.4200810650792242,0.6745,-0.6745,-0.7815972853612727,False,False,False,False,False
20241106-297-French-21,905181.4483412884,5.9567361243122665,252,1.0,0.0,3591.9898743701874,French,20241106-297-French-21,67,1,0.9866194897840564,1.0340548997566483,0.6745,-0.6745,-0.09868356185165096,False,False,False,False,False
20241106-297-LMU-3,782918.9823300004,5.893717377628397,247,0.9801587301587301,0.01984126984126984,3169.712479068827,LMU,20241106-297-LMU-3,68,1,0.9956709745751101,0.11867206747588259,-2.698,2.698,0.778889890983603,False,False,False,False,False
20241106-297-LMU-7,820606.8158188765,5.914135649056491,251,0.996031746031746,0.003968253968253968,3269.349863820224,LMU,20241106-297-LMU-7,69,1,0.9910562771407476,0.41525897397033623,0.0,0.0,0.33147865904227886,False,False,False,False,False
20241106-297-Dunn-14,745113.2266556588,5.872222855571876,251,0.996031746031746,0.003968253968253968,2968.5785922536193,Dunn,20241106-297-Dunn-14,70,1,0.993144117140362,-0.1935479863014666,0.0,0.0,0.5339021287519211,False,False,False,False,False
20241106-297-LMU-21,557369.9315376815,5.746144315288709,251,0.996031746031746,0.003968253968253968,2220.597336803511,LMU,20241106-297-LMU-21,71,1,0.974727824701272,-2.0249098804562156,0.0,0.0,-1.2516225356843413,False,False,False,False,False
20241106-297-Dunn-6,698064.408295275,5.843896117653008,251,0.996031746031746,0.003968253968253968,2781.1331007779886,Dunn,20241106-297-Dunn-6,72,1,0.994457891089132,-0.605009828212159,0.0,0.0,0.6612771580517115,False,False,False,False,False
20241106-297-LMU-19,684376.1542588561,5.83529550357959,248,0.9841269841269841,0.015873015873015872,2759.5812671728067,LMU,20241106-297-LMU-19,73,1,0.9670003228215711,-0.7299385975730157,-2.0235,2.0235,-2.000831164202687,False,False,False,False,False
20241106-297-QC8,742070.7482298302,5.870445897669709,249,0.9880952380952381,0.011904761904761904,2980.203808151931,QC,20241106-297-QC8,74,1,0.9919814361803713,-0.21935930186902267,-1.349,1.349,0.4211760989171969,False,False,False,False,False
20241106-297-Dunn-15,779942.9333772236,5.892063384357077,251,0.996031746031746,0.003968253968253968,3107.3423640526826,Dunn,20241106-297-Dunn-15,75,1,0.9858476824296519,0.09464688251197181,0.0,0.0,-0.1735130136558307,False,False,False,False,False
20241106-297-French-10,747065.0390401599,5.873358994215736,251,0.996031746031746,0.003968253968253968,2976.3547372117905,French,20241106-297-French-10,76,1,0.9930693162113461,-0.17704493182313685,0.0,0.0,0.5266499142183836,False,False,False,False,False
20241106-297-LMU-11,643157.7100587013,5.808318155502122,248,0.9841269841269841,0.015873015873015872,2593.377863139924,LMU,20241106-297-LMU-11,77,1,0.9594322106741877,-1.1217997911073088,-2.0235,2.0235,-2.7345863946360516,False,False,False,False,False
20241106-297-French-17,889064.4336810735,5.9489337254706145,252,1.0,0.0,3528.0334669883864,French,20241106-297-French-17,78,1,0.9869511177767017,0.9207206567561653,0.6745,-0.6745,-0.06653105546394678,False,False,False,False,False
20241106-297-LMU-2,908920.7213454013,5.958526482285101,250,0.9920634920634921,0.007936507936507936,3635.6828853816046,LMU,20241106-297-LMU-2,79,1,0.9925413985562661,1.0600608589070375,-0.6745,0.6745,0.475466431057794,False,False,False,False,False
20241106-297-French-8,900942.4883978554,5.954697550749676,252,1.0,0.0,3575.168604753396,French,20241106-297-French-8,80,1,0.9945673722515295,1.0044434691946051,0.6745,-0.6745,0.6718917438266949,False,False,False,False,False
20241106-297-Dunn-10,675270.3960637001,5.829478353755728,250,0.9920634920634921,0.007936507936507936,2701.0815842548013,Dunn,20241106-297-Dunn-10,81,1,0.9865439377607669,-0.8144359790947505,-0.6745,0.6745,-0.10600859763058204,False,False,False,False,False
20241106-297-LMU-1,811739.8311191712,5.909417391826111,248,0.9841269841269841,0.015873015873015872,3273.1444803192376,LMU,20241106-297-LMU-1,82,1,0.9952349314884753,0.346723627041889,-2.0235,2.0235,0.7366139720646137,False,False,False,False,False
20241106-297-Dunn-3,840788.577978865,5.924687319749109,251,0.996031746031746,0.003968253968253968,3349.7552907524487,Dunn,20241106-297-Dunn-3,83,1,0.9924519862301366,0.5685279409390863,0.0,0.0,0.4667975899141815,False,False,False,False,False
20241106-297-LMU-13,1005170.2878224781,6.002240074709285,251,0.996031746031746,0.003968253968253968,4004.6625012847726,LMU,20241106-297-LMU-13,84,1,0.9588194613556392,1.6950254392587834,0.0,0.0,-2.7939946074999265,False,False,False,False,False
20241106-297-Dunn-18,811277.1299702696,5.909169768642402,250,0.9920634920634921,0.007936507936507936,3245.1085198810774,Dunn,20241106-297-Dunn-18,85,1,0.9705486189341402,0.34312676066212794,-0.6745,0.6745,-1.6568113107674896,False,False,False,False,False
20241106-297-QC9,773821.3997962214,5.888641297066661,249,0.9880952380952381,0.011904761904761904,3107.716465045063,QC,20241106-297-QC9,86,1,0.9817196282288955,0.044939134880503225,-1.349,1.349,-0.5737424635279121,False,False,False,False,False
20241106-297-LMU-22,637874.279138511,5.804735771390515,250,0.9920634920634921,0.007936507936507936,2551.4971165540437,LMU,20241106-297-LMU-22,87,1,0.9788697329931602,-1.1738359404590368,-0.6745,0.6745,-0.8500498826946455,False,False,False,False,False
20241106-297-French-1,706041.9803082936,5.848831139497359,251,0.996031746031746,0.003968253968253968,2812.91625620834,French,20241106-297-French-1,88,1,0.9944353949598723,-0.5333258530307602,0.0,0.0,0.6590960787828909,False,False,False,False,False
20241106-297-LMU-4,639898.5183062506,5.806111783247672,249,0.9880952380952381,0.011904761904761904,2569.8735674949835,LMU,20241106-297-LMU-4,89,1,0.9882316903192212,-1.153848592291442,-1.349,1.349,0.057624980113283424,False,False,False,False,False
20241106-297-French-4,924310.5119350762,5.965818362036653,252,1.0,0.0,3667.8988568852224,French,20241106-297-French-4,90,1,0.9762187704400045,1.165979524238649,0.6745,-0.6745,-1.1070700749408025,False,False,False,False,False
20241106-297-Dunn-16,918139.0739949836,5.9629089434260685,251,0.996031746031746,0.003968253968253968,3657.924597589575,Dunn,20241106-297-Dunn-16,91,1,0.9770931203250587,1.123718578279077,0.0,0.0,-1.0222987622417512,False,False,False,False,False
20241106-297-LMU-15,830495.4703598503,5.919337791024021,249,0.9880952380952381,0.011904761904761904,3335.323174135944,LMU,20241106-297-LMU-15,92,1,0.984337418512321,0.490823019571754,-1.349,1.349,-0.31993844011564604,False,False,False,False,False
20241106-297-French-22,672997.2259765817,5.82801391942517,250,0.9920634920634921,0.007936507936507936,2691.9889039063273,French,20241106-297-French-22,93,1,0.9563546808558817,-0.8357077135505258,-0.6745,0.6745,-3.032963791405655,False,False,False,False,False
20241106-297-LMU-16,843317.4334815406,5.925991593356655,246,0.9761904761904762,0.023809523809523808,3428.119648298946,LMU,20241106-297-LMU-16,94,1,0.9493368277760195,0.5874732505774108,-3.3725,3.3725,-3.713369459752175,False,False,False,True,True
20241106-297-French-23,745072.4021995909,5.8721990601307406,250,0.9920634920634921,0.007936507936507936,2980.2896087983654,French,20241106-297-French-23,95,1,0.9433663376733543,-0.19389362850237332,-0.6745,0.6745,-4.292229584412964,False,False,False,True,True
20241106-297-LMU-18,657632.7857344358,5.8179841168512105,244,0.9682539682539683,0.031746031746031744,2695.2163349771963,LMU,20241106-297-LMU-18,96,1,0.9678146259113614,-0.9813962518108083,-4.7215,4.7215,-1.9218816006053474,False,True,True,False,True
20241106-297-Dunn-22,853343.8115383565,5.931124552257318,250,0.9920634920634921,0.007936507936507936,3413.3752461534286,Dunn,20241106-297-Dunn-22,97,1,0.990874068519543,0.6620323731197815,-0.6745,0.6745,0.3138128890014377,False,False,False,False,False
20241106-297-French-26,689082.7614467236,5.838272015700239,251,0.996031746031746,0.003968253968253968,2745.3496471981002,French,20241106-297-French-26,98,1,0.993331396166354,-0.6867030805452645,0.0,0.0,0.5520594924637717,False,False,False,False,False
20241106-297-Dunn-27,691384.8792837156,5.839720505360008,249,0.9880952380952381,0.011904761904761904,2776.646101541026,Dunn,20241106-297-Dunn-27,99,1,0.9719248043684673,-0.6656629514240076,-1.349,1.349,-1.523385267281492,False,False,False,False,False
20241106-297-QC10,772916.6486879904,5.888133224027497,250,0.9920634920634921,0.007936507936507936,3091.6665947519587,QC,20241106-297-QC10,100,1,0.9862822275980362,0.03755908748082235,-0.6745,0.6745,-0.13138232320725737,False,False,False,False,False
20241106-297-QC11,680908.6181935065,5.8330894688513695,252,1.0,0.0,2702.0183261647076,QC,20241106-297-QC11,101,1,0.9825705549178698,-0.761982495998324,0.6745,-0.6745,-0.4912421125036285,False,False,False,False,False
20241106-297-Blank4,20.828865893087954,1.3390311727605226,5,0.01984126984126984,0.9801587301587301,4.1657731786175916,B,20241106-297-Blank4,102,1,-0.012724776554267311,-66.04071347659185,-165.927,165.92700000000002,-96.98864345533192,True,True,True,True,True
20241106-297-Blank5,7.272072168699102,0.9176143147163885,1,0.003968253968253968,0.996031746031746,7.272072168699102,B,20241106-297-Blank5,103,1,-0.005645529563763977,-72.16203097949989,-168.625,168.625,-96.30228543028504,True,True,True,True,True
20241106-297-Blank6,9.998864733202147,1.041347861017324,2,0.007936507936507936,0.9920634920634921,4.999432366601074,B,20241106-297-Blank6,104,1,0.9999920635865446,-70.36473144529504,-167.9505,167.9505,1.1978347482429377,True,True,True,False,True
