feature,n_qc_samples,qc_detection_rate,qc_mean_intensity,qc_median_intensity,qc_std_intensity,qc_cv_pct,qc_mean_intensity_batch1,qc_cv_pct_batch1,qc_order_spearman_rho,qc_order_spearman_abs,mz,mz max,mz min,mz std,rt,rt end,rt max,rt min,rt start,rt std
FT-001,16,1.0,2225.536943568739,2201.1664383732777,176.58181176403346,7.934346462965352,2225.536943568739,7.934346462965352,0.19705882352941176,0.19705882352941176,357.1095460532417,357.13001776258693,357.0918708763458,0.0106677196524816,543.8391573306372,563.0215297861308,546.9480172636777,540.0389236227292,528.530310569924,1.6622899874053183
FT-003,16,1.0,3676.3871476726326,3701.451652401385,309.73312608057995,8.424932240247307,3676.3871476726326,8.424932240247307,0.30882352941176466,0.30882352941176466,355.11192836605056,355.13277183397463,355.093652971269,0.0105076185153148,543.9952686842126,566.9512848143872,547.1645032631232,540.6818824875846,526.9432134831192,1.6090714270597912
FT-000,16,1.0,1524.5693513985927,1507.524169411825,130.05382054243123,8.530528337272678,1524.5693513985927,8.530528337272678,0.3411764705882353,0.3411764705882353,359.10876783781686,359.1305908171334,359.0901221835452,0.0109547170734129,543.8463735187979,561.2708790330984,546.6978027845545,539.9411557086032,528.714226872086,1.6839009587493627
FT-010,16,1.0,29386.32026906297,29919.911885509624,3159.446340008779,10.751418725041763,29386.32026906297,10.751418725041763,-0.34705882352941175,0.34705882352941175,1048.7247997662084,1048.78595409864,1048.6698763776742,0.0308250717841684,753.8246143446223,789.1346398643811,756.4360118983379,751.049813858065,736.9196307140818,1.2868549250467392
FT-009,16,1.0,15977.066281070063,16465.635062532936,1868.8373364375034,11.69699933367453,15977.066281070063,11.69699933367453,-0.37941176470588234,0.37941176470588234,1049.7326640547776,1049.793638635969,1049.6793811125096,0.0309025666260832,753.5937523711316,783.2621119572547,756.1852169737052,751.1297724848172,737.9808130369114,1.236248501679714
FT-008,16,1.0,6149.202168356023,6336.595825284498,762.9968269387292,12.408062152601413,6149.202168356023,12.408062152601413,-0.4058823529411764,0.4058823529411764,1050.739663862885,1050.8005431176773,1050.68609043662,0.0312770967688553,753.4570032840134,778.2359707740052,756.2428605858503,750.7624984432473,739.0393890873064,1.2978240632867015
FT-012,16,1.0,1649.2667877752604,1662.3477050580764,217.11599016979514,13.164394734624388,1649.2667877752604,13.164394734624388,-0.27058823529411763,0.27058823529411763,1210.8240555433492,1210.8955600828046,1210.7624399714518,0.0348255069275807,874.6067099501091,886.9375662181682,876.9385692997641,872.1006850718126,862.2934988270636,1.2505477918517685
FT-101,16,1.0,43239.0845382071,44013.196836291245,5722.976996901148,13.235657179199036,43239.0845382071,13.235657179199036,0.4558823529411765,0.4558823529411765,1222.7800653728018,1222.853415898867,1222.7169146828526,0.0354924396049877,1300.021420828775,1340.6451712215658,1302.407113605227,1297.540546705481,1283.5628868551817,1.204843434452595
FT-089,16,1.0,2032.678384664808,1940.479728517963,270.3792650628685,13.301625436797986,2032.678384664808,13.301625436797986,0.2411764705882353,0.2411764705882353,1233.2816716646137,1233.3544547572506,1233.2180624334412,0.0354944446073147,1299.4896330327,1318.851755163174,1301.5338470303554,1296.9599185364402,1284.7912920438337,1.2163430138721094
FT-007,16,1.0,1879.438143583619,1946.9414070172575,256.18313329310394,13.630836118108505,1879.438143583619,13.630836118108505,-0.4823529411764706,0.4823529411764706,1051.7428230998376,1051.8068419482154,1051.6884774309774,0.0298114969532383,753.1931299912063,769.2830906743592,755.954961975586,750.5326793002214,740.815522359763,1.2930408108826212
FT-161,16,1.0,2261.558763434563,2275.4969130748264,309.0068658534034,13.66344624112812,2261.558763434563,13.66344624112812,0.18529411764705883,0.18529411764705883,1255.783773964013,1255.857464327852,1255.718137993478,0.0376269232141806,1499.2176641397284,1516.2742759870457,1501.9539524350391,1496.516673083489,1484.1305376135774,1.3130847980307403
FT-011,16,1.0,941.284421070307,965.836450041784,131.05852792049086,13.923371617206628,941.284421070307,13.923371617206628,-0.31176470588235294,0.31176470588235294,1211.8279152595003,1211.899520416236,1211.762666802262,0.0363039936634745,874.6133425350365,886.9604836740813,876.7821117479145,872.0452383104141,863.3168395873045,1.2291365451074237
FT-169,16,1.0,5079.026956656628,5206.888929642353,717.8230194034932,14.133081504178797,5079.026956656628,14.133081504178797,-0.26176470588235295,0.26176470588235295,1335.3236370967948,1335.4007747123198,1335.2512011728293,0.0394608635400237,1551.257112257207,1571.1934994113076,1553.9358403162698,1548.4957449461135,1537.5793297060084,1.3274352834805834
FT-165,16,1.0,4330.35494209882,4300.575653459818,614.0570918667202,14.1802946889407,4330.35494209882,14.1802946889407,0.18235294117647058,0.18235294117647058,1255.2798171824015,1255.3525416489088,1255.2149199475878,0.036872816699603,1499.3447722912745,1520.15945308811,1501.9008236691704,1496.6776349502495,1481.9525590833746,1.2738417443216894
FT-105,16,1.0,41415.38659143461,42033.7279151323,5888.3866504251355,14.217871991669279,41415.38659143461,14.217871991669279,0.4264705882352941,0.4264705882352941,1222.2792600253013,1222.3523829534292,1222.2154645351295,0.0356384043734069,1300.11549170832,1340.2901754940272,1302.463122605168,1297.468351311746,1283.18202748018,1.2617595384120577
FT-168,16,1.0,4360.541664934453,4332.016043405272,619.9969412724415,14.218346914517126,4360.541664934453,14.218346914517126,-0.15882352941176472,0.15882352941176472,1336.3262451050714,1336.405389862383,1336.2566589899025,0.0391003658010661,1551.2877356272045,1571.0304137199175,1553.9989897891342,1548.747391469725,1537.806266046342,1.2870543607151437
FT-158,16,1.0,994.754597744716,972.6914418253132,144.02377253535332,14.478321875755146,994.754597744716,14.478321875755146,0.22058823529411767,0.22058823529411767,1256.286883804324,1256.3617691443733,1256.218970839692,0.0384284633284264,1499.1705919535325,1512.5175795444216,1501.7481985790696,1496.5087130770617,1486.488871019942,1.2082867332128768
FT-162,16,1.0,5599.462218843057,5631.525312523547,825.6104188512567,14.744459138824974,5599.462218843057,14.744459138824974,0.34411764705882353,0.34411764705882353,1254.277029107562,1254.349588244185,1254.211046464982,0.0362667749806767,1499.404825285124,1520.6643017478634,1501.897377148848,1496.650283258094,1481.8052038939109,1.2653251053731978
FT-155,16,1.0,1087.7698336030307,1110.8071906902096,163.93197685538823,15.070465441424748,1087.7698336030307,15.070465441424748,-0.5205882352941177,0.5205882352941177,1266.2831822007336,1266.3496637437588,1266.2194012278928,0.0351803559518064,1499.1248349190344,1514.2912847345538,1501.8993996529623,1496.2190622803143,1483.236571225258,1.3516557316872444
FT-166,16,1.0,2406.167023633026,2369.1872348909765,368.0664889117679,15.296797158994861,2406.167023633026,15.296797158994861,-0.011764705882352941,0.011764705882352941,1336.829587591733,1336.9071768270933,1336.758166890643,0.0395924658268704,1551.163342823527,1568.0353767641172,1553.9326980453293,1548.4241335389538,1538.6801701207305,1.3142761731910406
FT-170,16,1.0,5970.165276770475,6129.233150260483,915.552603344762,15.335464947798307,5970.165276770475,15.335464947798307,-0.2647058823529412,0.2647058823529412,1335.8228921318928,1335.9020610217854,1335.7547405936011,0.0383352462187882,1551.4213307481,1575.553642272948,1553.910653186191,1548.7607078924857,1537.0798873901392,1.2195413220166411
FT-150,16,1.0,1532.540603133753,1554.3972340305581,239.30332019925703,15.614811099290122,1532.540603133753,15.614811099290122,-0.5852941176470587,0.5852941176470587,1265.276619401272,1265.3482895517168,1265.213020467754,0.0356112029110038,1499.076621782328,1513.241326649982,1501.4315327110053,1496.6076603409624,1483.3374252319345,1.197063759265388
FT-160,16,1.0,6247.629484689547,6169.981719483993,975.7574127035857,15.618042252582018,6247.629484689547,15.618042252582018,0.3382352941176471,0.3382352941176471,1254.7781749513174,1254.8523767229926,1254.7118032564333,0.0370579768691196,1499.4061441213764,1520.9206245256487,1501.9742033461912,1496.7452153750164,1480.487733923874,1.258887658077959
FT-023,16,1.0,1768.6488499031534,1813.7834149393975,283.99433121744136,16.057134870666506,1768.6488499031534,16.057134870666506,-0.18823529411764706,0.18823529411764706,1373.9225103480585,1374.0029575632857,1373.8540674237456,0.0405870910542427,980.4212867734888,997.417253063569,983.3517791601566,977.5795583957146,968.2150490053244,1.401590404635891
FT-093,16,1.0,2081.5751006820055,2028.6333076936762,335.1326678321719,16.099955640436384,2081.5751006820055,16.099955640436384,0.33529411764705885,0.33529411764705885,1233.7846794103978,1233.854648992817,1233.7185235688678,0.0352441991492743,1299.2759946740543,1319.445562362675,1301.19133468601,1296.8841705286684,1284.2519822328006,1.1438939901940073
FT-135,16,1.0,1396.4444657974168,1406.1072395378105,225.4038807106951,16.141270650672233,1396.4444657974168,16.141270650672233,0.4382352941176471,0.4382352941176471,1173.2301124568482,1173.299758045921,1173.174174305768,0.03387592307933,1442.9947789043065,1461.5335927384624,1446.522009722994,1439.6890407160083,1429.7166348575215,1.5507356932126253
FT-142,16,1.0,30210.204891719182,30609.10133181999,4878.838079115107,16.149635848555363,30210.204891719182,16.149635848555363,0.44705882352941173,0.44705882352941173,1223.287004668688,1223.356662280608,1223.2239895857,0.0347578187101029,1299.8451740769872,1340.5209657420266,1302.243180167931,1297.343779084556,1283.3566960044554,1.2104519752257064
FT-083,16,1.0,3183.904454987846,3216.0434354334648,525.8030338140089,16.514409940609106,3183.904454987846,16.514409940609106,0.5088235294117647,0.5088235294117647,1224.8042649657891,1224.876041896912,1224.7402364071952,0.0346338316722824,1299.2791674223463,1319.7385787963844,1301.3711060851224,1296.826881389742,1284.575736753402,1.191957931979993
FT-085,16,1.0,7369.696948499053,7351.899384084358,1222.5718630557162,16.589174176350777,7369.696948499053,16.589174176350777,0.4823529411764706,0.4823529411764706,1224.2975971419808,1224.3676798771355,1224.2360970656302,0.0338887890806766,1299.5622354883926,1326.7008043924968,1301.6533649016435,1297.2715763988908,1284.4157231648746,1.108347628423208
FT-139,16,1.0,952.8259689204157,970.6741441642375,165.72011565874303,17.392485203411233,952.8259689204157,17.392485203411233,0.09411764705882353,0.09411764705882353,1174.234578749382,1174.3047758750722,1174.1691741712189,0.0367706332183141,1443.187753176186,1459.7429939552608,1445.8934686334949,1440.3935207486345,1432.0249712908712,1.2691559803045909
FT-088,16,1.0,16409.012051906455,16822.515304856737,2891.1950276617736,17.619555757019903,16409.012051906455,17.619555757019903,0.4647058823529412,0.4647058823529412,1223.7937689750972,1223.8660708013226,1223.731097431243,0.0355204882343369,1299.7601011100369,1336.2607719587245,1301.8750860839802,1297.2461217844962,1283.6113158516257,1.136548855459982
FT-119,16,1.0,1461.413215491092,1450.0328696986041,268.60051039277135,18.379504683930964,1461.413215491092,18.379504683930964,0.2735294117647059,0.2735294117647059,1173.7328914728205,1173.8032504310777,1173.6726629889213,0.0333763897511305,1443.2962636993905,1461.1698659261056,1446.2752528351923,1440.3320215371118,1432.0197194417306,1.3310233171334998
FT-018,16,1.0,2719.6012785888224,2772.583251643039,503.4066473282908,18.510310731634313,2719.6012785888224,18.510310731634313,-0.2529411764705882,0.2529411764705882,1372.9191123009864,1372.997683690058,1372.8485441828032,0.0401136096641405,980.422438027575,998.3599555885412,983.254920699392,977.8447214040514,967.5379132700484,1.3146068155169774
FT-096,16,1.0,1763.1303685987662,1745.0351967864394,330.1284106276997,18.723993217249536,1763.1303685987662,18.723993217249536,0.411764705882353,0.411764705882353,815.5252605920695,815.5724826653777,815.4837884085781,0.0230239980275139,1299.3577408679637,1319.7332979838072,1301.576686001449,1296.8377586315107,1285.7117818196627,1.124421705883728
FT-163,16,1.0,1104.3794371121548,1155.4051696982378,212.3166309456082,19.224971401205693,1104.3794371121548,19.224971401205693,-0.24705882352941175,0.24705882352941175,1337.3318321701493,1337.4086088050117,1337.2605286062494,0.0385999135719712,1551.0732220065731,1564.003391265867,1553.8833102803744,1548.545409600503,1539.332274119059,1.2550125304137447
FT-098,16,1.0,1330.0288203057967,1289.162416361153,260.0874194892528,19.555021328744907,1330.0288203057967,19.555021328744907,0.2735294117647059,0.2735294117647059,1234.285360466548,1234.3584080913142,1234.2175489976564,0.0355276090628736,1298.978903962394,1315.1444068651524,1301.099355556177,1296.7371931063972,1285.3820376449771,1.0487614830989662
FT-082,16,1.0,1595.1659601377976,1581.0334865689638,316.67329028720445,19.852059171313357,1595.1659601377976,19.852059171313357,0.4264705882352941,0.4264705882352941,815.19145248803,815.2391948284286,815.1516278485828,0.0232383703674765,1299.3902606601064,1316.9471285420052,1301.4809187367064,1296.7242527442668,1285.1505845592858,1.2686655490251988
FT-021,16,1.0,15129.81390988583,15421.796781269588,3013.7729861372727,19.919431951294996,15129.81390988583,19.919431951294996,0.3764705882352941,0.3764705882352941,842.0756790432796,842.1224037031269,842.033147766642,0.0247411020790879,963.2789284715732,991.4065647125228,965.900100453346,960.78786884497,946.0247929199916,1.2723722014800722
FT-025,16,1.0,6458.960169777018,6789.190856566095,1297.57955076123,20.089604466565802,6458.960169777018,20.089604466565802,0.3558823529411765,0.3558823529411765,843.080105891697,843.1277631649815,843.0381621542712,0.0247628776573223,963.2439588234024,988.1751993200248,965.7639074749648,960.7361998439518,947.918078663588,1.3047236827776925
FT-020,16,1.0,12358.648357941045,12737.869115100108,2490.1953220861456,20.14941480624029,12358.648357941045,20.14941480624029,0.3294117647058824,0.3294117647058824,842.5773942493681,842.624259465518,842.5350038070779,0.0247858919562459,963.3235892455184,994.1845837268208,966.0232942432688,960.7144273833812,947.501450842558,1.2969596479291814
FT-014,16,1.0,2718.919676522759,2885.8815897615436,554.6818927664351,20.400819397350524,2718.919676522759,20.400819397350524,0.411764705882353,0.411764705882353,843.583190546885,843.630050243499,843.5406553510771,0.0244139600441625,963.0868614775412,982.5703484671496,965.7982037305084,960.5184649981504,948.7611850277426,1.2901121418075123
FT-211,16,1.0,1154.3467780636868,1130.224473582634,237.60869369858472,20.583822661778637,1154.3467780636868,20.583822661778637,0.25588235294117645,0.25588235294117645,815.8635371185956,815.9097037102256,815.8168325066675,0.0237987236535292,1299.0589008403172,1315.8451273355154,1300.8173377571577,1296.6742952794136,1285.8302638042446,1.1679361461324014
FT-175,16,1.0,1152.152451527903,1190.8164846682112,252.62307756191,21.92618496162545,1152.152451527903,21.92618496162545,0.3235294117647059,0.3235294117647059,844.0870342319306,844.1323782106103,844.0413754189648,0.024631739029111,962.9974510538884,978.5761512080348,965.591399884148,960.298923399465,948.8306583935764,1.3765320185913352
FT-167,16,1.0,1510.4056100065832,1578.5532520499332,334.0640784165618,22.117507787534358,1510.4056100065832,22.117507787534358,-0.5970588235294118,0.5970588235294118,1265.77527779671,1265.8486863418618,1265.707657435392,0.0369358244064868,1499.0848223250168,1514.3265804167722,1501.8588201157356,1496.4021384769785,1481.4138917000043,1.312509119610498
FT-238,16,1.0,74.77722454767705,78.49458484545265,16.724689029594664,22.366020042548126,74.77722454767705,22.366020042548126,0.4941176470588235,0.4941176470588235,1083.34221048445,1083.4156648006433,1083.2876061219467,0.0332555834962821,1423.037280138564,1429.8039524371825,1425.2939780948373,1420.203550145215,1414.9106421837485,1.413257598599415
FT-208,16,1.0,1101.7275424408358,1141.4963405738965,247.8368373923414,22.495292878243585,1101.7275424408358,22.495292878243585,0.6941176470588235,0.6941176470588235,1034.3174542653558,1034.380541985564,1034.2613138443917,0.0295451611052212,1455.555851617301,1469.701675415041,1457.6545435811267,1453.1631563393423,1442.65215174357,1.0732159464279536
FT-076,16,1.0,20958.550936442414,21936.08551829819,4755.9741177831975,22.692285035381815,20958.550936442414,22.692285035381815,0.5,0.5,1076.70024884105,1076.7625959678255,1076.6463274354337,0.0309426276442148,1212.7298144435597,1251.1490926434903,1215.2321951852618,1209.9909453942582,1194.3964262931574,1.275060245925924
FT-030,16,1.0,4808.515277561291,5120.408048360285,1093.145795260944,22.733541065410712,4808.515277561291,22.733541065410712,0.35000000000000003,0.35000000000000003,943.6407760815548,943.6939445363817,943.5907638447396,0.0278931269507372,1013.782160621757,1034.6732477987937,1016.3046768281488,1011.0867446353868,997.308114574802,1.3509453587603917
FT-069,16,1.0,837.8789706795819,878.1201338541835,190.4899652706216,22.734782938414142,837.8789706795819,22.734782938414142,0.5323529411764706,0.5323529411764706,1150.7568385346326,1150.8215253510546,1150.6976302094158,0.0348052353991313,1199.4452906242605,1210.6137862572284,1201.2154408063195,1197.1823084180112,1184.9031991225047,1.0329515176038833
FT-066,16,1.0,1313.9452043548085,1372.036355957886,298.99358415697054,22.755407391877235,1313.9452043548085,22.755407391877235,0.4764705882352941,0.4764705882352941,1150.2523051364865,1150.3219915217664,1150.1924882958133,0.0327477740464124,1199.6136168612857,1211.804089112715,1201.579446951864,1197.0687593819969,1184.1168776425466,1.0672118534282304
FT-065,16,1.0,472.67474828403033,461.8459911124288,107.86975445723651,22.821137547296594,472.67474828403033,22.821137547296594,0.31764705882352945,0.31764705882352945,1149.7477835102598,1149.8144632764945,1149.685681984192,0.0325078453702678,1279.935188473766,1290.790366661261,1282.5930344589017,1277.339259704826,1271.8166430403594,1.2261011409371214
FT-061,16,1.0,6713.818483944544,6969.131259262773,1532.852540882433,22.831307467547767,6713.818483944544,22.831307467547767,0.3911764705882353,0.3911764705882353,1251.8151979857469,1251.8899516831436,1251.7537803186049,0.0365543323765068,1273.952845715492,1294.2930943032966,1276.2735285482115,1271.5526707894803,1260.9871710901643,1.1583630305238604
FT-123,16,1.0,1643.2145223507462,1624.4223395393942,375.3491147792939,22.842368398882446,1643.2145223507462,22.842368398882446,-0.4617647058823529,0.4617647058823529,1089.0265712685955,1089.0914068180275,1088.971235140457,0.0306282484678529,1455.280496632148,1466.5178693574048,1457.040376031163,1452.9903136270375,1444.6004065151849,1.048298112389065
FT-060,16,1.0,369.74450695465333,372.1891495953058,84.54824602493366,22.866667234978813,369.74450695465333,22.866667234978813,0.45,0.45,1251.815294797806,1251.8928041654049,1251.7555207167077,0.038755507110193,1252.0156980757831,1259.4881563062756,1254.194200130937,1249.5033644892535,1243.0116841700158,1.2070818965472034
FT-016,16,1.0,1490.9994550537526,1388.537227412529,341.27701394971484,22.889144110211046,1490.9994550537526,22.889144110211046,0.17352941176470588,0.17352941176470588,870.5947196667247,870.6445532838661,870.5511700239324,0.0252234482417843,967.2980513141862,982.65905206854,969.9481957866528,964.4931277655786,954.9833971803866,1.317019050732212
FT-053,16,1.0,1524.2772033612134,1454.2422273497984,349.1974050704895,22.909048583844687,1524.2772033612134,22.909048583844687,0.35000000000000003,0.35000000000000003,1097.723992703951,1097.786081052441,1097.6690565594126,0.0319027810183028,1176.67239430599,1190.5241737784906,1178.8370264710347,1174.3201926093266,1163.6889744852956,1.0738120033017726
FT-049,16,1.0,1522.3020678960027,1464.250245738855,350.72389629850824,23.039047485710192,1522.3020678960027,23.039047485710192,0.4264705882352941,0.4264705882352941,1097.2225774589213,1097.2878628497194,1097.1653132091003,0.0314364831833364,1176.9292956095635,1192.3969943706786,1179.3552542462571,1174.287214808062,1163.250109913586,1.1924514707526237
FT-063,16,1.0,1224.2201682630816,1333.7013404327217,282.9797481441207,23.115102616354637,1224.2201682630816,23.115102616354637,0.5323529411764706,0.5323529411764706,1149.7527620467906,1149.8187882192658,1149.690158497745,0.032753424332895,1199.627733531914,1211.340092005355,1201.7405156059112,1197.2342172171689,1184.739180146977,1.1315627824245194
FT-152,16,1.0,1974.5319659039872,1935.6362861666357,456.46889353347854,23.117827485993438,1974.5319659039872,23.117827485993438,-0.4558823529411765,0.4558823529411765,1088.69277311038,1088.7531592942134,1088.6355161607228,0.0305833539223234,1455.33623852908,1466.4624174348594,1456.9608822617963,1452.985883470457,1444.6656153752283,1.0657414549985278
FT-092,16,1.0,5846.052689965294,6009.490172719747,1352.192509105912,23.13000892768107,5846.052689965294,23.13000892768107,0.411764705882353,0.411764705882353,1251.3142498680247,1251.3872814292572,1251.2506210064705,0.0361206867456643,1273.8054275719012,1292.538921522056,1275.9376310450957,1271.4144752449388,1260.8067512512189,1.150720330226371
FT-080,16,1.0,20513.122644763193,21592.433998120156,4764.111509621742,23.224701534351595,20513.122644763193,23.224701534351595,0.5088235294117647,0.5088235294117647,1077.2019763854523,1077.2646319544158,1077.148303148349,0.0310974533514366,1212.614388815364,1250.3539242951745,1214.840334866664,1209.9427795653692,1195.7557470902184,1.2170096262148369
FT-218,16,1.0,1088.0531608444526,1079.9203284905093,253.39293608933494,23.288654011415517,1088.0531608444526,23.288654011415517,0.36470588235294116,0.36470588235294116,945.1499525476456,945.200369387312,945.0988671251616,0.0260107210777758,1013.699714864276,1026.8376972364338,1016.5529087025468,1010.9159672784848,999.9756356944216,1.416637105738516
FT-176,16,1.0,1196.8338491415998,1215.858379767445,278.8295736789009,23.297266690684314,1196.8338491415998,23.297266690684314,0.2058823529411765,0.2058823529411765,871.0972026876352,871.1464497877009,871.0521433276865,0.0261144448367921,967.075674195556,981.0014984824444,969.5888018377036,964.5575877934904,954.5241061123936,1.1831890005084889
FT-077,16,1.0,12873.880216558819,13142.324590777574,3010.6332216737524,23.385592929483487,12873.880216558819,23.385592929483487,0.5323529411764706,0.5323529411764706,1077.705946239623,1077.768563445372,1077.6520562041094,0.0312999075267044,1212.451251396288,1244.5920870381033,1214.768238466988,1209.9249993158323,1196.2741310365736,1.2097870013554028
FT-024,16,1.0,2409.190144825427,2466.292316756343,567.0371683564814,23.536422377220443,2409.190144825427,23.536422377220443,0.36176470588235293,0.36176470588235293,944.6434806058312,944.698424554808,944.5961664284048,0.0273795383944055,1013.805438811442,1033.3746827166992,1016.416349113882,1011.063984934316,999.63219974352,1.2871316138365452
FT-027,16,1.0,4362.503124337215,4459.6867527734885,1028.4661299234535,23.57513795659931,4362.503124337215,23.57513795659931,0.3294117647058824,0.3294117647058824,944.1420067072388,944.1949828507568,944.0933831173212,0.0274536438076089,1013.8565207197244,1035.1988995593508,1016.3542223052108,1011.098491583856,998.5545121068548,1.2940592342849382
FT-196,16,1.0,1255.000236263474,1278.9502982003937,296.8955591796343,23.657012214084094,1255.000236263474,23.657012214084094,0.4941176470588235,0.4941176470588235,1079.2166019688184,1079.2799026126334,1079.1624727504054,0.0309298310255249,1212.162690219896,1228.1000091217345,1214.808575306565,1209.5278179587426,1198.610527541609,1.2535770652518865
FT-056,16,1.0,2542.5988142845426,2560.6073098329716,601.5276707101254,23.657985968163377,2542.5988142845426,23.657985968163377,0.5117647058823529,0.5117647058823529,1178.2689676482953,1178.3381296315554,1178.209676243099,0.0346187918603327,1244.9133772041282,1263.400026280825,1247.491725418386,1242.276386378739,1231.3467261131775,1.2773380949643511
FT-242,16,1.0,89.71860351470247,91.53139993725489,21.232744458266342,23.66593284612022,89.71860351470247,23.66593284612022,0.3411764705882353,0.3411764705882353,1083.0169631809986,1083.0848216619854,1082.950362254375,0.0368602131796223,1422.690822712629,1429.628389935163,1425.145367036958,1420.289303760063,1413.690671698993,1.3914501278972984
FT-113,16,1.0,6569.4645484130915,6630.195410822312,1556.216634926062,23.68863738372679,6569.4645484130915,23.68863738372679,0.3735294117647059,0.3735294117647059,1295.8340568472142,1295.9104778358453,1295.768224225936,0.0366780214193528,1325.935889442976,1348.2670237223315,1327.797072671238,1323.3191753625963,1304.2779909769702,1.190702173843557
FT-068,16,1.0,472.5409406108604,470.6551358141892,112.01091019097872,23.703958866755677,472.5409406108604,23.703958866755677,0.3294117647058824,0.3294117647058824,1150.2524730526775,1150.3175604084613,1150.188700028146,0.0330723340888498,1279.7884240559065,1291.1614973466476,1282.297445204404,1277.0675088026385,1271.432436429538,1.252126286661389
FT-133,16,1.0,1439.6278977590514,1418.983695520321,343.4522261592624,23.857013794598302,1439.6278977590514,23.857013794598302,-0.5235294117647059,0.5235294117647059,1088.3554957275571,1088.4199453175788,1088.2934665530554,0.0305335130841398,1455.6188085752144,1466.7822506003197,1457.4629416105597,1453.362926730289,1444.7626845477362,1.0102804559737495
FT-220,16,1.0,941.3825138744115,931.7284202312292,224.5905014691876,23.857517869632947,941.3825138744115,23.857517869632947,0.2647058823529412,0.2647058823529412,1098.2292261588002,1098.2904734059596,1098.173907533108,0.0325171901432204,1176.4712324222012,1189.1500946783274,1178.6797381441168,1173.8919929822691,1163.494515572824,1.1867773561182018
FT-207,16,1.0,901.5359142400708,965.3509534049983,215.19447913819684,23.86976222900561,901.5359142400708,23.86976222900561,0.6705882352941177,0.6705882352941177,1034.6551417461487,1034.7125304192216,1034.5975891814644,0.0303605748289172,1455.50905041845,1469.479553565551,1457.2048275403458,1453.303311263696,1442.954649764501,1.045363518081707
FT-229,16,1.0,945.172832112783,985.3214200331797,225.75454369441664,23.88500134835429,945.172832112783,23.88500134835429,0.4088235294117647,0.4088235294117647,975.1420796493152,975.19513630601,975.0878433330068,0.0290253234446013,1174.724661855747,1190.7307771536025,1177.058293531887,1172.2284839034685,1160.82065582275,1.228760315355733
FT-217,16,1.0,115.9467520052329,110.55919589885201,27.753841974091632,23.936713615607836,115.9467520052329,23.936713615607836,-0.18529411764705883,0.18529411764705883,1089.0287993120237,1089.0950065180127,1088.970820326633,0.030458456101534,1473.4388815633502,1483.5051296283675,1476.2821695524506,1470.872925663907,1466.9955052957894,1.2981758393010991
FT-222,16,1.0,1325.6717036063073,1352.8382492745054,318.3789673623403,24.016426276297075,1325.6717036063073,24.016426276297075,0.55,0.55,1087.6997012829654,1087.7619304064426,1087.6443678719036,0.03103060333828,1212.1840644998792,1229.1766516010414,1214.6552307545503,1209.398301752987,1197.634043318504,1.289501447076295
FT-062,16,1.0,2801.9509681243844,2921.808102702428,673.5373751279617,24.038157083770283,2801.9509681243844,24.038157083770283,0.5411764705882353,0.5411764705882353,1078.713769906068,1078.77689772975,1078.6606048411224,0.0306502872948344,1212.1759527027516,1230.5396418417658,1214.4559206074891,1209.787676317876,1197.3987579345717,1.2388468855173635
FT-127,16,1.0,1045.6410951475164,1029.7482594951757,252.3865144253498,24.137011790813723,1045.6410951475164,24.137011790813723,-0.4705882352941176,0.4705882352941176,1089.3621822179891,1089.4251348726043,1089.307522369366,0.0309853004019954,1455.0379438086263,1466.2902433975903,1456.7362453819535,1452.8117716271825,1443.8567584493844,1.0701762813663769
FT-103,16,1.0,5605.078776929837,5606.73893252798,1355.1905945894246,24.177904513444243,5605.078776929837,24.177904513444243,0.40294117647058825,0.40294117647058825,1295.3340005034854,1295.4088685802842,1295.2660151633097,0.0369004205904129,1325.9263584717098,1348.1806891897468,1328.313249836628,1323.3256151193673,1304.770805939381,1.1895624336993404
FT-081,16,1.0,1235.9663304777628,1267.542526613157,300.8905378710745,24.344557812894895,1235.9663304777628,24.344557812894895,0.18529411764705883,0.18529411764705883,1225.305158770853,1225.3832054372317,1225.241092492524,0.0353997625726626,1299.0897146683544,1313.3628153538991,1301.2456247303928,1296.385905406942,1286.5537450601764,1.2777931470134285
FT-087,16,1.0,4648.464899478415,4891.807522412942,1135.5186806604868,24.42782090896069,4648.464899478415,24.42782090896069,0.4323529411764706,0.4323529411764706,1252.3175410114536,1252.3916994957185,1252.2559552498667,0.0353267523705875,1273.902456757388,1292.6649155155296,1276.3561393171406,1271.5576652920972,1261.4287173363452,1.2088674378886384
FT-244,16,1.0,975.27497075787,964.0652226737589,239.26950874043976,24.533543453340897,975.27497075787,24.533543453340897,0.7588235294117647,0.7588235294117647,1083.0144831519058,1083.0790412617855,1082.95637841365,0.0347705557677826,1455.407052190095,1466.5766937878682,1456.8898431918287,1452.9667683924738,1445.1365334647055,1.0296105334833578
FT-058,16,1.0,6336.19264884365,6562.2427052131825,1558.6437995641195,24.599059497481832,6336.19264884365,24.599059497481832,0.5323529411764706,0.5323529411764706,1078.208562682587,1078.2724700812462,1078.1553836436535,0.0307902558921655,1212.3710107648494,1237.6268490501072,1214.7245810620668,1210.068312567409,1196.383045030678,1.193813684743503
FT-099,16,1.0,4622.3856251563175,4756.170217272062,1146.1250655206618,24.795098428896285,4622.3856251563175,24.795098428896285,0.4382352941176471,0.4382352941176471,1296.3371434985418,1296.4131279821509,1296.2692935047885,0.0373652226579875,1325.9803275270754,1346.0861753380832,1328.1422415901347,1323.4768212611054,1305.3386232127343,1.1912823835485984
FT-005,16,1.0,31389.311688309157,32973.28975369956,7802.777904435026,24.858072651975814,31389.311688309157,24.858072651975814,-0.4382352941176471,0.4382352941176471,886.6324598613013,886.683374655879,886.5806672354295,0.0260289685536768,609.4612894305731,638.0671635917994,612.0676440481267,606.7118780336342,593.3752149084339,1.2871308303822482
FT-233,16,1.0,868.799531497013,912.6512223187167,216.84013819724612,24.958592901588325,868.799531497013,24.958592901588325,0.4588235294117647,0.4588235294117647,1179.778005634704,1179.8471969424174,1179.7162683397833,0.0348061923921688,1244.6512806591527,1258.3621313912536,1247.0162825638563,1242.1525013996577,1231.8023332868306,1.2082635774533983
FT-124,16,1.0,1507.2597927325078,1375.3180088127847,378.67839276190483,25.12363128027184,1507.2597927325078,25.12363128027184,0.011764705882352941,0.011764705882352941,1039.6588042265028,1039.7181822788175,1039.60785831974,0.0282757160242886,1419.321667147817,1435.4509426502711,1421.01773506427,1416.900410268311,1406.3992888204173,1.1388471623303726
FT-204,16,1.0,813.5810174519474,880.1977387312156,205.4662723392353,25.254555837934205,813.5810174519474,25.254555837934205,0.65,0.65,1033.9838278235356,1034.042914112964,1033.928607670589,0.0297239387994302,1455.7532616121457,1468.3237969120837,1457.4093418500188,1453.3497847415665,1443.3293499524104,0.98773463920309
FT-149,16,1.0,1677.2303813752246,1813.4338846084415,423.8472446177976,25.270663429687534,1677.2303813752246,25.270663429687534,-0.8382352941176471,0.8382352941176471,1264.301168475248,1264.3726695538803,1264.2328619236057,0.0369738887775996,1498.8110275470938,1512.298849795731,1501.6547552339002,1496.0694294737173,1483.2695644459832,1.3381313997308846
FT-059,16,1.0,2204.6761641712146,2300.4718237163465,557.4710047824001,25.285845324679034,2204.6761641712146,25.285845324679034,0.5647058823529412,0.5647058823529412,1223.7919594716086,1223.8635611861732,1223.7311229497138,0.0347144077413259,1257.9046668683316,1269.0074929226648,1259.707712335104,1255.611618909438,1246.198078112655,1.0683033401089197
FT-095,16,1.0,2506.461190989754,2578.6188415447596,634.8675029894682,25.32923730364128,2506.461190989754,25.32923730364128,0.4176470588235294,0.4176470588235294,1296.8385481999308,1296.9145054717983,1296.7740241235522,0.036768193553219,1325.9004245551305,1343.095463462498,1328.046641465988,1323.3579718833523,1306.2086665112035,1.192316158113339
FT-104,16,1.0,5841.077577943538,6000.835826232627,1480.9461023611711,25.353987900338183,5841.077577943538,25.353987900338183,0.43529411764705883,0.43529411764705883,1222.2864765177096,1222.3567526513016,1222.2240203008816,0.0349509373536697,1258.1864030459938,1275.171996525355,1260.155835858117,1255.5775495992905,1245.5816309792672,1.2015301710468655
FT-074,16,1.0,2723.07419807351,2797.2392831092966,693.0861050444846,25.452340062375875,2723.07419807351,25.452340062375875,0.411764705882353,0.411764705882353,1178.7694962544108,1178.8389828026638,1178.7095364682805,0.0346786304486905,1244.8608776216845,1262.696978661322,1247.2705609836569,1242.3019230957232,1231.0310019216245,1.2087826948352671
FT-230,16,1.0,842.0695641777539,832.7220386356996,214.6852694397721,25.49495654191033,842.0695641777539,25.49495654191033,0.5117647058823529,0.5117647058823529,975.6477809466752,975.6990653589808,975.5940350043956,0.0287421584037574,1174.6013930519584,1189.00957448142,1176.7579145842003,1172.100459753538,1162.114930834089,1.1040347611923722
FT-240,16,1.0,797.7353830048313,792.7772499684108,203.4829864957101,25.50757943432951,797.7353830048313,25.50757943432951,0.7794117647058825,0.7794117647058825,1083.3466638903149,1083.418782663368,1083.293469620257,0.0379018511140412,1455.299982043751,1466.075484139584,1456.6897452440542,1453.095145833872,1445.1545170375284,1.139622011246467
FT-131,16,1.0,396.4168665524327,370.2915358541883,101.25325777842673,25.542116474258115,396.4168665524327,25.542116474258115,-0.3911764705882353,0.3911764705882353,1040.328774739611,1040.3905778938313,1040.2758764608654,0.0302810872302927,1455.4224047810255,1466.6943168640173,1457.3205103985615,1452.965088839576,1443.890949958978,1.0864556546498374
FT-223,16,1.0,1336.0577052730841,1360.2041344732768,341.7128738185643,25.57620621249437,1336.0577052730841,25.57620621249437,0.611764705882353,0.611764705882353,1088.2006657983875,1088.2647114412373,1088.1441726877654,0.0308360094818792,1212.1002271969037,1227.8823891553018,1214.4726100783676,1209.566328387379,1197.8670644760136,1.162187290885767
FT-157,16,1.0,4652.940872544712,4939.733916831134,1190.5387218644682,25.586801003412663,4652.940872544712,25.586801003412663,-0.788235294117647,0.788235294117647,1263.2947685123595,1263.368664598244,1263.2276740087248,0.0374424281621028,1498.9586431862058,1519.8445044172583,1501.829279831422,1496.1558304650562,1479.1106853079289,1.3746438578061395
FT-237,16,1.0,554.1358398453309,581.9301932118308,142.08889736688954,25.64152815066953,554.1358398453309,25.64152815066953,0.5470588235294118,0.5470588235294118,1034.9881000850553,1035.0498298584166,1034.933521063501,0.0298679283561603,1455.4754033806444,1468.5007572174063,1457.4421390509146,1453.3524117623429,1442.3543914159118,0.996514613389124
FT-154,16,1.0,3116.2051270456295,3458.7214900433178,799.0792132078707,25.642702602362093,3116.2051270456295,25.642702602362093,-0.8411764705882352,0.8411764705882352,1263.7971017854209,1263.8715515041586,1263.7320792002329,0.037321139261873,1498.895810560801,1516.8788947229823,1501.5387958090012,1496.1383324478263,1479.1927665212909,1.3203674931810594
FT-115,16,1.0,133.8988169299706,136.16437214888293,34.502777536058396,25.767798646125033,133.8988169299706,25.767798646125033,0.36176470588235293,0.36176470588235293,1151.2577144686827,1151.3262326936172,1151.1904885859722,0.0345722197950819,1279.5426959634483,1288.5432278668477,1281.9849407416823,1276.8114177037737,1271.368124220108,1.3332454669452618
FT-073,16,1.0,2413.939758906413,2474.2832831013093,623.3169497438263,25.82156192771801,2413.939758906413,25.82156192771801,0.5441176470588236,0.5441176470588236,1252.8205095026694,1252.8927190429526,1252.7570309093385,0.0359474530824347,1273.817172792693,1288.2634181766712,1275.9684910424037,1271.3181247571324,1262.248121408315,1.1541148926103488
FT-071,16,1.0,312.004407713369,292.8877754533733,80.6683541595175,25.854876458548492,312.004407713369,25.854876458548492,0.38235294117647056,0.38235294117647056,1150.7515985354444,1150.8216637168111,1150.6946579570076,0.0329001027792091,1279.6007579597722,1289.9491491550348,1281.8612304005794,1276.882566964393,1271.0001140687532,1.1438663349396818
FT-140,16,1.0,4226.345298832553,4428.49105480466,1098.033724226355,25.980691273135342,4226.345298832553,25.980691273135342,0.4176470588235294,0.4176470588235294,1223.2883799925703,1223.3621200936468,1223.2287480892585,0.0350061702112344,1257.8617538028573,1269.8666980654696,1259.7405650826165,1255.3353370369402,1245.8577879085085,1.1917479948660925
FT-057,16,1.0,1750.840616587273,1792.4425729203763,457.6226713737172,26.13731181686385,1750.840616587273,26.13731181686385,0.4588235294117647,0.4588235294117647,1179.2722036799555,1179.3415370035414,1179.2139907053818,0.0342749572089302,1244.832670568563,1260.2540539156994,1247.2750431006125,1242.2433003120475,1231.9048456991884,1.2191820975445251
FT-171,16,1.0,4101.889504258449,4206.205681848026,1079.3850163669888,26.314336728144585,4101.889504258449,26.314336728144585,-0.7823529411764706,0.7823529411764706,1262.7926388390904,1262.8650537775038,1262.7251615197877,0.0354453082579663,1499.0089198979422,1518.4259655164649,1501.8736659668195,1496.264148959211,1479.0215741033132,1.3682078056744542
FT-037,16,1.0,2663.60798226518,2747.189032660159,702.5322895154834,26.37521340201261,2663.60798226518,26.37521340201261,0.5088235294117647,0.5088235294117647,1025.6898265569414,1025.748006596175,1025.6372240551368,0.0299180645632153,1095.46453629439,1103.265474153602,1098.0912759786563,1092.8921077109414,1081.8746330427098,1.3060567861598344
FT-182,16,1.0,1234.0606693282587,1283.2637577116645,327.5832341090305,26.545148245211095,1234.0606693282587,26.545148245211095,0.4558823529411765,0.4558823529411765,1026.1932694786867,1026.2519200407537,1026.1381214922203,0.0299624324206606,1095.4661545958722,1104.191831524452,1098.1953511608233,1092.7190611696617,1082.1188748820443,1.2733034739127342
FT-100,16,1.0,6324.949652582003,6558.4471406162575,1680.2667207843062,26.565693216204167,6324.949652582003,26.565693216204167,0.4764705882352941,0.4764705882352941,1222.7890111601405,1222.8592513192573,1222.7275498290628,0.0358995751017506,1257.9887283196858,1272.9182917572732,1259.965824885959,1255.53693243177,1245.8706452125716,1.2070912617475065
FT-041,16,1.0,4503.070971084091,4713.139480357815,1204.0520579659467,26.73846505412899,4503.070971084091,26.73846505412899,0.538235294117647,0.538235294117647,1025.1883020825835,1025.2470030177271,1025.1352405717655,0.0297741950913376,1095.323555128769,1102.8408436153272,1098.0563633672148,1092.842493768012,1078.72885869897,1.2868239953887035
FT-224,16,1.0,1065.7368459227166,1100.455378652748,285.0302821681073,26.74490267072709,1065.7368459227166,26.74490267072709,0.45294117647058824,0.45294117647058824,1253.32364366104,1253.39641832023,1253.2628428970104,0.0341562439500352,1273.874816816318,1285.89905912226,1276.2559770273813,1271.3717770670623,1263.522872491316,1.183151434417745
FT-044,16,1.0,8629.153049278148,9292.170256861495,2308.0001878918915,26.746543660909595,8629.153049278148,26.746543660909595,0.5823529411764706,0.5823529411764706,923.1212556300736,923.1751342108996,923.074014873022,0.026964574266534,1057.6205174785268,1064.765986981599,1060.2868398891017,1054.9388995609593,1041.2142873846992,1.2744490931735233
FT-026,16,1.0,2186.174014664266,2248.5729891088713,585.107599887672,26.76399938719095,2186.174014664266,26.76399938719095,0.45294117647058824,0.45294117647058824,727.9951742528884,728.0375875622003,727.9575827820195,0.0214790515447573,1014.168080213055,1032.1152803172229,1016.9923818887036,1011.3062294193828,999.9946789119542,1.3691867366597237
FT-039,16,1.0,4616.98225209315,5043.299965212806,1235.9562231996142,26.76978501789307,4616.98225209315,26.76978501789307,0.5617647058823529,0.5617647058823529,1024.6867091528734,1024.7462095090473,1024.6320318882358,0.0302468395928712,1095.258554693031,1102.7683739040208,1097.9305754275408,1092.8018718375124,1078.4275768114187,1.280644822824388
FT-091,16,1.0,298.25374900867274,301.3833395399098,79.92753006689993,26.79849971125619,298.25374900867274,26.79849971125619,0.4735294117647058,0.4735294117647058,1251.314808260303,1251.384541992356,1251.24725487946,0.0341748074286253,1251.9082930023933,1258.873232105109,1254.3394561869425,1249.2792991497554,1243.48779943925,1.2740584064472709
FT-055,16,1.0,2115.397088771124,2205.3035836225226,568.5192412973738,26.875296572693966,2115.397088771124,26.875296572693966,0.6029411764705882,0.6029411764705882,1105.7327676680493,1105.7968689408365,1105.676441948791,0.0323388959277148,1180.3586166880116,1197.1622159404142,1183.040199087054,1177.5454495086724,1165.815387848887,1.3546287736842515
FT-111,16,1.0,862.7082298883722,913.4123235073281,232.28016283647435,26.92453309116219,862.7082298883722,26.92453309116219,0.28529411764705886,0.28529411764705886,1295.8363020697318,1295.9072791203832,1295.773465539277,0.0370243052418961,1243.8481834080928,1256.6009494236548,1245.3463489025294,1241.5589757546982,1232.480297633579,1.045388498174385
FT-075,16,1.0,779.4965717097257,831.4852434605452,210.2689661894551,26.974969976873293,779.4965717097257,26.974969976873293,0.34705882352941175,0.34705882352941175,1076.704086348371,1076.7659052150043,1076.6508631728868,0.0303673983692482,1165.0016465840235,1176.4046223958326,1167.1510336308895,1162.5396325060522,1152.5668176015192,1.1153635458279254
FT-040,16,1.0,780.9964350724675,847.9397651102199,210.91922865897618,27.006426558068128,780.9964350724675,27.006426558068128,0.5823529411764706,0.5823529411764706,1024.6859401518484,1024.745883352035,1024.635571164931,0.0299810881909713,1107.6170160866384,1125.2454211495194,1110.1572639572094,1104.5491052697555,1102.7951743386006,1.4042236421118546
FT-072,16,1.0,122.36489085503719,119.15471801266052,33.0781071341295,27.032351275756344,122.36489085503719,27.032351275756344,0.36470588235294116,0.36470588235294116,1252.819559504331,1252.8923288346316,1252.7474352137208,0.0360234419531445,1252.123154423304,1259.34100136828,1254.3494914890537,1249.7181801223417,1244.226415264071,1.2333870429369769
FT-234,16,1.0,1102.7792701514434,1096.9608703600052,298.2943193000936,27.049322323508058,1102.7792701514434,27.049322323508058,0.4264705882352941,0.4264705882352941,1297.3438707330265,1297.41780999526,1297.2834308267838,0.035936390989363,1326.1469761141468,1339.8936870180316,1328.3423882735617,1323.7863328692615,1309.1371917724628,1.0893447788281685
FT-031,16,1.0,7579.413047277645,8096.851902415461,2056.828519088114,27.13704222554384,7579.413047277645,27.13704222554384,0.5823529411764706,0.5823529411764706,923.62339275087,923.6774627241764,923.5744842259206,0.02721365046968,1057.5964004037503,1064.684185028079,1059.8854968782284,1054.9518501192424,1041.547487894696,1.2154796227379434
FT-064,16,1.0,7019.659621602379,7202.20970691446,1924.827943824627,27.420531016933356,7019.659621602379,27.420531016933356,0.5852941176470587,0.5852941176470587,1149.7500936653876,1149.8156497776845,1149.6911692399551,0.0334466553795423,1245.272856166862,1264.3367644279238,1247.3079307712103,1242.858343825742,1228.9963999102197,1.170869750896996
FT-179,16,1.0,1503.3908726355257,1550.407631759108,415.8099840850349,27.658142114172705,1503.3908726355257,27.658142114172705,0.488235294117647,0.488235294117647,728.4969707230775,728.5374900581327,728.4606010611253,0.0212811240501545,1014.0492700576092,1031.0792793022397,1016.8041164703352,1011.1718983749886,1001.4421236646056,1.3515994807877785
FT-006,16,1.0,15002.78195670832,15530.411748272498,4153.564702178789,27.68529672806163,15002.78195670832,27.68529672806163,-0.4735294117647058,0.4735294117647058,887.6403722304062,887.6915980212889,887.5931182401197,0.0264112827320949,609.3874587233016,637.95713424683,612.0491366757302,606.703800297612,594.2041830964115,1.275730582215387
FT-195,16,1.0,445.76683325359517,484.16087456088036,123.50457147881083,27.706092572515264,445.76683325359517,27.706092572515264,0.34411764705882353,0.34411764705882353,1077.708774786632,1077.7732844734803,1077.6548450786415,0.0305915600535078,1164.8240522057135,1175.084413340395,1166.9203041317107,1162.488701920126,1152.544404150735,1.1655651972698904
FT-102,16,1.0,526.3788486510487,517.3489395654935,146.04347507276424,27.744936075419808,526.3788486510487,27.744936075419808,0.5117647058823529,0.5117647058823529,1295.3371125063638,1295.4121806158155,1295.2703518474862,0.0390429682024521,1284.5115125888428,1294.5797058843823,1286.76247199753,1282.1484267015423,1273.3225453284513,1.1385088817335398
FT-070,16,1.0,4812.123898037988,5013.296524971423,1335.7189590791747,27.757368417379645,4812.123898037988,27.757368417379645,0.5147058823529412,0.5147058823529412,1150.753810446541,1150.8205810906825,1150.695729566452,0.0333514671345906,1245.2881515322938,1263.9656129090667,1247.3943959348544,1242.8015662893758,1229.169060665631,1.1577912518482407
FT-036,16,1.0,2403.959721174465,2570.8166010365667,668.0694145337048,27.790374715900676,2403.959721174465,27.790374715900676,0.5294117647058824,0.5294117647058824,924.1258325459404,924.1798853197248,924.080169273414,0.0264606354907274,1071.4321892574976,1092.4735550258451,1073.9285036159004,1068.937950833161,1064.7293012038544,1.2463305407572942
FT-042,16,1.0,733.8785213958358,784.170408489272,204.31631803595695,27.8406183147788,733.8785213958358,27.8406183147788,0.4558823529411765,0.4558823529411765,1025.1886386302892,1025.247027968808,1025.1370733359656,0.0298006748993319,1107.3546178711229,1123.5890952400546,1110.207654223817,1104.6921888972022,1102.8541050786582,1.4123877129358002
FT-067,16,1.0,7489.672904397807,7652.434633830786,2085.701452001579,27.84769747123257,7489.672904397807,27.84769747123257,0.5529411764705882,0.5529411764705882,1150.251969729645,1150.3180018976263,1150.192989410226,0.0337478169990694,1245.3086840060384,1265.5461034467148,1247.4885199904472,1242.940885817954,1227.8460459555374,1.1741079896181184
FT-035,16,1.0,4211.875180568749,4464.113610305645,1173.9978234137611,27.873518874204404,4211.875180568749,27.873518874204404,0.6294117647058822,0.6294117647058822,924.1258165788284,924.180160162224,924.0777586734384,0.0272409259607433,1057.66078474932,1064.7259970025725,1060.338482301454,1055.0311780453726,1043.0294036865268,1.2380418932721453
FT-137,16,1.0,2048.669283254314,1795.9693919295228,571.4316085367083,27.892818680279543,2048.669283254314,27.892818680279543,0.02647058823529412,0.02647058823529412,1039.9948749944976,1040.0556074818528,1039.9401829519206,0.0296340304782202,1419.220544280622,1435.4423992450425,1420.738403699792,1416.9777064725702,1405.3065377539317,1.0235389125370007
FT-114,16,1.0,2379.22740320011,2479.7873271359667,666.3110884916246,28.005355334905033,2379.22740320011,28.005355334905033,0.5676470588235295,0.5676470588235295,1151.256806499619,1151.3231198517683,1151.2053092518372,0.0333565268257377,1245.2813146104488,1261.8825232464346,1247.5078771979656,1242.7542043970964,1230.7061763431725,1.1684670730987647
FT-194,16,1.0,1353.6654370993724,1410.7087708189047,379.281429973111,28.018845689510503,1353.6654370993724,28.018845689510503,0.5705882352941177,0.5705882352941177,1106.736189796707,1106.8013071714472,1106.6793317132142,0.0322864849836996,1180.3607794138811,1194.835010057088,1183.154158165373,1177.6877652976746,1167.7071170592574,1.3268503508308518
FT-232,16,1.0,1013.021817549967,1020.4473781078033,284.15691922064576,28.0504244131573,1013.021817549967,28.0504244131573,0.5264705882352941,0.5264705882352941,1151.7625057823254,1151.8278132907371,1151.7003322838043,0.0337363777691751,1245.2407794332655,1258.885828041167,1247.7170349348398,1242.597248836875,1232.0764022275648,1.318578168780149
FT-248,16,1.0,782.34377599326,849.1161410855791,220.1515011014657,28.139995211435327,782.34377599326,28.139995211435327,0.5558823529411765,0.5558823529411765,925.1361960129163,925.1837228035912,925.0919226799238,0.0243451612151024,1057.851741314575,1064.927979546626,1060.4905075149256,1055.485902411153,1046.1234902046797,1.3621188340795582
FT-032,16,1.0,4336.593666881878,4636.835250271601,1220.3184300002858,28.140022417127362,4336.593666881878,28.140022417127362,0.5088235294117647,0.5088235294117647,923.6242483918668,923.6775548079564,923.5784299297836,0.0272164472860657,1071.5163479969956,1096.3162617107012,1074.3064281661898,1068.7524562678664,1064.6716237330195,1.3373505220465651
FT-198,16,1.0,1210.7867643846014,1244.354666613915,341.81721641578156,28.231000409846303,1210.7867643846014,28.231000409846303,0.3235294117647059,0.3235294117647059,1398.406658551712,1398.487095265835,1398.3355869959996,0.0399371078113669,1341.7948458373571,1355.4510447743162,1343.7796393323767,1339.4045540846112,1328.786968608478,1.124417950389659
FT-045,16,1.0,4964.597455987662,5247.887943541714,1403.103858864801,28.262187847124576,4964.597455987662,28.262187847124576,0.5117647058823529,0.5117647058823529,923.1220202532094,923.1748329305268,923.0750959305832,0.026666860202454,1071.5859281352352,1095.0634189274017,1074.300955170282,1068.7521554752243,1064.7794972295344,1.329186310317866
FT-130,16,1.0,1690.3564335303488,1539.8941167962728,478.3058844022179,28.29615546842182,1690.3564335303488,28.29615546842182,0.0,0.0,1040.3294064561312,1040.3900491717618,1040.2756843475045,0.0298022321977683,1419.1001653827748,1433.8092028576395,1421.1078526689091,1416.7725438654402,1405.8145236969008,1.0330371323009613
FT-159,16,1.0,1213.416491655562,1266.8202669284572,343.5453673773245,28.312238191900448,1213.416491655562,28.312238191900448,-0.8029411764705883,0.8029411764705883,1343.8406591266526,1343.9145274628254,1343.7677461186618,0.0377960318667136,1551.4018781172863,1565.4921889631703,1553.8324037844404,1548.6513125167294,1538.0750452329032,1.2893645633100164
FT-086,16,1.0,247.99778350655694,239.5557385150991,70.92552617462559,28.599258094881463,247.99778350655694,28.599258094881463,0.4617647058823529,0.4617647058823529,1252.3224421698592,1252.394260929982,1252.2598314863185,0.0357571265908724,1252.0492024447103,1259.1190925011254,1254.3147136599673,1249.55524604749,1244.1498037484978,1.2944815304881885
FT-138,16,1.0,497.61428997063217,475.0855686812488,142.49692248452874,28.63601897223219,497.61428997063217,28.63601897223219,-0.4794117647058824,0.4794117647058824,1039.997339280622,1040.058723239445,1039.940846349422,0.0305292028672184,1455.4289604217147,1467.5490430196126,1457.5928674741217,1453.1463043270896,1443.0368334452346,1.139480376270928
FT-078,16,1.0,750.8839119116299,788.954614817244,215.61180570153527,28.714399427285933,750.8839119116299,28.714399427285933,0.4735294117647058,0.4735294117647058,1077.205728818574,1077.2697492713137,1077.1507175425947,0.0315129711684634,1164.9081193819106,1176.015186999219,1167.311426224721,1162.4987461160683,1152.201798220714,1.193687829900949
FT-034,16,1.0,1030.2700246106833,1032.4951240224752,295.97734966782775,28.728133654055515,1030.2700246106833,28.728133654055515,0.4941176470588235,0.4941176470588235,924.6284568794596,924.682414112093,924.5817555901798,0.0263176047659261,1071.194488617538,1086.3274333241209,1073.7937312742429,1068.6907211707253,1064.7380309052537,1.2846760771846035
FT-004,16,1.0,5192.6804661605365,5449.178604741477,1491.8298389655777,28.729475050265037,5192.6804661605365,28.729475050265037,-0.5029411764705883,0.5029411764705883,888.6453654740943,888.696941107057,888.6002022302245,0.0261611624589508,609.2556518766722,632.996441523236,612.0087323125949,606.7788089451603,595.4616877237953,1.2546838991479563
FT-191,16,1.0,1478.790400013751,1502.5966095200624,426.2462223387625,28.823978187496955,1478.790400013751,28.823978187496955,0.5088235294117647,0.5088235294117647,996.1601236401428,996.2186492772656,996.110795668755,0.0284715935311538,1136.386402786609,1153.94223276774,1138.371931479331,1134.0748031589246,1126.063989003498,1.108437168086034
FT-038,16,1.0,423.7966793550052,435.16411920251005,122.18496756107184,28.831034671397266,423.7966793550052,28.831034671397266,0.5147058823529412,0.5147058823529412,1025.690862799387,1025.7477618544551,1025.6366460844254,0.030538553488754,1107.23462155222,1121.1202767189984,1109.9813621005935,1104.387069581245,1102.96307424481,1.4209852699776997
FT-189,16,1.0,1480.560002436654,1475.2690942252198,427.43511183310983,28.869827033666454,1480.560002436654,28.869827033666454,0.5176470588235293,0.5176470588235293,931.123020951668,931.1758625779664,931.0750071035604,0.0263774599815897,1117.150900959169,1132.9164165454893,1119.9402594800786,1114.513782416522,1107.106961260784,1.384524676638368
FT-033,16,1.0,1829.7184043410064,1964.3505788682419,528.2389853312686,28.869960758880808,1829.7184043410064,28.869960758880808,0.5794117647058823,0.5794117647058823,924.6276314779026,924.6807686357288,924.5813200631654,0.0267202128252625,1057.7246344641724,1064.7632179679465,1060.2593047973908,1055.5224966533283,1045.0483313759592,1.245241008611443
FT-054,16,1.0,2203.0198745656503,2280.901887590543,640.7870979669141,29.086759741250738,2203.0198745656503,29.086759741250738,0.5470588235294118,0.5470588235294118,1106.2349666883931,1106.2984588554452,1106.1774103781204,0.0320626708743715,1180.403233758563,1196.6204858595336,1183.2722565479864,1177.6164536741317,1165.9355028214,1.351917574115685
FT-193,16,1.0,1463.187158065923,1514.1712528176713,426.48244762553986,29.147497999454483,1463.187158065923,29.147497999454483,0.4970588235294117,0.4970588235294117,1068.7043278235449,1068.7687486413256,1068.6522719222885,0.0303495491247058,1173.5611587867572,1188.1107673645054,1175.798036250536,1171.238443259308,1163.5870780944826,1.073615958423335
FT-002,16,1.0,1466.5399815071848,1473.2588579889111,428.77357957628294,29.23708763368497,1466.5399815071848,29.23708763368497,-0.4617647058823529,0.4617647058823529,889.6499309783783,889.7022159640214,889.6015469549808,0.0255523760494532,609.0997423566134,627.7172511456954,611.7465009922388,606.4265533909693,596.7890463679698,1.324647395195849
FT-052,16,1.0,1452.0044694646954,1518.9469824170646,430.9082000360095,29.676781931316693,1452.0044694646954,29.676781931316693,0.5088235294117647,0.5088235294117647,1069.2070748658969,1069.267262316396,1069.1527914655323,0.0310318689959965,1173.5811959662594,1189.0482915242503,1175.8907247598563,1171.315212620077,1163.561102549235,1.1500091708878202
FT-048,16,1.0,1621.3277249601028,1724.6808470707863,483.3882610062812,29.814346203089585,1621.3277249601028,29.814346203089585,0.42352941176470593,0.42352941176470593,995.6559728029966,995.70918172837,995.6074428817482,0.0273435726814712,1136.486651444235,1153.569062908047,1138.6681222264142,1133.988936628819,1126.1802677626015,1.1929094187675182
FT-219,16,1.0,1204.5423319275496,1257.4559610504502,359.8971136746716,29.878328402020703,1204.5423319275496,29.878328402020703,0.4647058823529412,0.4647058823529412,809.5439415442514,809.5901010781033,809.5004145134822,0.0238060682328357,1120.883361213832,1137.4299807981995,1123.5258483320945,1118.0010013993176,1106.2009100480516,1.407083948317459
FT-186,16,1.0,69.87107009203004,65.5541110638752,20.919961433354725,29.940805838239186,69.87107009203004,29.940805838239186,0.06470588235294117,0.06470588235294117,931.6243046494036,931.6784901191336,931.5809314937704,0.0274414767123745,1102.186769188893,1106.829634834741,1104.5947650644134,1099.0703438301748,1094.5528271619044,1.4732397071044796
FT-188,16,1.0,78.81477712077168,73.2678396904987,23.859866781589762,30.27334169203846,78.81477712077168,30.27334169203846,0.24705882352941175,0.24705882352941175,931.123316275561,931.1738081023892,931.07426737904,0.0254915780131796,1102.1879690833632,1107.124431889231,1104.963450062722,1099.1332192776542,1093.916465014947,1.3268034181666346
FT-226,16,1.0,593.9021730506636,641.7013231547239,179.93986031086274,30.297895592227906,593.9021730506636,30.297895592227906,0.6176470588235293,0.6176470588235293,815.1931200400654,815.2369274905478,815.1512909790769,0.0235253767613145,1257.978548513949,1271.0305211315415,1260.1923474812538,1255.2972656249676,1246.223995783555,1.3002026551407582
FT-178,16,1.0,1360.8780803096256,1408.315604071207,414.9527443907612,30.49154442228591,1360.8780803096256,30.49154442228591,0.3058823529411765,0.3058823529411765,1455.998949997305,1456.082154844198,1455.926444513204,0.041233206473815,1013.726434598975,1028.9705747968685,1016.3456457697848,1011.168015919862,1000.145713291808,1.295076577039198
FT-051,16,1.0,112.01591078476525,117.31324906656232,34.193490796102616,30.525566016960074,112.01591078476525,30.525566016960074,0.5323529411764706,0.5323529411764706,1069.2050570468462,1069.267470109953,1069.1500824304103,0.0309242309640597,1157.7638325982018,1163.3854165077216,1160.088364981479,1155.2213391757566,1149.20816373825,1.1956236333629695
FT-117,16,1.0,2195.771428348932,2468.6747867415975,670.6973939403669,30.544954965767307,2195.771428348932,30.544954965767307,0.8735294117647058,0.8735294117647058,1034.319112072233,1034.3791365004477,1034.2691452052984,0.0295539645166638,1419.481401442064,1437.173489695009,1421.2976504376825,1417.141106790319,1405.209990791653,1.1360127306637906
FT-214,16,1.0,724.3151600157938,727.7207719344833,221.49404288366048,30.579788345011412,724.3151600157938,30.579788345011412,0.02058823529411765,0.02058823529411765,1560.5106879252833,1560.603218971056,1560.4389892318009,0.0469938642049179,1455.2785186733047,1469.0251868111725,1457.2718004475466,1453.2646538510369,1442.4326360793343,1.0442360641897566
FT-084,16,1.0,937.335373035028,951.6769835357013,287.1905820822939,30.639042368836495,937.335373035028,30.639042368836495,0.26176470588235295,0.26176470588235295,1224.2978759761004,1224.3667494540175,1224.2365630785655,0.0355838123362433,1257.7376008872648,1268.2375238108073,1259.5745263285503,1255.5683653972703,1246.972209575565,1.100626009489861
FT-118,16,1.0,1217.939932694575,1144.6068905184125,374.8070130532649,30.7738504167476,1217.939932694575,30.7738504167476,0.055882352941176466,0.055882352941176466,1560.0017940800249,1560.090017053007,1559.919869866818,0.0433290812359491,1455.4088624671206,1469.8380283733015,1457.1646166902804,1453.1566235223015,1441.8293720287295,1.0131394302246124
FT-153,16,1.0,141.39530207407512,130.16797181122774,43.51786900819242,30.777450431411072,141.39530207407512,30.777450431411072,0.023529411764705882,0.023529411764705882,1088.6918828508271,1088.7513371347547,1088.6296921898063,0.0323400428121432,1473.446015556528,1483.6614707498018,1476.5098227948197,1470.4869684703458,1467.3194005629591,1.339608092953679
FT-203,16,1.0,1680.5062875592694,1788.4100457066343,518.2595759916073,30.839490445722536,1680.5062875592694,30.839490445722536,0.8676470588235294,0.8676470588235294,1033.9851251097311,1034.0431134347784,1033.93021982602,0.0303773301958856,1419.5994173936797,1436.3402098797728,1421.5891002033584,1417.1693973731028,1406.504333983076,1.2292331845144575
FT-184,16,1.0,1611.1087325989288,1616.295880578683,497.7709015443758,30.896170536013813,1611.1087325989288,30.896170536013813,0.5764705882352941,0.5764705882352941,809.0412002643465,809.0880344897744,808.9996841611195,0.0236203538121697,1121.032321128916,1139.3550392750944,1123.4003501883312,1118.4709922131613,1104.8390810677215,1.311603084577435
FT-250,16,1.0,876.8528885709525,888.936857054164,270.9824194231323,30.903977503542787,876.8528885709525,30.903977503542787,0.5352941176470588,0.5352941176470588,1069.708344315076,1069.774287255223,1069.649218122904,0.030644853390045,1173.681223284433,1187.769702729723,1175.700209664516,1171.3635911074043,1163.6172158377544,1.1401411506553842
FT-187,16,1.0,1249.9772435550733,1270.8102461227904,388.0312062416836,31.0430616431128,1249.9772435550733,31.0430616431128,0.5235294117647059,0.5235294117647059,931.6249044842097,931.6794619563228,931.5717895491504,0.0272151232804482,1117.1180883829777,1133.3014284331186,1119.8573127218217,1114.319571095626,1106.9318692437553,1.3574661876097962
FT-125,16,1.0,391.7480786464344,382.0228638056886,121.65566871244472,31.05456678505959,391.7480786464344,31.05456678505959,-0.3970588235294118,0.3970588235294118,1039.65820184451,1039.7156227742005,1039.6116036892988,0.0271609162775383,1455.661683126547,1466.5936145782448,1457.6419700348458,1453.1418866655522,1444.138712882998,1.1481226616014215
FT-151,16,1.0,155.02049247926035,140.5419345759604,48.4582789104025,31.259272974433078,155.02049247926035,31.259272974433078,0.26176470588235295,0.26176470588235295,1088.6951060782058,1088.7596143680532,1088.630881136988,0.0330279363335156,1438.8803038529063,1444.1661421831948,1441.2777670267333,1436.5525669265598,1430.835098715389,1.1930280235989963
FT-227,16,1.0,656.1784100901457,697.8866576806015,205.32526247045692,31.291072567024777,656.1784100901457,31.291072567024777,0.6411764705882352,0.6411764705882352,815.5263145478614,815.5720124399368,815.4833781251697,0.0234497161485411,1257.9480855586548,1270.610866815275,1259.5108106778086,1255.372326819194,1246.8639153493934,1.1653434695229583
FT-236,16,1.0,1048.3515380098256,1169.398324177103,329.3299510019425,31.41407620073105,1048.3515380098256,31.41407620073105,0.8411764705882352,0.8411764705882352,1034.9898999251243,1035.0498484503012,1034.9323592474368,0.030924112226632,1419.3602150227453,1435.8320741768357,1420.919376846407,1417.2551242460954,1405.4176036421077,1.002582734876893
FT-110,16,1.0,2824.110301241298,3078.773036442408,887.8278662798526,31.437435920601978,2824.110301241298,31.437435920601978,0.3029411764705882,0.3029411764705882,1397.397689304656,1397.4807202889865,1397.32751164411,0.0396415334606327,1341.878177208506,1358.4040985107413,1343.935126354734,1339.536640575101,1327.251101175941,1.0627275704614252
FT-212,16,1.0,1780.0740063048067,1927.5626427024167,566.0173960776309,31.79740808937526,1780.0740063048067,31.79740808937526,0.7941176470588236,0.7941176470588236,1034.6524894655838,1034.712526312989,1034.5946546772016,0.0289896148038387,1419.5355960078075,1437.3696770828783,1421.3266819845712,1417.0516013166043,1406.067496310462,1.0710088590038451
FT-043,16,1.0,3118.8095264918284,3467.1984837345417,996.4534752853947,31.94980221848458,3118.8095264918284,31.94980221848458,0.5617647058823529,0.5617647058823529,1005.172041771252,1005.2308196005796,1005.1142487241556,0.029859711948434,1156.3855354906916,1177.111414619113,1158.8826604052406,1153.7486667864507,1140.2857042395556,1.3065927903911043
FT-046,16,1.0,5583.736964527925,6214.375052255997,1787.991049942144,32.02140540109251,5583.736964527925,32.02140540109251,0.6,0.6,1004.1671268211272,1004.2261217749128,1004.1153691754812,0.0293680548858246,1156.358765017695,1178.0238250061675,1158.835709078045,1153.6774251130128,1138.0932935777616,1.2480085387190163
FT-050,16,1.0,5273.6830605610785,5835.011822224401,1695.182955433331,32.14419478695363,5273.6830605610785,32.14419478695363,0.5882352941176471,0.5882352941176471,1004.669623849698,1004.7279192531678,1004.6184698161242,0.0294407585087183,1156.3925786840523,1179.3259458956536,1158.8210746310124,1153.76426801242,1138.7118691983476,1.295796204185867
FT-147,16,1.0,1243.2840083105589,1213.9348659553712,400.39524340857656,32.20464839346363,1243.2840083105589,32.20464839346363,-0.13529411764705881,0.13529411764705881,1633.0436758967032,1633.1441146353052,1632.9696891058245,0.0449364037120985,1455.2477318872882,1465.6225339104108,1456.8264409502044,1453.1028637962902,1445.261146881999,0.9790647979449134
FT-202,16,1.0,157.84461632562994,165.24431119356984,51.34090149313443,32.5262290778542,157.84461632562994,32.5262290778542,0.7176470588235294,0.7176470588235294,1033.9870057402484,1034.0472286109705,1033.928817254043,0.0317203756271548,1386.1519996372765,1394.7988818241977,1389.2728290402838,1383.1683020518017,1377.1626443129362,1.4789205614544831
FT-108,16,1.0,3568.752889089883,3902.3326679096363,1167.8967187313076,32.7256258706427,3568.752889089883,32.7256258706427,-0.5147058823529412,0.5147058823529412,1230.8065470462725,1230.8777702914354,1230.7478056361565,0.0349307333539019,1298.9114676822571,1315.3311787480875,1301.2326825654698,1296.4986270992797,1285.2202544005015,1.1819301469562054
FT-122,16,1.0,1103.9610665946047,1114.1898678481268,361.46533652704164,32.74258010221827,1103.9610665946047,32.74258010221827,0.2441176470588235,0.2441176470588235,1558.9975814931574,1559.0919110686575,1558.9204884819696,0.0442520577550481,1455.6854919433242,1470.0663666291705,1457.630313211872,1453.345694785168,1443.0093526840212,1.0182380922440444
FT-107,16,1.0,2094.548256323321,2313.8026460538595,687.5911574307288,32.82765891666285,2094.548256323321,32.82765891666285,0.30882352941176466,0.30882352941176466,1397.901805271989,1397.9834075650972,1397.8282910010066,0.0396093255769532,1341.8330587617788,1358.3836253996826,1343.8904369989768,1339.4186134601964,1327.118866212901,1.1558570366518297
FT-200,16,1.0,118.20702815776716,100.9150060380462,38.936723969094,32.93943226212099,118.20702815776716,32.93943226212099,0.3411764705882353,0.3411764705882353,1039.6606356714726,1039.7152117448236,1039.609987920612,0.0285971293977563,1386.5689310879638,1396.528175354006,1389.322205274966,1383.8648933908498,1377.2603266789347,1.358794537316638
FT-090,16,1.0,3998.5250136372188,4241.191853969259,1321.9325994447286,33.0605059349684,3998.5250136372188,33.0605059349684,-0.5235294117647059,0.5235294117647059,1231.3077713436496,1231.380369112572,1231.245613570184,0.0356744176158798,1298.9480323268451,1316.757474099437,1301.0705844761897,1296.563144995367,1284.9935937696846,1.1223607034036005
FT-129,16,1.0,1529.806824541409,1513.1056391490288,508.95694135107203,33.26936010392308,1529.806824541409,33.26936010392308,0.19117647058823528,0.19117647058823528,1559.499840726536,1559.591193601963,1559.4186670548086,0.044603153211056,1455.3698325798234,1469.8877197763204,1457.3428571525346,1453.1341868624918,1441.7818338974682,1.0536807743373076
FT-019,16,1.0,4116.246071318711,4331.816927520531,1376.7503271114867,33.44674500157909,4116.246071318711,33.44674500157909,0.25588235294117645,0.25588235294117645,1683.166364634833,1683.26232662497,1683.0821093374764,0.0492099928764424,963.0453163090324,983.7856538834136,965.6248348152288,960.3374353114888,949.269331655193,1.3454293142813007
FT-112,16,1.0,618.9770275743064,645.113150694446,207.4311224991488,33.51192584837041,618.9770275743064,33.51192584837041,0.4705882352941176,0.4705882352941176,1295.833757739158,1295.9055910747572,1295.7695076366322,0.0377600808592019,1284.7258569724574,1295.3360296396097,1286.8981919328824,1282.3580923089296,1272.7005949753996,1.0657237935960988
FT-022,16,1.0,1931.4354881676734,1974.8289274444764,647.2876659065107,33.51329463872406,1931.4354881676734,33.51329463872406,0.3852941176470588,0.3852941176470588,1454.994982263801,1455.078441648726,1454.920198358498,0.0427925433009234,1013.8599853437128,1031.0396689111074,1016.4947372485714,1011.0331473889784,999.7792065798594,1.343328762546636
FT-143,16,1.0,1464.771087251278,1451.1723739256547,492.4537234018661,33.619841877544296,1464.771087251278,33.619841877544296,-0.2029411764705882,0.2029411764705882,1632.5484544078683,1632.6430337023194,1632.4618631254198,0.0461621359007383,1455.1631672982346,1465.2903601828598,1457.14821150355,1452.7942091509242,1445.2795851632454,1.1089243890799865
FT-109,16,1.0,2167.6842351855566,2367.6817531662036,729.8014324119465,33.66733127297364,2167.6842351855566,33.66733127297364,0.3529411764705882,0.3529411764705882,1396.899301617407,1396.9803416469035,1396.8265741735293,0.0398332420027345,1341.7972869078426,1357.880144119264,1344.0520152636232,1339.454277055849,1326.836228992628,1.118430322145405
FT-145,16,0.9375,1057.5379063408889,1071.2001156175324,357.8878058636078,33.841605460924775,1057.5379063408889,33.841605460924775,-0.3029411764705882,0.3029411764705882,1632.0422244647154,1632.143549164095,1631.944909954586,0.0498037752269419,1455.2449080604651,1465.325859832764,1457.0759410058563,1452.9375087822204,1445.226665496828,1.1451980467965952
FT-221,16,1.0,1428.0417919737756,1535.8146031269803,486.13707828463794,34.042216482524715,1428.0417919737756,34.042216482524715,0.5911764705882353,0.5911764705882353,1005.6756059707232,1005.7351871901508,1005.6206808174506,0.0294205207121462,1156.2008704897985,1172.2008562088015,1158.7916354985457,1153.40959517587,1141.539906588467,1.314394711507909
FT-231,16,1.0,1042.5955671103536,1037.1321067242782,355.68223942250825,34.11507305832052,1042.5955671103536,34.11507305832052,0.19705882352941176,0.19705882352941176,1617.0940780665944,1617.1847382877168,1616.99771246037,0.0467831616732671,1121.0916356070506,1137.366105013117,1123.9482234616291,1118.300088291527,1106.5071899946356,1.4566489118648474
FT-106,16,1.0,2500.145921880725,2755.8175622568106,857.3852656634101,34.29340896304346,2500.145921880725,34.29340896304346,-0.5176470588235293,0.5176470588235293,1231.808475840107,1231.8816441917318,1231.7485069533702,0.0346626482309744,1298.7819691151412,1313.5432695305844,1301.0484503119612,1296.3875712884785,1285.6570666769262,1.139751591946598
FT-136,16,1.0,150.17727872789396,134.59316491145952,51.67176788855324,34.407180850691304,150.17727872789396,34.407180850691304,-0.06176470588235294,0.06176470588235294,1040.0009583626654,1040.0569257891393,1039.9470140830122,0.0281851224878726,1386.0494617442523,1396.068245569866,1387.9975391137882,1383.8138140663868,1376.509656906129,1.1247046995250976
FT-249,16,1.0,57.44579966488082,56.93192353248253,20.037110821016608,34.88002767461898,57.44579966488082,34.88002767461898,0.44705882352941173,0.44705882352941173,1069.709184439815,1069.7804240606993,1069.6449862815853,0.032195006247936,1158.0681524278946,1163.6372934068968,1160.4743729659026,1155.2261009596696,1149.9450179508715,1.242632907231868
FT-164,16,1.0,1414.7916590414427,1552.3440938453414,494.8195597460416,34.974729783273844,1414.7916590414427,34.974729783273844,-0.7588235294117647,0.7588235294117647,1344.339916651195,1344.4162181739332,1344.2731293168692,0.0370421980230278,1551.2785241791908,1565.3491908853705,1553.5953896955382,1548.733487286708,1538.2206331599846,1.2805126239551534
FT-116,16,1.0,201.7508324287772,211.05606252022366,70.9143727247096,35.14948209680574,201.7508324287772,35.14948209680574,0.8294117647058824,0.8294117647058824,1034.3156777245072,1034.3733453488437,1034.2664963897112,0.0277415348472434,1386.2288582150331,1396.2981626211867,1388.9721706356552,1383.0239916368391,1375.9949180878775,1.5877595200199193
FT-121,16,1.0,1594.7126915775868,1640.2420764114704,560.5928468515376,35.15321912293587,1594.7126915775868,35.15321912293587,0.26176470588235295,0.26176470588235295,1558.995169070793,1559.0819550228848,1558.9198968448936,0.042817280695425,1419.464297181073,1435.8906794118377,1421.563979355039,1417.0187324451276,1406.8921053540569,1.117459420027129
FT-205,16,1.0,305.2181539913414,290.294463948975,107.30187309673734,35.155796499503545,305.2181539913414,35.155796499503545,0.28823529411764703,0.28823529411764703,1559.5079808864853,1559.593122537758,1559.4291321157314,0.0434378052259568,1385.8104858293589,1396.1924584706642,1388.2480646536085,1383.251170625242,1375.8304738998434,1.2375875733611723
FT-185,16,1.0,704.0531607739538,660.8468349727442,250.8712196733055,35.63242573863698,704.0531607739538,35.63242573863698,-0.3411764705882353,0.3411764705882353,931.6414646729085,931.6860469922854,931.5946942259465,0.0260586297151206,1057.9007241015097,1071.3753969916013,1060.667301728328,1055.003061513269,1045.429825618348,1.4463668036397197
FT-017,16,1.0,3279.401444235843,3671.624478163252,1172.9981071296722,35.768664711404405,3279.401444235843,35.768664711404405,0.2588235294117647,0.2588235294117647,1684.17080155624,1684.264407634248,1684.0859451448723,0.0479215646611591,963.0445524548423,982.7533423382316,965.7307566193588,960.5088259175976,948.8170107551284,1.2959592001488849
FT-128,16,1.0,2183.8080818278986,2250.9765622731957,782.3337846470332,35.824292031752236,2183.8080818278986,35.824292031752236,0.28529411764705886,0.28529411764705886,1559.5001805325464,1559.5898928598965,1559.4213651654734,0.0452821540101573,1419.26972000283,1434.98844392838,1421.1230373671274,1417.110955369115,1406.1567343434988,1.0686491312695778
FT-213,16,1.0,1048.985504699794,1046.8565386405148,375.8574115600217,35.83056294639526,1048.985504699794,35.83056294639526,0.3147058823529411,0.3147058823529411,1560.5057355603417,1560.5939289632963,1560.419867474586,0.0447411201277256,1419.153460464564,1432.79973961325,1420.7644262107144,1416.8304331429194,1406.3754851397352,1.084823661888734
FT-243,16,1.0,161.443969675892,186.9294687389695,58.155347845493765,36.02200067444077,161.443969675892,36.02200067444077,0.6911764705882353,0.6911764705882353,1083.0184165320716,1083.081155245212,1082.9536937910798,0.0367099381181748,1438.918439562102,1444.8087708493492,1440.6161703055536,1436.2722954248684,1431.0281680492635,1.1621010653959112
FT-245,16,1.0,88.51679395190241,96.68840659678007,31.971604439120288,36.11925264316823,88.51679395190241,36.11925264316823,0.8058823529411765,0.8058823529411765,1083.02130840629,1083.085385012217,1082.9524375265098,0.0367501395346961,1473.1330249701502,1482.318571374777,1476.1689162150667,1469.9701177376287,1466.9295087773758,1.491661240294952
FT-148,16,1.0,177.81589617208553,157.30933799579344,64.60589304400187,36.333024456642505,177.81589617208553,36.333024456642505,-0.23823529411764705,0.23823529411764705,1633.0433891731236,1633.1408675210662,1632.9657943151262,0.0455721833872696,1473.397159852177,1482.8077298944656,1475.3327389874703,1471.072093996486,1466.4682648398627,1.0908347103613008
FT-015,16,1.0,1659.047450135412,1729.5676458587275,610.7479512775162,36.81316958280288,1659.047450135412,36.81316958280288,0.3029411764705882,0.3029411764705882,1685.172273985871,1685.2705514689096,1685.0893153104369,0.0491659417086484,962.883033571473,978.8590223892908,965.5223748060172,960.160472210801,950.0644366637516,1.3022834918697654
FT-192,16,1.0,110.81134070934324,124.97371740300707,40.86238852222419,36.87563769254062,110.81134070934324,36.87563769254062,0.6617647058823529,0.6617647058823529,1068.7037715820934,1068.7709537862363,1068.644656968828,0.0326297049075302,1157.8147203461158,1163.3792711145747,1159.779912946269,1155.301746795193,1149.5256244435009,1.1713404979799975
FT-241,16,1.0,75.5960270019099,79.76066116487233,28.169280107806618,37.26291079701177,75.5960270019099,37.26291079701177,0.7588235294117647,0.7588235294117647,1083.3479141235127,1083.4274300384948,1083.284999164605,0.0411502899069144,1473.3785589320328,1482.4898161206963,1474.8711895611846,1471.0252971599662,1467.2716426849436,1.1772538924513325
FT-206,16,1.0,164.53404527072766,194.14950543863293,61.61573430300889,37.448622989622066,164.53404527072766,37.448622989622066,0.823529411764706,0.823529411764706,1034.6560763743712,1034.7123139359592,1034.6014150768017,0.0298462974025474,1386.0386461317642,1395.2626547813416,1388.8838369044424,1383.0236739106767,1376.8958172798157,1.443510211018104
FT-247,16,1.0,1464.0742295842274,1662.3477050580764,554.6961934805311,37.88716325114578,1464.0742295842274,37.88716325114578,-0.2588235294117647,0.2588235294117647,1210.8237284316058,1210.891724017278,1210.7669821389634,0.0351758775228439,886.0371926968076,894.1140489578265,889.3313556931638,883.5432505380602,881.398349761962,1.3360069536514618
FT-156,16,1.0,1732.6610796448417,1769.0701202807338,663.068913821965,38.268817924731124,1732.6610796448417,38.268817924731124,0.2735294117647059,0.2735294117647059,1560.001369125993,1560.0914572782103,1559.9171022035998,0.0453103280372081,1419.237135066407,1434.9778151004848,1421.147539593874,1416.8768402638188,1406.173628949106,1.0870526004769543
FT-215,16,1.0,33.18757460515258,35.77106964668127,13.00138053955621,39.175446516473265,33.18757460515258,39.175446516473265,-0.2676470588235294,0.2676470588235294,1089.0277133500265,1089.0840974617545,1088.9738160692943,0.0318770459075913,1422.7716282760944,1429.112756517201,1425.6933220631165,1419.2835515569586,1415.3012233310244,1.4437953850017748
FT-201,16,1.0,234.61268382121654,233.98996537106052,92.3030764644183,39.34274778372879,234.61268382121654,39.34274778372879,0.07647058823529412,0.07647058823529412,1560.0025678909035,1560.0923396222902,1559.9118780120905,0.0482189961015412,1385.9591274494428,1395.7667957652686,1388.5420000753802,1383.4854303484206,1375.953470205332,1.22676144180058
FT-235,16,1.0,102.78573053057019,110.87905949090451,40.979548415293124,39.86890807095555,102.78573053057019,39.86890807095555,0.8176470588235294,0.8176470588235294,1034.9871234609543,1035.0479195722205,1034.9301733190198,0.0307738226139136,1385.9991044260155,1394.4329527557886,1388.520781427043,1383.2604731417296,1376.6256570034318,1.282938054828365
FT-120,16,1.0,210.97358428737374,219.47546044786708,85.75111987140191,40.64542969256171,210.97358428737374,40.64542969256171,0.17058823529411765,0.17058823529411765,1558.9989797646351,1559.0842363807174,1558.920019528133,0.044886920178662,1386.1476473421424,1396.046158381872,1388.6361896759065,1383.3754083622428,1376.375687190463,1.270025774274783
FT-239,16,1.0,132.44490444288004,137.5501645454943,53.99763436836511,40.76988434964884,132.44490444288004,40.76988434964884,0.6029411764705882,0.6029411764705882,1083.3425827511437,1083.4166557113358,1083.2876164929687,0.0363729984623317,1439.3248342615186,1444.926219667708,1440.6319758799573,1437.3318144239922,1431.6119139535092,0.9884917727754934
FT-216,16,1.0,113.67280832208658,102.4911177623973,46.45652999697646,40.86863928385059,113.67280832208658,40.86863928385059,0.02647058823529412,0.02647058823529412,1089.030599875195,1089.095919755252,1088.972675063831,0.0313230993416971,1438.9321184551102,1444.1166801452632,1440.781202333408,1436.371538780407,1431.385180950165,1.1684887685804148
FT-146,16,0.9375,214.16382200172248,229.160538196622,88.84494774111707,41.48457330967996,214.16382200172248,41.48457330967996,0.2529411764705882,0.2529411764705882,1633.038705134174,1633.107167277146,1632.9691329723976,0.0425022110452064,1439.0391430336188,1445.0717250636355,1440.7764451317369,1436.86510091518,1430.602291920149,0.996074966973379
FT-225,16,1.0,56.88954332566981,56.90819792015101,24.002249768391014,42.190969315727784,56.88954332566981,42.190969315727784,0.4794117647058824,0.4794117647058824,1077.7143327045933,1077.774000301872,1077.655267159494,0.0311261598865204,1186.9637374633428,1193.886183441663,1190.5084643354585,1183.6865880769894,1179.1995339315472,1.6444793093376109
FT-177,16,1.0,68.19244081104604,62.88971085873621,29.570323565645865,43.36305199513545,68.19244081104604,43.36305199513545,-0.02941176470588235,0.02941176470588235,1372.9222666552944,1373.0044393277417,1372.8475550406097,0.0419239569538517,1005.5678939773716,1014.2933441162128,1009.3238316986228,1001.3395867388192,999.7053329467792,2.0632318308477204
FT-228,16,1.0,751.9026800879519,795.9476373120995,335.21273955827826,44.58193173604164,751.9026800879519,44.58193173604164,0.23823529411764705,0.23823529411764705,1618.0944863886548,1618.192836077746,1618.0103252971178,0.0474912638140451,1121.2716800177573,1134.893977078523,1123.7690728640036,1118.6476203191232,1106.596914117983,1.2163968224129416
FT-134,16,1.0,95.52808774190564,84.56507456310739,43.19338068552329,45.21537246953128,95.52808774190564,45.21537246953128,0.01764705882352941,0.01764705882352941,1088.3568018363508,1088.4270703314248,1088.290582748391,0.0345227235842915,1473.517094540187,1482.6548940485163,1476.0500895172927,1470.3533129077691,1467.699538144199,1.4751542512680245
FT-209,16,1.0,251.8363750452312,255.57681309553607,115.21594952514029,45.75032082019402,251.8363750452312,45.75032082019402,0.2588235294117647,0.2588235294117647,1632.5496568490846,1632.6439370468956,1632.468630968542,0.0492385054668293,1438.8645645787187,1444.8693813855136,1440.6580787895616,1436.0888835821331,1430.697591757474,1.1907313115547458
FT-144,16,1.0,195.42380971906152,190.3449162022128,91.40374782420764,46.77206321768487,195.42380971906152,46.77206321768487,-0.0058823529411764705,0.0058823529411764705,1632.5484775521786,1632.6461105251813,1632.4546442621267,0.0466912860728051,1473.171101763048,1482.4374332428004,1475.4512352411034,1470.6162300679728,1466.381916046143,1.1104967430642156
FT-180,16,1.0,403.61540056181417,396.4374537078483,195.24302365520623,48.3735316797716,403.61540056181417,48.3735316797716,0.33529411764705885,0.33529411764705885,1846.2712907601397,1846.3774994429132,1846.1786216070363,0.0533862657772983,1057.5333992700469,1063.1384947133608,1060.249283829451,1054.8385991324435,1047.2597561326115,1.3137241358138774
FT-029,16,1.0,1413.8118931456133,1541.50014715516,701.029676510776,49.58436690973391,1413.8118931456133,49.58436690973391,0.2735294117647059,0.2735294117647059,1845.2657451181792,1845.3735977845588,1845.168910499205,0.0528826872786653,1070.965956893128,1085.9088605244974,1073.2973908373,1068.1964103160765,1063.1140670776354,1.2396830023498544
FT-181,16,0.9375,1221.0936373939762,1443.9357280085565,634.7347707314445,51.98084334351931,1221.0936373939762,51.98084334351931,0.22352941176470587,0.22352941176470587,1846.2703428802347,1846.3757490022745,1846.1788405008117,0.0534756835928777,1070.925201977295,1084.9925969721205,1073.693689919803,1068.1755747616285,1063.147841652671,1.3700972262640243
FT-210,16,0.875,90.3952652679282,101.32532683965002,47.37795046873678,52.41198234034748,90.3952652679282,52.41198234034748,0.3502576371346299,0.3502576371346299,293.1831414699142,293.1996029087832,293.16727975808595,0.0086518209989555,674.6181627077369,683.8307102655976,677.6995786520689,671.0613470701732,665.6266603631451,1.7099955693838589
FT-047,16,1.0,182.78808546698897,164.33244367313628,95.8486089119459,52.43701123466053,182.78808546698897,52.43701123466053,0.5352941176470588,0.5352941176470588,995.65692637966,995.7086397617136,995.610460153178,0.0270949224828062,1120.1782129636545,1126.083653767903,1122.388534209544,1117.8975231103082,1111.092205754033,1.1569512021216075
FT-190,16,1.0,160.33641639661067,151.9549635877053,84.9591150285092,52.98803412092796,160.33641639661067,52.98803412092796,0.4147058823529412,0.4147058823529412,996.1598538662096,996.22030685846,996.1126477514904,0.0282638266067295,1120.0790796707618,1125.9807273319786,1122.1649823760506,1118.0374858521734,1110.9794875553678,1.0179829325467225
FT-094,16,1.0,6472.473961961428,6259.596186551549,3486.8571420243074,53.87209222495883,6472.473961961428,53.87209222495883,-0.07941176470588236,0.07941176470588236,1221.278586377492,1221.3500894868318,1221.2143035851589,0.0353492358973952,1303.4817365710865,1321.727132797243,1305.6325974876218,1300.8830375216428,1288.7102018083829,1.2677084949312982
FT-097,16,1.0,7306.008277116773,7103.815310695292,3937.432877213141,53.89307988529957,7306.008277116773,53.89307988529957,-0.10882352941176471,0.10882352941176471,1221.7827177901245,1221.8524106055202,1221.7169620344262,0.0354785929041419,1303.3882126599997,1325.25220737901,1305.5225406711747,1300.5926303818032,1288.0357986272763,1.3854620585509168
FT-028,16,1.0,421.65824465694675,507.09111720009685,236.0283191530085,55.976213472367114,421.65824465694675,55.976213472367114,0.44705882352941173,0.44705882352941173,1845.2675702568588,1845.3714278358416,1845.1623419189225,0.0547059411325117,1057.465322843472,1063.011718921446,1060.0061878004767,1054.8746688276972,1047.5546058911905,1.2638959113625776
FT-197,16,1.0,262.8986786247949,239.5718475534667,172.33900917157627,65.55339497066699,262.8986786247949,65.55339497066699,0.7088235294117646,0.7088235294117646,1230.809519318578,1230.877912747094,1230.7412762209678,0.0353371808666718,1266.2292769123917,1275.864038013278,1268.9682879036254,1263.3943549090618,1256.566223871141,1.2845018900553564
FT-172,16,0.8125,44.86338354956652,51.36593806905783,37.34864541779286,83.24972942918775,44.86338354956652,83.24972942918775,0.4690285893335842,0.4690285893335842,886.6352611425967,886.6797677782474,886.5887702166918,0.0241624875229154,674.1885161473726,683.2720027250376,679.4295417213385,668.2875055110654,665.7916876848988,2.238306369755907
FT-251,16,0.6875,18.421988599663745,14.35205463037693,18.942299072109865,102.8243990578499,18.421988599663745,102.8243990578499,0.14031413699623504,0.14031413699623504,887.6472211426521,887.6812600576577,887.5895078640959,0.0254866335531941,674.3056333776316,681.8237132410858,677.5745826924477,670.8389651880215,666.8800310934755,1.6584137163707755
FT-246,16,0.75,191.2102077544888,126.02337654334326,207.4078125877823,108.47109839140545,191.2102077544888,108.47109839140545,0.35260226631284614,0.35260226631284614,886.640677379445,886.6885162538287,886.5933552782225,0.0251461497954597,640.7806068187616,655.6501274724213,645.2189602083051,636.1348053340776,634.6614019332407,1.8430872720483809
FT-183,16,1.0,385.2066526096163,210.18554279356553,440.8295860565433,114.43976449267024,385.2066526096163,114.43976449267024,0.19117647058823528,0.19117647058823528,1026.1928910886666,1026.2538693229394,1026.1336043527974,0.02995941888026,1107.040419851715,1118.291006590189,1109.7816043702717,1104.4961403666218,1102.9698040610858,1.4824875618511024
FT-079,16,1.0,85.72907572772174,58.75250693056185,101.03319632607354,117.85172704644359,85.72907572772174,117.85172704644359,0.3764705882352941,0.3764705882352941,1077.2093617269695,1077.2780627278853,1077.1457095383691,0.033821129808481,1186.4594094558372,1193.3994246262791,1189.5073639083237,1183.6673357354396,1179.0351316011868,1.4609631651882211
FT-174,16,0.9375,37.48465694808375,26.05444097291577,44.315035588022965,118.22179845316255,37.48465694808375,118.22179845316255,-0.02941176470588235,0.02941176470588235,1210.8304701216448,1210.9006110405176,1210.7634042850927,0.0393243797493412,928.6948296247882,936.6544350710782,933.2542365417872,923.4052741038936,921.7589794505756,2.2293708605911333
FT-126,16,1.0,113.85418146069082,74.14734952127291,168.13927068934058,147.67948663123295,113.85418146069082,147.67948663123295,0.1764705882352941,0.1764705882352941,1089.3589349095078,1089.4148180416405,1089.3021122932485,0.0314652651679778,1439.0541834189,1443.9025790192345,1441.7753715424665,1435.925619866697,1431.709452784338,1.5876312466436946
FT-013,16,0.8125,360.9056645045966,157.69569366013158,572.3612706387858,158.59027079124607,360.9056645045966,158.59027079124607,-0.22713963131249046,0.22713963131249046,1210.8270502489595,1210.8965928740345,1210.757497420239,0.0348292922405459,899.7233926516836,910.3418386122776,902.5053635226112,896.73995171614,892.597834867591,1.520345058452607
FT-141,16,1.0,888.5969814991581,245.98217836675542,1487.4981541759269,167.39851531639894,888.5969814991581,167.39851531639894,0.10882352941176471,0.10882352941176471,1223.2951510470548,1223.3681626700757,1223.2234845613689,0.0370316368547799,1273.6834926002612,1281.6057439004244,1276.2935617830008,1270.7086517721582,1268.6967123708414,1.306203097319729
FT-199,16,1.0,200.3895760191465,122.07119584244589,336.4971493604248,167.92148376434199,200.3895760191465,167.92148376434199,0.11470588235294117,0.11470588235294117,1223.794329633322,1223.8477891740072,1223.7328858293467,0.0320895105058515,1273.4466422499067,1280.9673685186042,1276.269530388491,1270.7744681742668,1268.557216980878,1.2870284782640955
FT-132,16,1.0,183.03596224489058,94.62557347649006,333.0200868632904,181.94243512525176,183.03596224489058,181.94243512525176,-0.12941176470588234,0.12941176470588234,1088.3549855574815,1088.4235585769136,1088.2966321686972,0.034138899170978,1438.8098367577045,1443.9222989763543,1441.2888604137547,1435.8971073917498,1431.0580607822933,1.1606352416236407
FT-173,16,0.75,2140.430821994222,162.12132564850796,5566.127295176546,260.0470539847035,2140.430821994222,260.0470539847035,-0.09778046040608337,0.09778046040608337,887.6456265913164,887.6784669270911,887.6006141771315,0.0231159416785256,639.9073997418709,651.9194210900256,643.8938394306622,635.7707743457954,634.3369441562289,1.9090119072460423
