feature,blank_mean_intensity,blank_median_intensity,blank_detection_rate,qc_mean_intensity,qc_median_intensity,qc_detection_rate,bio_mean_intensity,bio_median_intensity,bio_detection_rate,blank_to_qc_ratio,blank_to_bio_ratio,log10_blank_to_qc_ratio,log10_blank_to_bio_ratio,blank_dominant_flag,mz,mz max,mz min,mz std,rt,rt end,rt max,rt min,rt start,rt std
FT-215,2.8087572872911077,1.378029687707698,0.5,33.18757460515258,35.77106964668127,1.0,36.01386453038788,34.98676238273782,1.0,0.11140764828391983,0.10290082744978359,-0.9530849932423311,-0.9875811329593336,False,1089.0277133500265,1089.0840974617545,1088.9738160692943,0.0318770459075913,1422.7716282760944,1429.112756517201,1425.6933220631165,1419.2835515569586,1415.3012233310244,1.4437953850017748
FT-079,2.55112722212645,0.0,0.3333333333333333,85.72907572772174,58.75250693056185,1.0,76.87344777391537,66.68390544128232,1.0,0.040945060146552234,0.045601258498740076,-1.3877984865898259,-1.3410231715566991,False,1077.2093617269695,1077.2780627278853,1077.1457095383691,0.033821129808481,1186.4594094558372,1193.3994246262791,1189.5073639083237,1183.6673357354396,1179.0351316011868,1.4609631651882211
FT-216,3.5683279711248996,3.6567417392090737,0.6666666666666666,113.67280832208658,102.4911177623973,1.0,121.22366006691719,116.4624512343023,1.0,0.03983793575800145,0.03737678914723835,-1.3997031730629752,-1.4273980094186696,False,1089.030599875195,1089.095919755252,1088.972675063831,0.0313230993416971,1438.9321184551102,1444.1166801452632,1440.781202333408,1436.371538780407,1431.385180950165,1.1684887685804148
FT-251,0.0,0.0,0.0,18.421988599663745,14.35205463037693,0.6875,25.889986654955198,6.363868573022891,0.6075949367088608,0.05148803351770648,0.03718856438389951,-1.2882936948637278,-1.4295905866903615,False,887.6472211426521,887.6812600576577,887.5895078640959,0.0254866335531941,674.3056333776316,681.8237132410858,677.5745826924477,670.8389651880215,666.8800310934755,1.6584137163707755
FT-174,0.0,0.0,0.0,37.48465694808375,26.05444097291577,0.9375,49.21328013165891,12.789078831028254,0.7468354430379747,0.025984381291199024,0.019915050308962214,-1.5852876196153047,-1.7008185921480963,False,1210.8304701216448,1210.9006110405176,1210.7634042850927,0.0393243797493412,928.6948296247882,936.6544350710782,933.2542365417872,923.4052741038936,921.7589794505756,2.2293708605911333
FT-235,1.039118094125091,0.0,0.16666666666666666,102.78573053057019,110.87905949090451,1.0,112.9043260638773,112.33717263234892,1.0,0.019647383929378103,0.017902025011601035,-1.7066952682234897,-1.7470978404378676,False,1034.9871234609543,1035.0479195722205,1034.9301733190198,0.0307738226139136,1385.9991044260155,1394.4329527557886,1388.520781427043,1383.2604731417296,1376.6256570034318,1.282938054828365
FT-238,0.0,0.0,0.0,74.77722454767705,78.49458484545265,1.0,69.2647233664748,65.10501477176487,1.0,0.013196577282542542,0.014231892649521582,-1.8795386945559909,-1.846737340774064,False,1083.34221048445,1083.4156648006433,1083.2876061219467,0.0332555834962821,1423.037280138564,1429.8039524371825,1425.2939780948373,1420.203550145215,1414.9106421837485,1.413257598599415
FT-249,0.0,0.0,0.0,57.44579966488082,56.93192353248253,1.0,69.50556272107815,68.85506772355723,1.0,0.017109869412923518,0.014183278047946744,-1.766753305097307,-1.8482233831440702,False,1069.709184439815,1069.7804240606993,1069.6449862815853,0.032195006247936,1158.0681524278946,1163.6372934068968,1160.4743729659026,1155.2261009596696,1149.9450179508715,1.242632907231868
FT-225,0.0,0.0,0.0,56.88954332566981,56.90819792015101,1.0,72.08094754962491,65.99604464265816,1.0,0.0172742768823428,0.013683456954645528,-1.762600123553262,-1.8638041696726404,False,1077.7143327045933,1077.774000301872,1077.655267159494,0.0311261598865204,1186.9637374633428,1193.886183441663,1190.5084643354585,1183.6865880769894,1179.1995339315472,1.6444793093376109
FT-126,0.0,0.0,0.0,113.85418146069082,74.14734952127291,1.0,81.41470107815415,66.7025931824941,1.0,0.008706692148968498,0.012133757532551097,-2.060146811043861,-1.9160046877607866,False,1089.3589349095078,1089.4148180416405,1089.3021122932485,0.0314652651679778,1439.0541834189,1443.9025790192345,1441.7753715424665,1435.925619866697,1431.709452784338,1.5876312466436946
FT-134,0.0,0.0,0.0,95.52808774190564,84.56507456310739,1.0,83.18145241168834,82.25952089456342,1.0,0.010359678963844956,0.011879101290739349,-1.984653702736627,-1.925216414509416,False,1088.3568018363508,1088.4270703314248,1088.290582748391,0.0345227235842915,1473.517094540187,1482.6548940485163,1476.0500895172927,1470.3533129077691,1467.699538144199,1.4751542512680245
FT-242,0.0,0.0,0.0,89.71860351470247,91.53139993725489,1.0,85.96631190637703,83.2074829832052,1.0,0.011023097372061435,0.011498705396137104,-1.9576963562476106,-1.9393510527736157,False,1083.0169631809986,1083.0848216619854,1082.950362254375,0.0368602131796223,1422.690822712629,1429.628389935163,1425.145367036958,1420.289303760063,1413.690671698993,1.3914501278972984
FT-241,0.0,0.0,0.0,75.5960270019099,79.76066116487233,1.0,90.31917803057122,82.19205576344362,1.0,0.013055507434805531,0.010950602289315686,-1.8842062435765268,-1.9605619937249674,False,1083.3479141235127,1083.4274300384948,1083.284999164605,0.0411502899069144,1473.3785589320328,1482.4898161206963,1474.8711895611846,1471.0252971599662,1467.2716426849436,1.1772538924513325
FT-202,0.8118030693812693,0.0,0.16666666666666666,157.84461632562994,165.24431119356984,1.0,176.86390750941004,173.5005487029588,1.0,0.011406134569062703,0.01018645713316185,-1.942861508933921,-1.9919768380798348,False,1033.9870057402484,1034.0472286109705,1033.928817254043,0.0317203756271548,1386.1519996372765,1394.7988818241977,1389.2728290402838,1383.1683020518017,1377.1626443129362,1.4789205614544831
FT-245,0.0,0.0,0.0,88.51679395190241,96.68840659678007,1.0,97.43522743996625,93.14944058806822,1.0,0.011171088193097067,0.010158964691882088,-1.951904519521957,-1.9931505490907713,False,1083.02130840629,1083.085385012217,1082.9524375265098,0.0367501395346961,1473.1330249701502,1482.318571374777,1476.1689162150667,1469.9701177376287,1466.9295087773758,1.491661240294952
FT-132,0.0,0.0,0.0,183.03596224489058,94.62557347649006,1.0,100.26013738311593,94.5613962598702,1.0,0.005433720604396509,0.009875554446628071,-2.2649026962619616,-2.005438512273503,False,1088.3549855574815,1088.4235585769136,1088.2966321686972,0.034138899170978,1438.8098367577045,1443.9222989763543,1441.2888604137547,1435.8971073917498,1431.0580607822933,1.1606352416236407
FT-172,0.0,0.0,0.0,44.86338354956652,51.36593806905783,0.8125,104.85633871737188,22.28802452557758,0.8607594936708861,0.02180388629459179,0.009446765419215202,-1.6614660914471344,-2.02471686885098,False,886.6352611425967,886.6797677782474,886.5887702166918,0.0241624875229154,674.1885161473726,683.2720027250376,679.4295417213385,668.2875055110654,665.7916876848988,2.238306369755907
FT-200,0.0,0.0,0.0,118.20702815776716,100.9150060380462,1.0,109.5721996947653,105.71491756291591,1.0,0.008388767134405265,0.00904386457681498,-2.0763018611102297,-2.0436459494206973,False,1039.6606356714726,1039.7152117448236,1039.609987920612,0.0285971293977563,1386.5689310879638,1396.528175354006,1389.322205274966,1383.8648933908498,1377.2603266789347,1.358794537316638
FT-051,0.0,0.0,0.0,112.01591078476525,117.31324906656232,1.0,117.82943627322548,112.46531165475662,1.0,0.008848311649715094,0.008415423243283692,-2.0531395893205753,-2.07492403683608,False,1069.2050570468462,1069.267470109953,1069.1500824304103,0.0309242309640597,1157.7638325982018,1163.3854165077216,1160.088364981479,1155.2213391757566,1149.20816373825,1.1956236333629695
FT-192,0.0,0.0,0.0,110.81134070934324,124.97371740300707,1.0,120.2642034273279,117.2424038226507,1.0,0.008943636608378826,0.008246456676716533,-2.048485855050451,-2.083732618275113,False,1068.7037715820934,1068.7709537862363,1068.644656968828,0.0326297049075302,1157.8147203461158,1163.3792711145747,1159.779912946269,1155.301746795193,1149.5256244435009,1.1713404979799975
FT-210,0.0,0.0,0.0,90.3952652679282,101.32532683965002,0.875,124.5584970522477,119.13262832224048,0.9493670886075949,0.010941485831552297,0.00796441518078922,-1.9609236976892621,-2.098846108510786,False,293.1831414699142,293.1996029087832,293.16727975808595,0.0086518209989555,674.6181627077369,683.8307102655976,677.6995786520689,671.0613470701732,665.6266603631451,1.7099955693838589
FT-153,0.0,0.0,0.0,141.39530207407512,130.16797181122774,1.0,127.14933597308323,127.14840145175788,1.0,0.007022703596497815,0.007803395877213458,-2.1534956612322853,-2.107716360157618,False,1088.6918828508271,1088.7513371347547,1088.6296921898063,0.0323400428121432,1473.446015556528,1483.6614707498018,1476.5098227948197,1470.4869684703458,1467.3194005629591,1.339608092953679
FT-217,0.0,0.0,0.0,115.9467520052329,110.55919589885201,1.0,128.2173427878394,101.30105518637257,1.0,0.008550900156297236,0.007738899271763307,-2.067988164530869,-2.111320806008871,False,1089.0287993120237,1089.0950065180127,1088.970820326633,0.030458456101534,1473.4388815633502,1483.5051296283675,1476.2821695524506,1470.872925663907,1466.9955052957894,1.2981758393010991
FT-072,0.0,0.0,0.0,122.36489085503719,119.15471801266052,1.0,129.28717828347777,124.08935900618796,1.0,0.00810603400261646,0.007675352349900527,-2.0911915788428175,-2.1149016783778065,False,1252.819559504331,1252.8923288346316,1252.7474352137208,0.0360234419531445,1252.123154423304,1259.34100136828,1254.3494914890537,1249.7181801223417,1244.226415264071,1.2333870429369769
FT-115,0.0,0.0,0.0,133.8988169299706,136.16437214888293,1.0,133.8885582225211,133.57747571529782,1.0,0.007412963454817587,0.0074135272344621975,-2.13000814090216,-2.129975112669935,False,1151.2577144686827,1151.3262326936172,1151.1904885859722,0.0345722197950819,1279.5426959634483,1288.5432278668477,1281.9849407416823,1276.8114177037737,1271.368124220108,1.3332454669452618
FT-136,0.0,0.0,0.0,150.17727872789396,134.59316491145952,1.0,144.31886713671284,137.0715623954352,1.0,0.006614750631937975,0.006881418907974432,-2.1794865235421867,-2.1623220035714086,False,1040.0009583626654,1040.0569257891393,1039.9470140830122,0.0281851224878726,1386.0494617442523,1396.068245569866,1387.9975391137882,1383.8138140663868,1376.509656906129,1.1247046995250976
FT-190,0.0,0.0,0.0,160.33641639661067,151.9549635877053,1.0,147.07523422058966,141.86339787390904,1.0,0.006198228659930789,0.006753323776684267,-2.2077324061679846,-2.1704824282664115,False,996.1598538662096,996.22030685846,996.1126477514904,0.0282638266067295,1120.0790796707618,1125.9807273319786,1122.1649823760506,1118.0374858521734,1110.9794875553678,1.0179829325467225
FT-151,0.0,0.0,0.0,155.02049247926035,140.5419345759604,1.0,147.9157945693037,148.7591151647598,1.0,0.006409414456456282,0.006715204407243797,-2.193181644419644,-2.172940763101457,False,1088.6951060782058,1088.7596143680532,1088.630881136988,0.0330279363335156,1438.8803038529063,1444.1661421831948,1441.2777670267333,1436.5525669265598,1430.835098715389,1.1930280235989963
FT-186,0.0,0.0,0.0,69.87107009203004,65.5541110638752,1.0,149.73689261811177,72.19048741813242,1.0,0.014110129827325088,0.0066340759891705845,-1.8504689902831084,-2.1782195582177333,False,931.6243046494036,931.6784901191336,931.5809314937704,0.0274414767123745,1102.186769188893,1106.829634834741,1104.5947650644134,1099.0703438301748,1094.5528271619044,1.4732397071044796
FT-239,0.0,0.0,0.0,132.44490444288004,137.5501645454943,1.0,152.875009888644,151.8073755717702,1.0,0.007493729372244719,0.006498781060834233,-2.1253019950243153,-2.1871680938489315,False,1083.3425827511437,1083.4166557113358,1083.2876164929687,0.0363729984623317,1439.3248342615186,1444.926219667708,1440.6319758799573,1437.3318144239922,1431.6119139535092,0.9884917727754934
FT-148,0.0,0.0,0.0,177.81589617208553,157.30933799579344,1.0,163.28498106819154,154.90492346766666,0.9746835443037974,0.005592343977280625,0.006086983688331919,-2.2524061235927624,-2.2155978620513173,False,1633.0433891731236,1633.1408675210662,1632.9657943151262,0.0455721833872696,1473.397159852177,1482.8077298944656,1475.3327389874703,1471.072093996486,1466.4682648398627,1.0908347103613008
FT-047,0.0,0.0,0.0,182.78808546698897,164.33244367313628,1.0,165.7461295123342,156.0406769516481,1.0,0.005441049116209519,0.005997140700804273,-2.2643173537113555,-2.2220557619232544,False,995.65692637966,995.7086397617136,995.610460153178,0.0270949224828062,1120.1782129636545,1126.083653767903,1122.388534209544,1117.8975231103082,1111.092205754033,1.1569512021216075
FT-243,0.0,0.0,0.0,161.443969675892,186.9294687389695,1.0,183.92578740474394,177.4404230963113,1.0,0.006155968744147282,0.0054075746494528475,-2.2107035938891006,-2.266997476582042,False,1083.0184165320716,1083.081155245212,1082.9536937910798,0.0367099381181748,1438.918439562102,1444.8087708493492,1440.6161703055536,1436.2722954248684,1431.0281680492635,1.1621010653959112
FT-206,0.0,0.0,0.0,164.53404527072766,194.14950543863293,1.0,191.51859119891466,187.54631428529495,1.0,0.006041053357721789,0.005194303541141005,-2.218887328339098,-2.2844726749626445,False,1034.6560763743712,1034.7123139359592,1034.6014150768017,0.0298462974025474,1386.0386461317642,1395.2626547813416,1388.8838369044424,1383.0236739106767,1376.8958172798157,1.443510211018104
FT-144,0.0,0.0,0.0,195.42380971906152,190.3449162022128,1.0,196.63236119659322,201.0978702798472,0.9873417721518988,0.0050910325048183665,0.005059900078840114,-2.293194130105033,-2.2958580593730145,False,1632.5484775521786,1632.6461105251813,1632.4546442621267,0.0466912860728051,1473.171101763048,1482.4374332428004,1475.4512352411034,1470.6162300679728,1466.381916046143,1.1104967430642156
FT-177,0.0,0.0,0.0,68.19244081104604,62.88971085873621,1.0,202.65564951917713,73.69382487477142,1.0,0.014452445791453532,0.004910249248478793,-1.8400586509109342,-2.308896462155737,False,1372.9222666552944,1373.0044393277417,1372.8475550406097,0.0419239569538517,1005.5678939773716,1014.2933441162128,1009.3238316986228,1001.3395867388192,999.7053329467792,2.0632318308477204
FT-146,0.0,0.0,0.0,214.16382200172248,229.160538196622,0.9375,208.24324297284633,214.32504040628135,0.9493670886075949,0.0046476214760304575,0.004779126846785542,-2.332769250145574,-2.3206514423547193,False,1633.038705134174,1633.107167277146,1632.9691329723976,0.0425022110452064,1439.0391430336188,1445.0717250636355,1440.7764451317369,1436.86510091518,1430.602291920149,0.996074966973379
FT-120,0.0,0.0,0.0,210.97358428737374,219.47546044786708,1.0,222.55072645247608,221.86150789787607,1.0,0.004717568952574272,0.0044732576622272206,-2.3262817434145044,-2.3493760854936463,False,1558.9989797646351,1559.0842363807174,1558.920019528133,0.044886920178662,1386.1476473421424,1396.046158381872,1388.6361896759065,1383.3754083622428,1376.375687190463,1.270025774274783
FT-078,2.55112722212645,0.0,0.3333333333333333,750.8839119116299,788.954614817244,1.0,813.608129027097,811.428015740794,1.0,0.004722972743355918,0.004359307371960102,-2.3257845607633967,-2.360582508078001,False,1077.205728818574,1077.2697492713137,1077.1507175425947,0.0315129711684634,1164.9081193819106,1176.015186999219,1167.311426224721,1162.4987461160683,1152.201798220714,1.193687829900949
FT-199,0.0,0.0,0.0,200.3895760191465,122.07119584244589,1.0,230.5482313738127,146.20331278482712,1.0,0.0049655002993051044,0.004318754645919081,-2.3040369875953375,-2.3646414680872985,False,1223.794329633322,1223.8477891740072,1223.7328858293467,0.0320895105058515,1273.4466422499067,1280.9673685186042,1276.269530388491,1270.7744681742668,1268.557216980878,1.2870284782640955
FT-188,0.0,0.0,0.0,78.81477712077168,73.2678396904987,1.0,238.3543660396056,85.75496315209656,1.0,0.012529008237244723,0.004177905824515152,-1.902083305234001,-2.3790413538134327,False,931.123316275561,931.1738081023892,931.07426737904,0.0254915780131796,1102.1879690833632,1107.124431889231,1104.963450062722,1099.1332192776542,1093.916465014947,1.3268034181666346
FT-116,0.0,0.0,0.0,201.7508324287772,211.05606252022366,1.0,241.95187425471877,230.27596598842013,1.0,0.004932162240819812,0.004116041512614827,-2.3069626459583223,-2.385520253781171,False,1034.3156777245072,1034.3733453488437,1034.2664963897112,0.0277415348472434,1386.2288582150331,1396.2981626211867,1388.9721706356552,1383.0239916368391,1375.9949180878775,1.5877595200199193
FT-209,0.0,0.0,0.0,251.8363750452312,255.57681309553607,1.0,243.6480135092155,260.42553463740074,1.0,0.003955127104717843,0.004087505088049005,-2.4028395551522497,-2.388541693729766,False,1632.5496568490846,1632.6439370468956,1632.468630968542,0.0492385054668293,1438.8645645787187,1444.8693813855136,1440.6580787895616,1436.0888835821331,1430.697591757474,1.1907313115547458
FT-201,0.0,0.0,0.0,234.61268382121654,233.98996537106052,1.0,248.3427020923971,253.55528146529903,1.0,0.004244253678459867,0.0040105444900065184,-2.372198666273342,-2.396796661556253,False,1560.0025678909035,1560.0923396222902,1559.9118780120905,0.0482189961015412,1385.9591274494428,1395.7667957652686,1388.5420000753802,1383.4854303484206,1375.953470205332,1.22676144180058
FT-086,0.0,0.0,0.0,247.99778350655694,239.5557385150991,1.0,263.7941267110367,251.75015950913837,1.0,0.004016100006663982,0.0037765188088604218,-2.3961954811714152,-2.422908347968283,False,1252.3224421698592,1252.394260929982,1252.2598314863185,0.0357571265908724,1252.0492024447103,1259.1190925011254,1254.3147136599673,1249.55524604749,1244.1498037484978,1.2944815304881885
FT-197,0.0,0.0,0.0,262.8986786247949,239.5718475534667,1.0,283.3974551256097,232.84553836785744,1.0,0.003789333107733279,0.0035162058660417,-2.421437215656212,-2.4539257058768222,False,1230.809519318578,1230.877912747094,1230.7412762209678,0.0353371808666718,1266.2292769123917,1275.864038013278,1268.9682879036254,1263.3943549090618,1256.566223871141,1.2845018900553564
FT-071,0.0,0.0,0.0,312.004407713369,292.8877754533733,1.0,294.26128240970115,271.1259789358675,1.0,0.003194843188648452,0.003386830782006872,-2.495550453304007,-2.470206501695064,False,1150.7515985354444,1150.8216637168111,1150.6946579570076,0.0329001027792091,1279.6007579597722,1289.9491491550348,1281.8612304005794,1276.882566964393,1271.0001140687532,1.1438663349396818
FT-205,0.0,0.0,0.0,305.2181539913414,290.294463948975,1.0,312.0961589997192,312.40541557731245,1.0,0.0032656457070415097,0.003193906955597296,-2.486030934058371,-2.4956777398128303,False,1559.5079808864853,1559.593122537758,1559.4291321157314,0.0434378052259568,1385.8104858293589,1396.1924584706642,1388.2480646536085,1383.251170625242,1375.8304738998434,1.2375875733611723
FT-248,1.6673323080806213,0.0,0.3333333333333333,782.34377599326,849.1161410855791,1.0,860.7653152956663,867.8099257598701,1.0,0.003405059681106819,0.0030951957113352566,-2.4678752717252874,-2.509311885039436,False,925.1361960129163,925.1837228035912,925.0919226799238,0.0243451612151024,1057.851741314575,1064.927979546626,1060.4905075149256,1055.485902411153,1046.1234902046797,1.3621188340795582
FT-091,0.0,0.0,0.0,298.25374900867274,301.3833395399098,1.0,323.63290013436006,308.58598131150904,1.0,0.003341645688024509,0.0030804025087602547,-2.4760395998924176,-2.511392531580019,False,1251.314808260303,1251.384541992356,1251.24725487946,0.0341748074286253,1251.9082930023933,1258.873232105109,1254.3394561869425,1249.2792991497554,1243.48779943925,1.2740584064472709
FT-125,0.0,0.0,0.0,391.7480786464344,382.0228638056886,1.0,338.32629162402213,326.8000876223296,1.0,0.0025461614056684796,0.0029470159686535956,-2.594114069115468,-2.5306175108825655,False,1039.65820184451,1039.7156227742005,1039.6116036892988,0.0271609162775383,1455.661683126547,1466.5936145782448,1457.6419700348458,1453.1418866655522,1444.138712882998,1.1481226616014215
FT-131,0.0,0.0,0.0,396.4168665524327,370.2915358541883,1.0,340.3661325509248,322.6605780379828,1.0,0.002516249520748678,0.0029294060091061332,-2.5992462948201194,-2.5332204319051095,False,1040.328774739611,1040.3905778938313,1040.2758764608654,0.0302810872302927,1455.4224047810255,1466.6943168640173,1457.3205103985615,1452.965088839576,1443.890949958978,1.0864556546498374
FT-013,0.0,0.0,0.0,360.9056645045966,157.69569366013158,0.8125,347.408727494909,165.49084833680928,0.7341772151898734,0.0027631510033667875,0.0028701921653630567,-2.5585953806871897,-2.542089025369514,False,1210.8270502489595,1210.8965928740345,1210.757497420239,0.0348292922405459,899.7233926516836,910.3418386122776,902.5053635226112,896.73995171614,892.597834867591,1.520345058452607
FT-183,0.0,0.0,0.0,385.2066526096163,210.18554279356553,1.0,353.37140989233023,202.3613877398448,1.0,0.0025892873497723396,0.002821898076664348,-2.5868197504551897,-2.549458676457516,False,1026.1928910886666,1026.2538693229394,1026.1336043527974,0.02995941888026,1107.040419851715,1118.291006590189,1109.7816043702717,1104.4961403666218,1102.9698040610858,1.4824875618511024
FT-173,0.0,0.0,0.0,2140.430821994222,162.12132564850796,0.75,358.1886492325548,171.80191772666947,0.7848101265822784,0.00046697749454672707,0.0027840523416778557,-3.330704049261915,-2.5553226040154335,False,887.6456265913164,887.6784669270911,887.6006141771315,0.0231159416785256,639.9073997418709,651.9194210900256,643.8938394306622,635.7707743457954,634.3369441562289,1.9090119072460423
FT-246,0.0,0.0,0.0,191.2102077544888,126.02337654334326,0.75,373.5563898452129,445.97770768552834,0.810126582278481,0.005202637319227633,0.0026698249639079833,-2.283776448128199,-2.5735172104334474,False,886.640677379445,886.6885162538287,886.5933552782225,0.0251461497954597,640.7806068187616,655.6501274724213,645.2189602083051,636.1348053340776,634.6614019332407,1.8430872720483809
FT-060,0.0,0.0,0.0,369.74450695465333,372.1891495953058,1.0,395.06835046133403,383.81686696516255,1.0,0.002697275296710768,0.0025248167363921305,-2.569074725130074,-2.5977701396293167,False,1251.815294797806,1251.8928041654049,1251.7555207167077,0.038755507110193,1252.0156980757831,1259.4881563062756,1254.194200130937,1249.5033644892535,1243.0116841700158,1.2070818965472034
FT-138,0.0,0.0,0.0,497.61428997063217,475.0855686812488,1.0,437.8305063504011,414.91086428056,1.0,0.0020055582443473468,0.0022787841445132155,-2.6977647209516706,-2.642296810969954,False,1039.997339280622,1040.058723239445,1039.940846349422,0.0305292028672184,1455.4289604217147,1467.5490430196126,1457.5928674741217,1453.1463043270896,1443.0368334452346,1.139480376270928
FT-180,0.0,0.0,0.0,403.61540056181417,396.4374537078483,1.0,447.43670023863285,493.2595138817864,0.9493670886075949,0.002471482792329422,0.0022299691338105382,-2.607042408963024,-2.6517011482112713,False,1846.2712907601397,1846.3774994429132,1846.1786216070363,0.0533862657772983,1057.5333992700469,1063.1384947133608,1060.249283829451,1054.8385991324435,1047.2597561326115,1.3137241358138774
FT-068,0.0,0.0,0.0,472.5409406108604,470.6551358141892,1.0,452.4955594955079,439.7405588970017,1.0,0.0021117498282408604,0.002205093256287784,-2.675357532468651,-2.656573038924142,False,1150.2524730526775,1150.3175604084613,1150.188700028146,0.0330723340888498,1279.7884240559065,1291.1614973466476,1282.297445204404,1277.0675088026385,1271.432436429538,1.252126286661389
FT-065,0.0,0.0,0.0,472.67474828403033,461.8459911124288,1.0,456.7684436834198,440.398042804379,1.0,0.0021111532831814975,0.0021845105616139257,-2.6754802330006666,-2.660645851233854,False,1149.7477835102598,1149.8144632764945,1149.685681984192,0.0325078453702678,1279.935188473766,1290.790366661261,1282.5930344589017,1277.339259704826,1271.8166430403594,1.2261011409371214
FT-042,0.6769438017851375,0.0,0.16666666666666666,733.8785213958358,784.170408489272,1.0,787.5239041224207,754.4284572893099,1.0,0.002281933344030702,0.0021266873369571136,-2.6416970456068674,-2.672296354862393,False,1025.1886386302892,1025.247027968808,1025.1370733359656,0.0298006748993319,1107.3546178711229,1123.5890952400546,1110.207654223817,1104.6921888972022,1102.8541050786582,1.4123877129358002
FT-195,0.0,0.0,0.0,445.76683325359517,484.16087456088036,1.0,477.7671082063903,478.8256972559878,1.0,0.0022383040225199013,0.002088698205994788,-2.6500809248070567,-2.680124306280862,False,1077.708774786632,1077.7732844734803,1077.6548450786415,0.0305915600535078,1164.8240522057135,1175.084413340395,1166.9203041317107,1162.488701920126,1152.544404150735,1.1655651972698904
FT-038,0.0,0.0,0.0,423.7966793550052,435.16411920251005,1.0,498.8520106409816,452.650499056905,1.0,0.0023540673658710353,0.0020005921326947495,-2.6281811131971553,-2.6988414433854233,False,1025.690862799387,1025.7477618544551,1025.6366460844254,0.030538553488754,1107.23462155222,1121.1202767189984,1109.9813621005935,1104.387069581245,1102.96307424481,1.4209852699776997
FT-028,0.0,0.0,0.0,421.65824465694675,507.09111720009685,1.0,530.7346126327803,574.7173849085195,0.9746835443037974,0.00236597774358254,0.0018806374011439556,-2.6259893450355407,-2.7256949311175687,False,1845.2675702568588,1845.3714278358416,1845.1623419189225,0.0547059411325117,1057.465322843472,1063.011718921446,1060.0061878004767,1054.8746688276972,1047.5546058911905,1.2638959113625776
FT-118,1.0524418588796232,0.0,0.16666666666666666,1217.939932694575,1144.6068905184125,1.0,1152.3977755552448,1197.0717219380413,0.9873417721518988,0.0016837924526293254,0.001779474438375416,-2.7737114414781723,-2.749708246127254,False,1560.0017940800249,1560.090017053007,1559.919869866818,0.0433290812359491,1455.4088624671206,1469.8380283733015,1457.1646166902804,1453.1566235223015,1441.8293720287295,1.0131394302246124
FT-102,0.0,0.0,0.0,526.3788486510487,517.3489395654935,1.0,576.2345162259078,566.1746657164733,1.0,0.0018961700920653933,0.0017323981360959325,-2.7221227077510455,-2.761352292203617,False,1295.3371125063638,1295.4121806158155,1295.2703518474862,0.0390429682024521,1284.5115125888428,1294.5797058843823,1286.76247199753,1282.1484267015423,1273.3225453284513,1.1385088817335398
FT-141,0.157466731125255,0.0,0.16666666666666666,888.5969814991581,245.98217836675542,1.0,668.5532581530105,230.50838486687172,1.0,0.0013011135999749907,0.001728714955876958,-2.885684783616378,-2.762276610714027,False,1223.2951510470548,1223.3681626700757,1223.2234845613689,0.0370316368547799,1273.6834926002612,1281.6057439004244,1276.2935617830008,1270.7086517721582,1268.6967123708414,1.306203097319729
FT-237,0.0,0.0,0.0,554.1358398453309,581.9301932118308,1.0,583.8704303291541,591.433908232243,1.0,0.0018013609070504524,0.0017097804028786661,-2.744399266504271,-2.7670596650126575,False,1034.9881000850553,1035.0498298584166,1034.933521063501,0.0298679283561603,1455.4754033806444,1468.5007572174063,1457.4421390509146,1453.3524117623429,1442.3543914159118,0.996514613389124
FT-226,0.0,0.0,0.0,593.9021730506636,641.7013231547239,1.0,633.6926088423638,631.6105650742992,1.0,0.0016809486421473152,0.001575565850410535,-2.77444555531291,-2.802563440873171,False,815.1931200400654,815.2369274905478,815.1512909790769,0.0235253767613145,1257.978548513949,1271.0305211315415,1260.1923474812538,1255.2972656249676,1246.223995783555,1.3002026551407582
FT-185,0.0,0.0,0.0,704.0531607739538,660.8468349727442,1.0,644.0355066315094,580.8823705678415,1.0,0.0014183327664289542,0.0015503022542467137,-2.848221863885537,-2.8095836214720333,False,931.6414646729085,931.6860469922854,931.5946942259465,0.0260586297151206,1057.9007241015097,1071.3753969916013,1060.667301728328,1055.003061513269,1045.429825618348,1.4463668036397197
FT-112,0.0,0.0,0.0,618.9770275743064,645.113150694446,1.0,679.8785824330075,690.3395190186309,1.0,0.0016129629897942413,0.0014686906385374388,-2.792375597590914,-2.8330696733214586,False,1295.833757739158,1295.9055910747572,1295.7695076366322,0.0377600808592019,1284.7258569724574,1295.3360296396097,1286.8981919328824,1282.3580923089296,1272.7005949753996,1.0657237935960988
FT-227,0.0,0.0,0.0,656.1784100901457,697.8866576806015,1.0,695.8231252134009,692.1285938412911,1.0,0.001521656805284929,0.0014350844049467384,-2.8176832873669024,-2.8431225550104013,False,815.5263145478614,815.5720124399368,815.4833781251697,0.0234497161485411,1257.9480855586548,1270.610866815275,1259.5108106778086,1255.372326819194,1246.8639153493934,1.1653434695229583
FT-218,0.6308394306316073,0.0,0.16666666666666666,1088.0531608444526,1079.9203284905093,1.0,1151.669566076974,1089.502461215351,1.0,0.0014974837677961038,0.0014148368956960053,-2.8246378765144695,-2.8492936233072084,False,945.1499525476456,945.200369387312,945.0988671251616,0.0260107210777758,1013.699714864276,1026.8376972364338,1016.5529087025468,1010.9159672784848,999.9756356944216,1.416637105738516
FT-214,0.0,0.0,0.0,724.3151600157938,727.7207719344833,1.0,706.765140623576,722.801381683265,0.9873417721518988,0.001378711014365431,0.0014128980683040572,-2.860526754867507,-2.849889168632604,False,1560.5106879252833,1560.603218971056,1560.4389892318009,0.0469938642049179,1455.2785186733047,1469.0251868111725,1457.2718004475466,1453.2646538510369,1442.4326360793343,1.0442360641897566
FT-176,0.5279068093393702,0.0,0.16666666666666666,1196.8338491415998,1215.858379767445,1.0,1201.6158449050201,1198.583397310786,1.0,0.0012755582173890891,0.001270486178784748,-2.8942997150911607,-2.89603005513952,False,871.0972026876352,871.1464497877009,871.0521433276865,0.0261144448367921,967.075674195556,981.0014984824444,969.5888018377036,964.5575877934904,954.5241061123936,1.1831890005084889
FT-135,0.8011058026765228,0.0,0.16666666666666666,1396.4444657974168,1406.1072395378105,1.0,1439.1760283640651,1397.5164741617546,1.0,0.0012888568002226597,0.0012506150409422156,-2.8897953327070094,-2.902876352435355,False,1173.2301124568482,1173.299758045921,1173.174174305768,0.03387592307933,1442.9947789043065,1461.5335927384624,1446.522009722994,1439.6890407160083,1429.7166348575215,1.5507356932126253
FT-075,0.0,0.0,0.0,779.4965717097257,831.4852434605452,1.0,816.192662582601,800.1383112731957,1.0,0.0012812356085170735,0.0012237016382889035,-2.8923709997868814,-2.9123244585304127,False,1076.704086348371,1076.7659052150043,1076.6508631728868,0.0303673983692482,1165.0016465840235,1176.4046223958326,1167.1510336308895,1162.5396325060522,1152.5668176015192,1.1153635458279254
FT-040,0.0,0.0,0.0,780.9964350724675,847.9397651102199,1.0,833.0263994679034,822.1881337580737,1.0,0.0012787782081223045,0.0011990028141051475,-2.8932047732236783,-2.92117979759431,False,1024.6859401518484,1024.745883352035,1024.635571164931,0.0299810881909713,1107.6170160866384,1125.2454211495194,1110.1572639572094,1104.5491052697555,1102.7951743386006,1.4042236421118546
FT-228,0.0,0.0,0.0,751.9026800879519,795.9476373120995,1.0,847.2916920754728,898.6004950046076,1.0,0.0013281929078578694,0.001178839789829074,-2.8767388430901093,-2.9285452136674115,False,1618.0944863886548,1618.192836077746,1618.0103252971178,0.0474912638140451,1121.2716800177573,1134.893977078523,1123.7690728640036,1118.6476203191232,1106.596914117983,1.2163968224129416
FT-189,0.9049930048809115,0.0,0.16666666666666666,1480.560002436654,1475.2690942252198,1.0,1634.024066760047,1621.596173776998,1.0,0.0012858021286669837,0.0011651161861218552,-2.8908258595921357,-2.933630764358468,False,931.123020951668,931.1758625779664,931.0750071035604,0.0263774599815897,1117.150900959169,1132.9164165454893,1119.9402594800786,1114.513782416522,1107.106961260784,1.384524676638368
FT-204,0.0,0.0,0.0,813.5810174519474,880.1977387312156,1.0,872.1502861132224,854.4613886849102,1.0,0.0012276249735453607,0.0011452782137327604,-2.910934285308133,-2.941089000649871,False,1033.9838278235356,1034.042914112964,1033.928607670589,0.0297239387994302,1455.7532616121457,1468.3237969120837,1457.4093418500188,1453.3497847415665,1443.3293499524104,0.98773463920309
FT-240,0.0,0.0,0.0,797.7353830048313,792.7772499684108,1.0,878.5338767170346,799.2249025198684,1.0,0.0012519790925475394,0.0011369658707548818,-2.9024029235753095,-2.9442525716933456,False,1083.3466638903149,1083.418782663368,1083.293469620257,0.0379018511140412,1455.299982043751,1466.075484139584,1456.6897452440542,1453.095145833872,1445.1545170375284,1.139622011246467
FT-145,0.0,0.0,0.0,1057.5379063408889,1071.2001156175324,0.9375,881.3136327924005,826.682020068521,0.9873417721518988,0.0009446992819149572,0.0011333838250182516,-3.024706414759693,-2.9456229896435646,False,1632.0422244647154,1632.143549164095,1631.944909954586,0.0498037752269419,1455.2449080604651,1465.325859832764,1457.0759410058563,1452.9375087822204,1445.226665496828,1.1451980467965952
FT-127,0.0,0.0,0.0,1045.6410951475164,1029.7482594951757,1.0,899.8632527289776,799.9599898150257,1.0,0.0009554373553993285,0.001110046388251167,-3.0197977828070632,-2.9546588718975295,False,1089.3621822179891,1089.4251348726043,1089.307522369366,0.0309853004019954,1455.0379438086263,1466.2902433975903,1456.7362453819535,1452.8117716271825,1443.8567584493844,1.0701762813663769
FT-069,0.0,0.0,0.0,837.8789706795819,878.1201338541835,1.0,903.7198008979841,872.8285132097421,1.0,0.0011920670739783746,0.0011053145946484703,-2.923699307482403,-2.9565140954859537,False,1150.7568385346326,1150.8215253510546,1150.6976302094158,0.0348052353991313,1199.4452906242605,1210.6137862572284,1201.2154408063195,1197.1823084180112,1184.9031991225047,1.0329515176038833
FT-230,0.0,0.0,0.0,842.0695641777539,832.7220386356996,1.0,904.6660560301751,893.9006128553019,1.0,0.0011861417402433457,0.0011041597433642603,-2.925863411032914,-2.956968090879515,False,975.6477809466752,975.6990653589808,975.5940350043956,0.0287421584037574,1174.6013930519584,1189.00957448142,1176.7579145842003,1172.100459753538,1162.114930834089,1.1040347611923722
FT-111,0.0,0.0,0.0,862.7082298883722,913.4123235073281,1.0,915.7893168628094,887.8972185579387,1.0,0.0011577983923219562,0.0010907631465666855,-2.9363670578148087,-2.9622695439180755,False,1295.8363020697318,1295.9072791203832,1295.773465539277,0.0370243052418961,1243.8481834080928,1256.6009494236548,1245.3463489025294,1241.5589757546982,1232.480297633579,1.045388498174385
FT-233,0.0,0.0,0.0,868.799531497013,912.6512223187167,1.0,927.8934279107559,894.9368207023293,1.0,0.0011496902030734585,0.0010765497633557115,-2.9394191694039127,-2.9679658901774433,False,1179.778005634704,1179.8471969424174,1179.7162683397833,0.0348061923921688,1244.6512806591527,1258.3621313912536,1247.0162825638563,1242.1525013996577,1231.8023332868306,1.2082635774533983
FT-220,0.0,0.0,0.0,941.3825138744115,931.7284202312292,1.0,938.796314922086,908.489986406136,1.0,0.0010611402326309155,0.0010640603544853282,-2.974227219083192,-2.9730337377585,False,1098.2292261588002,1098.2904734059596,1098.173907533108,0.0325171901432204,1176.4712324222012,1189.1500946783274,1178.6797381441168,1173.8919929822691,1163.494515572824,1.1867773561182018
FT-011,0.0,0.0,0.0,941.284421070307,965.836450041784,1.0,951.4549535252738,963.6548153606556,1.0,0.0010612506984506184,0.0010499184200772436,-2.9741820109217016,-2.9788444448221734,False,1211.8279152595003,1211.899520416236,1211.762666802262,0.0363039936634745,874.6133425350365,886.9604836740813,876.7821117479145,872.0452383104141,863.3168395873045,1.2291365451074237
FT-082,0.6971612532193747,0.0,0.16666666666666666,1595.1659601377976,1581.0334865689638,1.0,1618.580236020812,1600.7531418652404,1.0,0.0010632736793064165,0.0010479019288289005,-2.9733549366857943,-2.9796793602544125,False,815.19145248803,815.2391948284286,815.1516278485828,0.0232383703674765,1299.3902606601064,1316.9471285420052,1301.4809187367064,1296.7242527442668,1285.1505845592858,1.2686655490251988
FT-207,0.0,0.0,0.0,901.5359142400708,965.3509534049983,1.0,961.4259587173173,963.1884739472264,1.0,0.0011079891494866366,0.0010390409682348551,-2.9554644926230704,-2.983367328354698,False,1034.6551417461487,1034.7125304192216,1034.5975891814644,0.0303605748289172,1455.50905041845,1469.479553565551,1457.2048275403458,1453.303311263696,1442.954649764501,1.045363518081707
FT-250,0.0,0.0,0.0,876.8528885709525,888.936857054164,1.0,968.2601775156844,937.9296272474982,1.0,0.001139143030705167,0.0010317147275802716,-2.9434217425178244,-2.9864403699224202,False,1069.708344315076,1069.774287255223,1069.649218122904,0.030644853390045,1173.681223284433,1187.769702729723,1175.700209664516,1171.3635911074043,1163.6172158377544,1.1401411506553842
FT-139,0.0,0.0,0.0,952.8259689204157,970.6741441642375,1.0,991.377904270608,954.7339507153404,1.0,0.0010484092828085257,0.0010076806382896988,-2.9794691423852315,-2.9966770859506573,False,1174.234578749382,1174.3047758750722,1174.1691741712189,0.0367706332183141,1443.187753176186,1459.7429939552608,1445.8934686334949,1440.3935207486345,1432.0249712908712,1.2691559803045909
FT-159,0.0,0.0,0.0,1213.416491655562,1266.8202669284572,1.0,995.2032952592753,987.8196485542502,1.0,0.0008234407280131241,0.0010038111746455693,-3.08436765626746,-2.9983479739658816,False,1343.8406591266526,1343.9145274628254,1343.7677461186618,0.0377960318667136,1551.4018781172863,1565.4921889631703,1553.8324037844404,1548.6513125167294,1538.0750452329032,1.2893645633100164
FT-229,0.0,0.0,0.0,945.172832112783,985.3214200331797,1.0,1004.5202900552291,1007.4357532879958,1.0,0.0010568893610768998,0.0009945100162474833,-2.9759704737982635,-3.0023908385032403,False,975.1420796493152,975.19513630601,975.0878433330068,0.0290253234446013,1174.724661855747,1190.7307771536025,1177.058293531887,1172.2284839034685,1160.82065582275,1.228760315355733
FT-084,0.0,0.0,0.0,937.335373035028,951.6769835357013,1.0,1005.8978186969393,997.988620764906,1.0,0.0010657170439664007,0.000993149435256632,-2.9723580885141265,-3.0029854000196523,False,1224.2978759761004,1224.3667494540175,1224.2365630785655,0.0355838123362433,1257.7376008872648,1268.2375238108073,1259.5745263285503,1255.5683653972703,1246.972209575565,1.100626009489861
FT-155,0.0,0.0,0.0,1087.7698336030307,1110.8071906902096,1.0,1012.7057200006992,1029.451247582546,1.0,0.0009184677689780699,0.0009864795869942513,-3.036936079424121,-3.0059118970792795,False,1266.2831822007336,1266.3496637437588,1266.2194012278928,0.0351803559518064,1499.1248349190344,1514.2912847345538,1501.8993996529623,1496.2190622803143,1483.236571225258,1.3516557316872444
FT-158,0.0,0.0,0.0,994.754597744716,972.6914418253132,1.0,1035.3280496122743,1013.2571563635252,1.0,0.0010042635025385768,0.0009649454150875625,-2.9981523203744103,-3.015497253077711,False,1256.286883804324,1256.3617691443733,1256.218970839692,0.0384284633284264,1499.1705919535325,1512.5175795444216,1501.7481985790696,1496.5087130770617,1486.488871019942,1.2082867332128768
FT-244,0.0,0.0,0.0,975.27497075787,964.0652226737589,1.0,1039.3197337398924,979.9547115347916,1.0,0.0010243015850582675,0.0009612429405766003,-2.9895721552322563,-3.0171668366624353,False,1083.0144831519058,1083.0790412617855,1082.95637841365,0.0347705557677826,1455.407052190095,1466.5766937878682,1456.8898431918287,1452.9667683924738,1445.1365334647055,1.0296105334833578
FT-147,0.0,0.0,0.0,1243.2840083105589,1213.9348659553712,1.0,1051.341729537857,1002.76950514521,0.9493670886075949,0.0008036750398791684,0.0009502616611422953,-3.0949195195545167,-3.0221567922445347,False,1633.0436758967032,1633.1441146353052,1632.9696891058245,0.0449364037120985,1455.2477318872882,1465.6225339104108,1456.8264409502044,1453.1028637962902,1445.261146881999,0.9790647979449134
FT-122,0.0,0.0,0.0,1103.9610665946047,1114.1898678481268,1.0,1067.635122717996,1082.1662252942156,1.0,0.0009050092625271534,0.000935773098545154,-3.04334697588447,-3.028829443992445,False,1558.9975814931574,1559.0919110686575,1558.9204884819696,0.0442520577550481,1455.6854919433242,1470.0663666291705,1457.630313211872,1453.345694785168,1443.0093526840212,1.0182380922440444
FT-213,0.0,0.0,0.0,1048.985504699794,1046.8565386405148,1.0,1088.2223222959508,1146.3080562298387,0.9873417721518988,0.0009523941002270448,0.0009180862157618284,-3.0211833035724656,-3.037116533100002,False,1560.5057355603417,1560.5939289632963,1560.419867474586,0.0447411201277256,1419.153460464564,1432.79973961325,1420.7644262107144,1416.8304331429194,1406.3754851397352,1.084823661888734
FT-163,0.0,0.0,0.0,1104.3794371121548,1155.4051696982378,1.0,1109.6459198851526,1113.592147725736,1.0,0.0009046667292930086,0.0009003769627168,-3.0435113813315295,-3.0455756255028876,False,1337.3318321701493,1337.4086088050117,1337.2605286062494,0.0385999135719712,1551.0732220065731,1564.003391265867,1553.8833102803744,1548.545409600503,1539.332274119059,1.2550125304137447
FT-224,0.0,0.0,0.0,1065.7368459227166,1100.455378652748,1.0,1120.5971887951428,1112.2666488019977,1.0,0.0009374383230711507,0.0008915856869026513,-3.0280572962199828,-3.0498369120952233,False,1253.32364366104,1253.39641832023,1253.2628428970104,0.0341562439500352,1273.874816816318,1285.89905912226,1276.2559770273813,1271.3717770670623,1263.522872491316,1.183151434417745
FT-231,0.0,0.0,0.0,1042.5955671103536,1037.1321067242782,1.0,1129.1757727988806,1208.8453851449442,1.0,0.0009582256110659162,0.0008848181177371195,-3.0185322256757865,-3.0531459932356957,False,1617.0940780665944,1617.1847382877168,1616.99771246037,0.0467831616732671,1121.0916356070506,1137.366105013117,1123.9482234616291,1118.300088291527,1106.5071899946356,1.4566489118648474
FT-232,0.0,0.0,0.0,1013.021817549967,1020.4473781078033,1.0,1148.1229426611922,1145.0719418777626,1.0,0.0009861720750902127,0.000870228904910865,-3.0060472993164735,-3.06036649558386,False,1151.7625057823254,1151.8278132907371,1151.7003322838043,0.0337363777691751,1245.2407794332655,1258.885828041167,1247.7170349348398,1242.597248836875,1232.0764022275648,1.318578168780149
FT-001,0.9163107816278692,0.0,0.16666666666666666,2225.536943568739,2201.1664383732777,1.0,2230.6234276031787,2233.979171006677,1.0,0.0008606687560981437,0.0008587070551083238,-3.0651639624583633,-3.066154968937744,False,357.1095460532417,357.13001776258693,357.0918708763458,0.0106677196524816,543.8391573306372,563.0215297861308,546.9480172636777,540.0389236227292,528.530310569924,1.6622899874053183
FT-234,0.0,0.0,0.0,1102.7792701514434,1096.9608703600052,1.0,1166.4137126419696,1145.7555912541322,1.0,0.0009059782395286293,0.0008565943582561693,-3.042882233411634,-3.067224790301675,False,1297.3438707330265,1297.41780999526,1297.2834308267838,0.035936390989363,1326.1469761141468,1339.8936870180316,1328.3423882735617,1323.7863328692615,1309.1371917724628,1.0893447788281685
FT-034,0.0,0.0,0.0,1030.2700246106833,1032.4951240224752,1.0,1176.8658110312977,1175.3790295998692,1.0,0.0009696781406766011,0.0008489931455981691,-3.013372394521365,-3.07109581604687,False,924.6284568794596,924.682414112093,924.5817555901798,0.0263176047659261,1071.194488617538,1086.3274333241209,1073.7937312742429,1068.6907211707253,1064.7380309052537,1.2846760771846035
FT-211,0.0,0.0,0.0,1154.3467780636868,1130.224473582634,1.0,1189.7099109985086,1201.8911297773327,1.0,0.0008655409951252545,0.0008398351191697207,-3.0627123575574533,-3.0758059685374235,False,815.8635371185956,815.9097037102256,815.8168325066675,0.0237987236535292,1299.0589008403172,1315.8451273355154,1300.8173377571577,1296.6742952794136,1285.8302638042446,1.1679361461324014
FT-164,0.0,0.0,0.0,1414.7916590414427,1552.3440938453414,1.0,1190.7893535892376,1227.2405228618563,1.0,0.0007063186123564585,0.0008390744530385025,-3.1509993494090303,-3.0761995014964723,False,1344.339916651195,1344.4162181739332,1344.2731293168692,0.0370421980230278,1551.2785241791908,1565.3491908853705,1553.5953896955382,1548.733487286708,1538.2206331599846,1.2805126239551534
FT-208,0.0,0.0,0.0,1101.7275424408358,1141.4963405738965,1.0,1193.3452599235234,1207.6622755627573,1.0,0.0009068423173566036,0.0008372788284553767,-3.0424682219314376,-3.0771298902813173,False,1034.3174542653558,1034.380541985564,1034.2613138443917,0.0295451611052212,1455.555851617301,1469.701675415041,1457.6545435811267,1453.1631563393423,1442.65215174357,1.0732159464279536
FT-175,0.0,0.0,0.0,1152.152451527903,1190.8164846682112,1.0,1217.3623349086358,1206.787178290842,1.0,0.0008671880276324444,0.0008207738957023727,-3.0618867266187153,-3.085776464528427,False,844.0870342319306,844.1323782106103,844.0413754189648,0.024631739029111,962.9974510538884,978.5761512080348,965.591399884148,960.298923399465,948.8306583935764,1.3765320185913352
FT-236,0.0,0.0,0.0,1048.3515380098256,1169.398324177103,1.0,1224.7340220727858,1203.7564287961814,1.0,0.0009529694899924342,0.0008158376792943572,-3.0209210033910923,-3.08839624075497,False,1034.9898999251243,1035.0498484503012,1034.9323592474368,0.030924112226632,1419.3602150227453,1435.8320741768357,1420.919376846407,1417.2551242460954,1405.4176036421077,1.002582734876893
FT-133,0.0,0.0,0.0,1439.6278977590514,1418.983695520321,1.0,1226.7567947667221,1133.8918681608811,1.0,0.0006941417707900395,0.000814493557895563,-3.1585518206346883,-3.0891123463235175,False,1088.3554957275571,1088.4199453175788,1088.2934665530554,0.0305335130841398,1455.6188085752144,1466.7822506003197,1457.4629416105597,1453.362926730289,1444.7626845477362,1.0102804559737495
FT-143,0.0,0.0,0.0,1464.771087251278,1451.1723739256547,1.0,1246.2218978344831,1190.060110710347,0.9873417721518988,0.0006822347696018986,0.0008017819457277589,-3.1660661508602406,-3.0959437272811665,False,1632.5484544078683,1632.6430337023194,1632.4618631254198,0.0461621359007383,1455.1631672982346,1465.2903601828598,1457.14821150355,1452.7942091509242,1445.2795851632454,1.1089243890799865
FT-247,0.0,0.0,0.0,1464.0742295842274,1662.3477050580764,1.0,1258.101592060502,1427.3743416700256,1.0,0.0006825592722928376,0.0007942170880457025,-3.1658596292513135,-3.1000607730715335,False,1210.8237284316058,1210.891724017278,1210.7669821389634,0.0351758775228439,886.0371926968076,894.1140489578265,889.3313556931638,883.5432505380602,881.398349761962,1.3360069536514618
FT-198,0.0,0.0,0.0,1210.7867643846014,1244.354666613915,1.0,1285.9060848763825,1249.086657956405,1.0,0.0008252276963165578,0.0007770574805356196,-3.0834262046499283,-3.1095468543572404,False,1398.406658551712,1398.487095265835,1398.3355869959996,0.0399371078113669,1341.7948458373571,1355.4510447743162,1343.7796393323767,1339.4045540846112,1328.786968608478,1.124417950389659
FT-219,0.0,0.0,0.0,1204.5423319275496,1257.4559610504502,1.0,1296.970553587285,1296.9008317500654,1.0,0.0008295021862907903,0.0007704335026986825,-3.0811824649828696,-3.1132648399530907,False,809.5439415442514,809.5901010781033,809.5004145134822,0.0238060682328357,1120.883361213832,1137.4299807981995,1123.5258483320945,1118.0010013993176,1106.2009100480516,1.407083948317459
FT-063,0.0,0.0,0.0,1224.2201682630816,1333.7013404327217,1.0,1324.1886172983866,1324.2072572749612,1.0,0.0008161798392672867,0.0007546095604402816,-3.088214137084319,-3.122277696855462,False,1149.7527620467906,1149.8187882192658,1149.690158497745,0.032753424332895,1199.627733531914,1211.340092005355,1201.7405156059112,1197.2342172171689,1184.739180146977,1.1315627824245194
FT-182,0.0,0.0,0.0,1234.0606693282587,1283.2637577116645,1.0,1327.501355955399,1273.9970894759913,1.0,0.000809676823846956,0.000752727873040705,-3.0916882917716553,-3.1233620020158837,False,1026.1932694786867,1026.2519200407537,1026.1381214922203,0.0299624324206606,1095.4661545958722,1104.191831524452,1098.1953511608233,1092.7190611696617,1082.1188748820443,1.2733034739127342
FT-081,0.0,0.0,0.0,1235.9663304777628,1267.542526613157,1.0,1330.0556672963955,1375.7298972108297,1.0,0.0008084294417405544,0.000751283379478165,-3.0923578785404207,-3.124196218881209,False,1225.305158770853,1225.3832054372317,1225.241092492524,0.0353997625726626,1299.0897146683544,1313.3628153538991,1301.2456247303928,1296.385905406942,1286.5537450601764,1.2777931470134285
FT-098,0.0,0.0,0.0,1330.0288203057967,1289.162416361153,1.0,1347.544850586393,1340.9854017025928,1.0,0.0007512985329425515,0.0007415400381864689,-3.124187459204401,-3.1298653950145434,False,1234.285360466548,1234.3584080913142,1234.2175489976564,0.0355276090628736,1298.978903962394,1315.1444068651524,1301.099355556177,1296.7371931063972,1285.3820376449771,1.0487614830989662
FT-181,0.0,0.0,0.0,1221.0936373939762,1443.9357280085565,0.9375,1362.0178129441838,1492.6851843725085,0.9493670886075949,0.0008182679046856227,0.0007336661271065504,-3.0871044830305387,-3.1345015315594096,False,1846.2703428802347,1846.3757490022745,1846.1788405008117,0.0534756835928777,1070.925201977295,1084.9925969721205,1073.693689919803,1068.1755747616285,1063.147841652671,1.3700972262640243
FT-196,0.0,0.0,0.0,1255.000236263474,1278.9502982003937,1.0,1369.4886195347206,1326.572912361859,1.0,0.0007961781941816671,0.0007296667668349548,-3.098989721095376,-3.1368754335319977,False,1079.2166019688184,1079.2799026126334,1079.1624727504054,0.0309298310255249,1212.162690219896,1228.1000091217345,1214.808575306565,1209.5278179587426,1198.610527541609,1.2535770652518865
FT-066,0.0,0.0,0.0,1313.9452043548085,1372.036355957886,1.0,1399.0189587235207,1347.1348247653314,1.0,0.0007604879630635714,0.0007142760415985785,-3.1189076555313515,-3.1461339168305664,False,1150.2523051364865,1150.3219915217664,1150.1924882958133,0.0327477740464124,1199.6136168612857,1211.804089112715,1201.579446951864,1197.0687593819969,1184.1168776425466,1.0672118534282304
FT-187,0.0,0.0,0.0,1249.9772435550733,1270.8102461227904,1.0,1404.123453106433,1392.866790736325,1.0,0.0007993750527053258,0.0007116812389610392,-3.097249409542861,-3.1477144827091,False,931.6249044842097,931.6794619563228,931.5717895491504,0.0272151232804482,1117.1180883829777,1133.3014284331186,1119.8573127218217,1114.319571095626,1106.9318692437553,1.3574661876097962
FT-123,0.0,0.0,0.0,1643.2145223507462,1624.4223395393942,1.0,1418.9589619139817,1250.5673418519184,1.0,0.0006081931441465997,0.000704245704856207,-3.215958479746116,-3.1522757930648537,False,1089.0265712685955,1089.0914068180275,1088.971235140457,0.0306282484678529,1455.280496632148,1466.5178693574048,1457.040376031163,1452.9903136270375,1444.6004065151849,1.048298112389065
FT-129,0.0,0.0,0.0,1529.806824541409,1513.1056391490288,1.0,1424.200617044183,1456.222932042611,0.9873417721518988,0.0006532502886506105,0.0007016556041590591,-3.184920389699619,-3.1538760017079044,False,1559.499840726536,1559.591193601963,1559.4186670548086,0.044603153211056,1455.3698325798234,1469.8877197763204,1457.3428571525346,1453.1341868624918,1441.7818338974682,1.0536807743373076
FT-149,0.0,0.0,0.0,1677.2303813752246,1813.4338846084415,1.0,1432.2766127188684,1441.073985211032,1.0,0.0005958657470975772,0.0006977020284333253,-3.2248515789552545,-3.156330014392048,False,1264.301168475248,1264.3726695538803,1264.2328619236057,0.0369738887775996,1498.8110275470938,1512.298849795731,1501.6547552339002,1496.0694294737173,1483.2695644459832,1.3381313997308846
FT-223,0.0,0.0,0.0,1336.0577052730841,1360.2041344732768,1.0,1451.0207353748483,1437.5842824046188,1.0,0.0007479108762891856,0.0006886953992029898,-3.126150151122023,-3.161972818288715,False,1088.2006657983875,1088.2647114412373,1088.1441726877654,0.0308360094818792,1212.1002271969037,1227.8823891553018,1214.4726100783676,1209.566328387379,1197.8670644760136,1.162187290885767
FT-150,0.0,0.0,0.0,1532.540603133753,1554.3972340305581,1.0,1452.830361439174,1472.6577315115255,1.0,0.0006520857667260484,0.0006878381594741776,-3.18569527916656,-3.162513734316039,False,1265.276619401272,1265.3482895517168,1265.213020467754,0.0356112029110038,1499.076621782328,1513.241326649982,1501.4315327110053,1496.6076603409624,1483.3374252319345,1.197063759265388
FT-124,0.0,0.0,0.0,1507.2597927325078,1375.3180088127847,1.0,1462.1810937077898,1415.2930460713085,1.0,0.0006630157515425803,0.0006834424011493609,-3.178476153756971,-3.165298080828511,False,1039.6588042265028,1039.7181822788175,1039.60785831974,0.0282757160242886,1419.321667147817,1435.4509426502711,1421.01773506427,1416.900410268311,1406.3992888204173,1.1388471623303726
FT-178,0.0,0.0,0.0,1360.8780803096256,1408.315604071207,1.0,1463.4764966972964,1492.339000768587,1.0,0.000734280119827355,0.0006828378620313887,-3.134138229883096,-3.165682406105307,False,1455.998949997305,1456.082154844198,1455.926444513204,0.041233206473815,1013.726434598975,1028.9705747968685,1016.3456457697848,1011.168015919862,1000.145713291808,1.295076577039198
FT-222,0.0,0.0,0.0,1325.6717036063073,1352.8382492745054,1.0,1467.2193070039393,1463.1145631768077,1.0,0.0007537659824067162,0.0006810971598245826,-3.1227634662316177,-3.1667909307217714,False,1087.6997012829654,1087.7619304064426,1087.6443678719036,0.03103060333828,1212.1840644998792,1229.1766516010414,1214.6552307545503,1209.398301752987,1197.634043318504,1.289501447076295
FT-016,0.0,0.0,0.0,1490.9994550537526,1388.537227412529,1.0,1467.2870728193764,1477.8169207159535,1.0,0.0006702415316659568,0.0006810657251649158,-3.173768664512527,-3.1668109751663627,False,870.5947196667247,870.6445532838661,870.5511700239324,0.0252234482417843,967.2980513141862,982.65905206854,969.9481957866528,964.4931277655786,954.9833971803866,1.317019050732212
FT-167,0.0,0.0,0.0,1510.4056100065832,1578.5532520499332,1.0,1471.9942995958702,1501.2747732873431,1.0,0.0006616357603672282,0.0006788892531860845,-3.179381029890742,-3.168201066150948,False,1265.77527779671,1265.8486863418618,1265.707657435392,0.0369358244064868,1499.0848223250168,1514.3265804167722,1501.8588201157356,1496.4021384769785,1481.4138917000043,1.312509119610498
FT-194,0.0,0.0,0.0,1353.6654370993724,1410.7087708189047,1.0,1490.218355578404,1497.1344150664154,1.0,0.0007381896463980164,0.0006705926038659352,-3.1318320503673225,-3.17354124082358,False,1106.736189796707,1106.8013071714472,1106.6793317132142,0.0322864849836996,1180.3607794138811,1194.835010057088,1183.154158165373,1177.6877652976746,1167.7071170592574,1.3268503508308518
FT-049,0.0,0.0,0.0,1522.3020678960027,1464.250245738855,1.0,1495.8747306938267,1438.92819967352,1.0,0.0006564686158282502,0.0006680585753067547,-3.182786031643676,-3.175185456959746,False,1097.2225774589213,1097.2878628497194,1097.1653132091003,0.0314364831833364,1176.9292956095635,1192.3969943706786,1179.3552542462571,1174.287214808062,1163.250109913586,1.1924514707526237
FT-000,0.0,0.0,0.0,1524.5693513985927,1507.524169411825,1.0,1520.2090964400466,1527.5853059925896,1.0,0.0006554929797739003,0.0006573718250437846,-3.1834319551741763,-3.182188913716869,False,359.10876783781686,359.1305908171334,359.0901221835452,0.0109547170734129,543.8463735187979,561.2708790330984,546.6978027845545,539.9411557086032,528.714226872086,1.6839009587493627
FT-119,0.0,0.0,0.0,1461.413215491092,1450.0328696986041,1.0,1541.7701287998061,1490.12030019975,1.0,0.0006838012604147527,0.0006481847044691923,-3.1650701030266024,-3.1883012214417343,False,1173.7328914728205,1173.8032504310777,1173.6726629889213,0.0333763897511305,1443.2962636993905,1461.1698659261056,1446.2752528351923,1440.3320215371118,1432.0197194417306,1.3310233171334998
FT-002,0.0,0.0,0.0,1466.5399815071848,1473.2588579889111,1.0,1545.1114211635718,1538.4668377789296,1.0,0.0006814124402750414,0.0006467839162894357,-3.1665899419546903,-3.189240788322834,False,889.6499309783783,889.7022159640214,889.6015469549808,0.0255523760494532,609.0997423566134,627.7172511456954,611.7465009922388,606.4265533909693,596.7890463679698,1.324647395195849
FT-053,0.0,0.0,0.0,1524.2772033612134,1454.2422273497984,1.0,1545.9222911821005,1507.2687705496255,1.0,0.0006556185313701183,0.0006464448833016927,-3.1833487793876243,-3.1894684976951893,False,1097.723992703951,1097.786081052441,1097.6690565594126,0.0319027810183028,1176.67239430599,1190.5241737784906,1178.8370264710347,1174.3201926093266,1163.6889744852956,1.0738120033017726
FT-191,0.0,0.0,0.0,1478.790400013751,1502.5966095200624,1.0,1556.997987590423,1590.4239947540857,1.0,0.0006757713795080084,0.0006418493528008887,-3.17020020555454,-3.1925668923744537,False,996.1601236401428,996.2186492772656,996.110795668755,0.0284715935311538,1136.386402786609,1153.94223276774,1138.371931479331,1134.0748031589246,1126.063989003498,1.108437168086034
FT-029,0.0,0.0,0.0,1413.8118931456133,1541.50014715516,1.0,1576.3136563485332,1697.447400008773,0.9873417721518988,0.0007068077423187729,0.0006339893121289464,-3.150698701910174,-3.1979180634472053,False,1845.2657451181792,1845.3735977845588,1845.168910499205,0.0528826872786653,1070.965956893128,1085.9088605244974,1073.2973908373,1068.1964103160765,1063.1140670776354,1.2396830023498544
FT-052,0.0,0.0,0.0,1452.0044694646954,1518.9469824170646,1.0,1587.1778762350439,1529.449741285318,1.0,0.0006882291286883737,0.0006296523928230342,-3.1622669501967615,-3.200899141882724,False,1069.2070748658969,1069.267262316396,1069.1527914655323,0.0310318689959965,1173.5811959662594,1189.0482915242503,1175.8907247598563,1171.315212620077,1163.561102549235,1.1500091708878202
FT-193,0.0,0.0,0.0,1463.187158065923,1514.1712528176713,1.0,1597.994580114639,1573.7416728208552,1.0,0.0006829727979044168,0.0006253929890921242,-3.1655965934711308,-3.2038469916822607,False,1068.7043278235449,1068.7687486413256,1068.6522719222885,0.0303495491247058,1173.5611587867572,1188.1107673645054,1175.798036250536,1171.238443259308,1163.5870780944826,1.073615958423335
FT-130,0.0,0.0,0.0,1690.3564335303488,1539.8941167962728,1.0,1608.7007876410769,1566.9117195138151,1.0,0.0005912414321283607,0.0006212334662924791,-3.2282351397109363,-3.2067451565579965,False,1040.3294064561312,1040.3900491717618,1040.2756843475045,0.0298022321977683,1419.1001653827748,1433.8092028576395,1421.1078526689091,1416.7725438654402,1405.8145236969008,1.0330371323009613
FT-221,0.0,0.0,0.0,1428.0417919737756,1535.8146031269803,1.0,1628.1225668534369,1681.4212196412327,1.0,0.0006997695977937859,0.0006138273573433131,-3.1550449298114036,-3.21195375963428,False,1005.6756059707232,1005.7351871901508,1005.6206808174506,0.0294205207121462,1156.2008704897985,1172.2008562088015,1158.7916354985457,1153.40959517587,1141.539906588467,1.314394711507909
FT-179,0.0,0.0,0.0,1503.3908726355257,1550.407631759108,1.0,1628.9613210581952,1632.6628294145032,1.0,0.0006647208635666016,0.0006135114907823611,-3.1773606898287645,-3.212177298728928,False,728.4969707230775,728.5374900581327,728.4606010611253,0.0212811240501545,1014.0492700576092,1031.0792793022397,1016.8041164703352,1011.1718983749886,1001.4421236646056,1.3515994807877785
FT-121,0.0,0.0,0.0,1594.7126915775868,1640.2420764114704,1.0,1637.7530177913106,1632.9664120617642,0.9873417721518988,0.0006266792294616389,0.000610220081454243,-3.2029546992360145,-3.2145135044594872,False,1558.995169070793,1559.0819550228848,1558.9198968448936,0.042817280695425,1419.464297181073,1435.8906794118377,1421.563979355039,1417.0187324451276,1406.8921053540569,1.117459420027129
FT-012,0.0,0.0,0.0,1649.2667877752604,1662.3477050580764,1.0,1685.487226865253,1692.3905467474206,1.0,0.0006059626282294083,0.0005929484576404076,-3.2175541594215473,-3.2269830562735486,False,1210.8240555433492,1210.8955600828046,1210.7624399714518,0.0348255069275807,874.6067099501091,886.9375662181682,876.9385692997641,872.1006850718126,862.2934988270636,1.2505477918517685
FT-048,0.0,0.0,0.0,1621.3277249601028,1724.6808470707863,1.0,1691.4868725225535,1685.0074733344973,1.0,0.0006163982681271088,0.0005908465325403428,-3.2101385901740866,-3.228525308841302,False,995.6559728029966,995.70918172837,995.6074428817482,0.0273435726814712,1136.486651444235,1153.569062908047,1138.6681222264142,1133.988936628819,1126.1802677626015,1.1929094187675182
FT-015,0.0,0.0,0.0,1659.047450135412,1729.5676458587275,1.0,1708.2639694258492,1766.0976636658854,1.0,0.0006023924195169415,0.0005850471418618303,-3.220120501918041,-3.2328091379766506,False,1685.172273985871,1685.2705514689096,1685.0893153104369,0.0491659417086484,962.883033571473,978.8590223892908,965.5223748060172,960.160472210801,950.0644366637516,1.3022834918697654
FT-152,0.0,0.0,0.0,1974.5319659039872,1935.6362861666357,1.0,1715.5749488670483,1488.2893588475988,1.0,0.0005061927709898677,0.0005825553965237621,-3.295684061354035,-3.234662770283633,False,1088.69277311038,1088.7531592942134,1088.6355161607228,0.0305833539223234,1455.33623852908,1466.4624174348594,1456.9608822617963,1452.985883470457,1444.6656153752283,1.0657414549985278
FT-184,0.0,0.0,0.0,1611.1087325989288,1616.295880578683,1.0,1728.8440071627454,1701.2725815764325,1.0,0.0006203055537003822,0.0005780868077464277,-3.2073943305057853,-3.238006941346737,False,809.0412002643465,809.0880344897744,808.9996841611195,0.0236203538121697,1121.032321128916,1139.3550392750944,1123.4003501883312,1118.4709922131613,1104.8390810677215,1.311603084577435
FT-096,0.0,0.0,0.0,1763.1303685987662,1745.0351967864394,1.0,1764.4417510043286,1768.0264466824117,1.0,0.0005668515308164506,0.0005664304695587479,-3.246530676187506,-3.24685339302077,False,815.5252605920695,815.5724826653777,815.4837884085781,0.0230239980275139,1299.3577408679637,1319.7332979838072,1301.576686001449,1296.8377586315107,1285.7117818196627,1.124421705883728
FT-023,0.0,0.0,0.0,1768.6488499031534,1813.7834149393975,1.0,1765.02677748713,1769.4357784918316,1.0,0.0005650838583342263,0.0005662428298074249,-3.247887098181658,-3.2469972843076507,False,1373.9225103480585,1374.0029575632857,1373.8540674237456,0.0405870910542427,980.4212867734888,997.417253063569,983.3517791601566,977.5795583957146,968.2150490053244,1.401590404635891
FT-156,0.0,0.0,0.0,1732.6610796448417,1769.0701202807338,1.0,1781.6178278982027,1869.881035490993,0.9873417721518988,0.0005768140103859633,0.000560972735911124,-3.2389641994685565,-3.2510582455728665,False,1560.001369125993,1560.0914572782103,1559.9171022035998,0.0453103280372081,1419.237135066407,1434.9778151004848,1421.147539593874,1416.8768402638188,1406.173628949106,1.0870526004769543
FT-057,0.0,0.0,0.0,1750.840616587273,1792.4425729203763,1.0,1845.0049849261718,1741.9295750759372,1.0,0.0005708281852421488,0.0005417103464864119,-3.2434945912810544,-3.2662328694542517,False,1179.2722036799555,1179.3415370035414,1179.2139907053818,0.0342749572089302,1244.832670568563,1260.2540539156994,1247.2750431006125,1242.2433003120475,1231.9048456991884,1.2191820975445251
FT-003,0.9617734652309612,0.0,0.16666666666666666,3676.3871476726326,3701.451652401385,1.0,3662.649151960913,3628.490842431508,1.0,0.000533469386401848,0.0005354697963316033,-3.272890497885665,-3.2712650209226153,False,355.11192836605056,355.13277183397463,355.093652971269,0.0105076185153148,543.9952686842126,566.9512848143872,547.1645032631232,540.6818824875846,526.9432134831192,1.6090714270597912
FT-203,0.0,0.0,0.0,1680.5062875592694,1788.4100457066343,1.0,1899.6893734520645,1845.0542838052236,1.0,0.0005947048829960157,0.0005261248965599166,-3.2256984955859442,-3.278911146629451,False,1033.9851251097311,1034.0431134347784,1033.93021982602,0.0303773301958856,1419.5994173936797,1436.3402098797728,1421.5891002033584,1417.1693973731028,1406.504333983076,1.2292331845144575
FT-007,0.0,0.0,0.0,1879.438143583619,1946.9414070172575,1.0,1966.5781172310283,1973.3045734098127,1.0,0.0005317909570235923,0.000508239033176126,-3.2742590520141266,-3.2939319838310523,False,1051.7428230998376,1051.8068419482154,1051.6884774309774,0.0298114969532383,753.1931299912063,769.2830906743592,755.954961975586,750.5326793002214,740.815522359763,1.2930408108826212
FT-137,0.0,0.0,0.0,2048.669283254314,1795.9693919295228,1.0,1986.5901475320702,1925.590148067801,1.0,0.000487883585986259,0.0005031218338658346,-3.311683792741404,-3.2983268352846746,False,1039.9948749944976,1040.0556074818528,1039.9401829519206,0.0296340304782202,1419.220544280622,1435.4423992450425,1420.738403699792,1416.9777064725702,1405.3065377539317,1.0235389125370007
FT-089,0.0,0.0,0.0,2032.678384664808,1940.479728517963,1.0,2004.552453040848,2028.630248842623,1.0,0.0004917198351227107,0.0004986157297874635,-3.3082822726726286,-3.3022340249655353,False,1233.2816716646137,1233.3544547572506,1233.2180624334412,0.0354944446073147,1299.4896330327,1318.851755163174,1301.5338470303554,1296.9599185364402,1284.7912920438337,1.2163430138721094
FT-212,0.0,0.0,0.0,1780.0740063048067,1927.5626427024167,1.0,2021.1720356725284,2007.3727710994349,1.0,0.0005614589828721937,0.0004945177672123346,-3.2506819654273373,-3.3058181002980276,False,1034.6524894655838,1034.712526312989,1034.5946546772016,0.0289896148038387,1419.5355960078075,1437.3696770828783,1421.3266819845712,1417.0516013166043,1406.067496310462,1.0710088590038451
FT-106,0.0,0.0,0.0,2500.145921880725,2755.8175622568106,1.0,2060.10467864037,1939.3959046404836,1.0,0.0003998167365013452,0.0004851767163323606,-3.39813903008272,-3.314100049130707,False,1231.808475840107,1231.8816441917318,1231.7485069533702,0.0346626482309744,1298.7819691151412,1313.5432695305844,1301.0484503119612,1296.3875712884785,1285.6570666769262,1.139751591946598
FT-033,0.0,0.0,0.0,1829.7184043410064,1964.3505788682419,1.0,2081.8192407556708,2046.84115179052,1.0,0.0005462336521164567,0.0004801184761655978,-3.2626215475535223,-3.3186515809661183,False,924.6276314779026,924.6807686357288,924.5813200631654,0.0267202128252625,1057.7246344641724,1064.7632179679465,1060.2593047973908,1055.5224966533283,1045.0483313759592,1.245241008611443
FT-093,0.0,0.0,0.0,2081.5751006820055,2028.6333076936762,1.0,2098.945292126125,2108.388277328215,1.0,0.00048017476040720843,0.00047620288192723974,-3.3186006716508243,-3.322207980620954,False,1233.7846794103978,1233.854648992817,1233.7185235688678,0.0352441991492743,1299.2759946740543,1319.445562362675,1301.19133468601,1296.8841705286684,1284.2519822328006,1.1438939901940073
FT-022,0.0,0.0,0.0,1931.4354881676734,1974.8289274444764,1.0,2142.89192603724,2176.9683364958446,1.0,0.0005174816991941063,0.00046644142265529,-3.286105004478875,-3.331202888712585,False,1454.994982263801,1455.078441648726,1454.920198358498,0.0427925433009234,1013.8599853437128,1031.0396689111074,1016.4947372485714,1011.0331473889784,999.7792065798594,1.343328762546636
FT-128,0.0,0.0,0.0,2183.8080818278986,2250.9765622731957,1.0,2240.983609768542,2220.2591659739155,0.9873417721518988,0.00045770610623307453,0.00044603359080900597,-3.339413293634226,-3.350632433320017,False,1559.5001805325464,1559.5898928598965,1559.4213651654734,0.0452821540101573,1419.26972000283,1434.98844392838,1421.1230373671274,1417.110955369115,1406.1567343434988,1.0686491312695778
FT-035,1.1058868377504043,0.0,0.16666666666666666,4211.875180568749,4464.113610305645,1.0,4722.8107311364165,4823.51983375679,1.0,0.0004998692692020617,0.000445802543245374,-3.301143561839544,-3.350857458255329,False,924.1258165788284,924.180160162224,924.0777586734384,0.0272409259607433,1057.66078474932,1064.7259970025725,1060.338482301454,1055.0311780453726,1043.0294036865268,1.2380418932721453
FT-107,0.0,0.0,0.0,2094.548256323321,2313.8026460538595,1.0,2288.0459951910393,2280.361095699243,1.0,0.00047720208636689614,0.0004368632181707393,-3.321297666226236,-3.3596545193049367,False,1397.901805271989,1397.9834075650972,1397.8282910010066,0.0396093255769532,1341.8330587617788,1358.3836253996826,1343.8904369989768,1339.4186134601964,1327.118866212901,1.1558570366518297
FT-055,0.0,0.0,0.0,2115.397088771124,2205.3035836225226,1.0,2319.184162529318,2308.3377344646287,1.0,0.00047250112245270825,0.0004310002697845602,-3.325597155462785,-3.3655224579926113,False,1105.7327676680493,1105.7968689408365,1105.676441948791,0.0323388959277148,1180.3586166880116,1197.1622159404142,1183.040199087054,1177.5454495086724,1165.815387848887,1.3546287736842515
FT-059,0.0,0.0,0.0,2204.6761641712146,2300.4718237163465,1.0,2327.9947783095095,2311.4749611474863,1.0,0.00045337571137771764,0.0004293697904835345,-3.3435417499730202,-3.3671685148318433,False,1223.7919594716086,1223.8635611861732,1223.7311229497138,0.0347144077413259,1257.9046668683316,1269.0074929226648,1259.707712335104,1255.611618909438,1246.198078112655,1.0683033401089197
FT-161,0.0,0.0,0.0,2261.558763434563,2275.4969130748264,1.0,2361.594763048152,2264.630784379613,1.0,0.0004419774708887563,0.00042326344561512054,-3.354599867569596,-3.3733892369669216,False,1255.783773964013,1255.857464327852,1255.718137993478,0.0376269232141806,1499.2176641397284,1516.2742759870457,1501.9539524350391,1496.516673083489,1484.1305376135774,1.3130847980307403
FT-026,0.0,0.0,0.0,2186.174014664266,2248.5729891088713,1.0,2379.8562416629434,2390.788043197115,1.0,0.0004572109915787845,0.00042001695965546224,-3.3398833374967176,-3.3767331730876315,False,727.9951742528884,728.0375875622003,727.9575827820195,0.0214790515447573,1014.168080213055,1032.1152803172229,1016.9923818887036,1011.3062294193828,999.9946789119542,1.3691867366597237
FT-109,0.0,0.0,0.0,2167.6842351855566,2367.6817531662036,1.0,2385.7754150304945,2348.8068321745104,1.0,0.00046110908345974033,0.0004189753228152903,-3.336196322461603,-3.377811555746728,False,1396.899301617407,1396.9803416469035,1396.8265741735293,0.0398332420027345,1341.7972869078426,1357.880144119264,1344.0520152636232,1339.454277055849,1326.836228992628,1.118430322145405
FT-054,0.0,0.0,0.0,2203.0198745656503,2280.901887590543,1.0,2390.9400985896914,2408.174330321824,1.0,0.0004537164167800763,0.0004180706701600131,-3.3432155064117235,-3.3787502994059646,False,1106.2349666883931,1106.2984588554452,1106.1774103781204,0.0320626708743715,1180.403233758563,1196.6204858595336,1183.2722565479864,1177.6164536741317,1165.9355028214,1.351917574115685
FT-166,0.0,0.0,0.0,2406.167023633026,2369.1872348909765,1.0,2414.4030079228264,2382.0237918727944,1.0,0.0004154260963955655,0.00041400958627602676,-3.3815062252669583,-3.3829896027955737,False,1336.829587591733,1336.9071768270933,1336.758166890643,0.0395924658268704,1551.163342823527,1568.0353767641172,1553.9326980453293,1548.4241335389538,1538.6801701207305,1.3142761731910406
FT-027,0.8618677005823497,0.0,0.16666666666666666,4362.503124337215,4459.6867527734885,1.0,4630.398994955113,4416.634384307826,1.0,0.00042669104330368826,0.00040200978205731,-3.369886473345539,-3.395763379149798,False,944.1420067072388,944.1949828507568,944.0933831173212,0.0274536438076089,1013.8565207197244,1035.1988995593508,1016.3542223052108,1011.098491583856,998.5545121068548,1.2940592342849382
FT-117,0.0,0.0,0.0,2195.771428348932,2468.6747867415975,1.0,2505.263229243117,2413.024568207576,1.0,0.00045521349517532115,0.0003990003876416431,-3.3417848714080245,-3.3990266823820616,False,1034.319112072233,1034.3791365004477,1034.2691452052984,0.0295539645166638,1419.481401442064,1437.173489695009,1421.2976504376825,1417.141106790319,1405.209990791653,1.1360127306637906
FT-095,0.0,0.0,0.0,2506.461190989754,2578.6188415447596,1.0,2547.379080017163,2557.2383847807105,1.0,0.0003988097616798115,0.0003924062977291688,-3.399234219989792,-3.406264031243468,False,1296.8385481999308,1296.9145054717983,1296.7740241235522,0.036768193553219,1325.9004245551305,1343.095463462498,1328.046641465988,1323.3579718833523,1306.2086665112035,1.192316158113339
FT-073,0.0,0.0,0.0,2413.939758906413,2474.2832831013093,1.0,2549.0933288341007,2538.3096895686685,1.0,0.00041408900421302535,0.00039214251050850705,-3.3829063016710346,-3.4065560751225594,False,1252.8205095026694,1252.8927190429526,1252.7570309093385,0.0359474530824347,1273.817172792693,1288.2634181766712,1275.9684910424037,1271.3181247571324,1262.248121408315,1.1541148926103488
FT-024,0.0,0.0,0.0,2409.190144825427,2466.292316756343,1.0,2585.8877684174813,2469.751994282204,1.0,0.0004149050240483956,0.00038656489555082094,-3.3820513063055544,-3.4127775873503707,False,944.6434806058312,944.698424554808,944.5961664284048,0.0273795383944055,1013.805438811442,1033.3746827166992,1016.416349113882,1011.063984934316,999.63219974352,1.2871316138365452
FT-056,0.0,0.0,0.0,2542.5988142845426,2560.6073098329716,1.0,2639.3203689380357,2537.2078538133555,1.0,0.00039314375930045307,0.00037874191774773543,-3.40544861386237,-3.4216566261200323,False,1178.2689676482953,1178.3381296315554,1178.209676243099,0.0346187918603327,1244.9133772041282,1263.400026280825,1247.491725418386,1242.276386378739,1231.3467261131775,1.2773380949643511
FT-114,0.0,0.0,0.0,2379.22740320011,2479.7873271359667,1.0,2651.104896086979,2696.9969681091025,1.0,0.0004201279250274761,0.0003770589924536695,-3.376618450853629,-3.4235906972933785,False,1151.256806499619,1151.3231198517683,1151.2053092518372,0.0333565268257377,1245.2813146104488,1261.8825232464346,1247.5078771979656,1242.7542043970964,1230.7061763431725,1.1684670730987647
FT-036,0.0,0.0,0.0,2403.959721174465,2570.8166010365667,1.0,2683.534986649959,2690.2085419210885,1.0,0.0004158073797226212,0.000372503992301439,-3.3811078071056286,-3.4288690683514096,False,924.1258325459404,924.1798853197248,924.080169273414,0.0264606354907274,1071.4321892574976,1092.4735550258451,1073.9285036159004,1068.937950833161,1064.7293012038544,1.2463305407572942
FT-018,0.0,0.0,0.0,2719.6012785888224,2772.583251643039,1.0,2713.042348251479,2765.932062413628,1.0,0.0003675658053497279,0.00036845408865644627,-3.4346648978263934,-3.4336166198412013,False,1372.9191123009864,1372.997683690058,1372.8485441828032,0.0401136096641405,980.422438027575,998.3599555885412,983.254920699392,977.8447214040514,967.5379132700484,1.3146068155169774
FT-154,0.0,0.0,0.0,3116.2051270456295,3458.7214900433178,1.0,2783.60004056718,2770.841444832995,1.0,0.0003208001909543125,0.00035911800094505335,-3.493765381876716,-3.444762825129651,False,1263.7971017854209,1263.8715515041586,1263.7320792002329,0.037321139261873,1498.895810560801,1516.8788947229823,1501.5387958090012,1496.1383324478263,1479.1927665212909,1.3203674931810594
FT-074,0.0,0.0,0.0,2723.07419807351,2797.2392831092966,1.0,2833.38148611946,2724.515786426762,1.0,0.00036709719607021316,0.0003528106590087476,-3.4352189326735796,-3.4524583025686937,False,1178.7694962544108,1178.8389828026638,1178.7095364682805,0.0346786304486905,1244.8608776216845,1262.696978661322,1247.2705609836569,1242.3019230957232,1231.0310019216245,1.2087826948352671
FT-014,0.0,0.0,0.0,2718.919676522759,2885.8815897615436,1.0,2897.6006652186943,2831.448408578469,1.0,0.0003676579160155329,0.00034499405592475837,-3.434556078829045,-3.4621883875392365,False,843.583190546885,843.630050243499,843.5406553510771,0.0244139600441625,963.0868614775412,982.5703484671496,965.7982037305084,960.5184649981504,948.7611850277426,1.2901121418075123
FT-037,0.0,0.0,0.0,2663.60798226518,2747.189032660159,1.0,2909.666258062758,2876.3373183786043,1.0,0.0003752897261644849,0.000343563951115978,-3.425633324558794,-3.463992411350501,False,1025.6898265569414,1025.748006596175,1025.6372240551368,0.0299180645632153,1095.46453629439,1103.265474153602,1098.0912759786563,1092.8921077109414,1081.8746330427098,1.3060567861598344
FT-108,0.0,0.0,0.0,3568.752889089883,3902.3326679096363,1.0,2949.6846659251723,2724.09811831565,1.0,0.0002801314351635562,0.0003389043944776983,-3.552638153753904,-3.469922799752053,False,1230.8065470462725,1230.8777702914354,1230.7478056361565,0.0349307333539019,1298.9114676822571,1315.3311787480875,1301.2326825654698,1296.4986270992797,1285.2202544005015,1.1819301469562054
FT-062,0.0,0.0,0.0,2801.9509681243844,2921.808102702428,1.0,2958.6534797773534,2901.3809197046075,1.0,0.0003567668544231287,0.0003378773923477107,-3.4476155007359317,-3.471240866251468,False,1078.713769906068,1078.77689772975,1078.6606048411224,0.0306502872948344,1212.1759527027516,1230.5396418417658,1214.4559206074891,1209.787676317876,1197.3987579345717,1.2388468855173635
FT-110,0.0,0.0,0.0,2824.110301241298,3078.773036442408,1.0,2972.0036368096294,2987.6183418764317,1.0,0.00035396848029636916,0.00033636016707773474,-3.4510354087166197,-3.473195440468102,False,1397.397689304656,1397.4807202889865,1397.32751164411,0.0396415334606327,1341.878177208506,1358.4040985107413,1343.935126354734,1339.536640575101,1327.251101175941,1.0627275704614252
FT-090,0.0,0.0,0.0,3998.5250136372188,4241.191853969259,1.0,3296.033218616411,3025.7020417162184,1.0,0.0002500296901732807,0.0003033029798891886,-3.6020084172766964,-3.518123322814711,False,1231.3077713436496,1231.380369112572,1231.245613570184,0.0356744176158798,1298.9480323268451,1316.757474099437,1301.0705844761897,1296.563144995367,1284.9935937696846,1.1223607034036005
FT-083,0.0,0.0,0.0,3183.904454987846,3216.0434354334648,1.0,3321.1428139396644,3360.7722481204605,1.0,0.0003139811614863078,0.0003010105392832644,-3.50309640832162,-3.5214182981854454,False,1224.8042649657891,1224.876041896912,1224.7402364071952,0.0346338316722824,1299.2791674223463,1319.7385787963844,1301.3711060851224,1296.826881389742,1284.575736753402,1.191957931979993
FT-017,0.0,0.0,0.0,3279.401444235843,3671.624478163252,1.0,3416.1317077924805,3494.6811600753776,1.0,0.00030484073885443197,0.00029264309529526895,-3.515926994427567,-3.533661718296903,False,1684.17080155624,1684.264407634248,1684.0859451448723,0.0479215646611591,963.0445524548423,982.7533423382316,965.7307566193588,960.5088259175976,948.8170107551284,1.2959592001488849
FT-043,0.0,0.0,0.0,3118.8095264918284,3467.1984837345417,1.0,3548.3534298493914,3775.261590057368,1.0,0.0003205323887591569,0.00028174145510283336,-3.494128079877836,-3.5501492467386884,False,1005.172041771252,1005.2308196005796,1005.1142487241556,0.029859711948434,1156.3855354906916,1177.111414619113,1158.8826604052406,1153.7486667864507,1140.2857042395556,1.3065927903911043
FT-085,1.1594200307478186,0.0,0.16666666666666666,7369.696948499053,7351.899384084358,1.0,7671.207583805171,7768.542801169438,1.0,0.0002929736557935076,0.00028146006311221503,-3.5331714296728136,-3.5505832192866795,False,1224.2975971419808,1224.3676798771355,1224.2360970656302,0.0338887890806766,1299.5622354883926,1326.7008043924968,1301.6533649016435,1297.2715763988908,1284.4157231648746,1.108347628423208
FT-171,0.0,0.0,0.0,4101.889504258449,4206.205681848026,1.0,3588.978393698937,3554.083657936086,1.0,0.00024373066809673654,0.00027855320849707097,-3.613089821052458,-3.5550918347828975,False,1262.7926388390904,1262.8650537775038,1262.7251615197877,0.0354453082579663,1499.0089198979422,1518.4259655164649,1501.8736659668195,1496.264148959211,1479.0215741033132,1.3682078056744542
FT-157,0.0,0.0,0.0,4652.940872544712,4939.733916831134,1.0,4070.875991327187,4011.2658451877815,1.0,0.00021487165982261684,0.00024558704688697067,-3.667820861354948,-3.609794543124774,False,1263.2947685123595,1263.368664598244,1263.2276740087248,0.0374424281621028,1498.9586431862058,1519.8445044172583,1501.829279831422,1496.1558304650562,1479.1106853079289,1.3746438578061395
FT-019,0.0,0.0,0.0,4116.246071318711,4331.816927520531,1.0,4242.876393101306,4347.210124374825,1.0,0.00024288079523984108,0.00023563363005236538,-3.6146068238161133,-3.6277627261775156,False,1683.166364634833,1683.26232662497,1683.0821093374764,0.0492099928764424,963.0453163090324,983.7856538834136,965.6248348152288,960.3374353114888,949.269331655193,1.3454293142813007
FT-168,0.0,0.0,0.0,4360.541664934453,4332.016043405272,1.0,4331.653048170472,4375.237042552626,1.0,0.0002292767275479021,0.00023080546466148843,-3.6396400255599146,-3.6367539128289823,False,1336.3262451050714,1336.405389862383,1336.2566589899025,0.0391003658010661,1551.2877356272045,1571.0304137199175,1553.9989897891342,1548.747391469725,1537.806266046342,1.2870543607151437
FT-140,0.0,0.0,0.0,4226.345298832553,4428.49105480466,1.0,4499.584624724318,4475.231525102351,1.0,0.00023655507873373045,0.0002221933556157173,-3.6260677234033816,-3.653268932175414,False,1223.2883799925703,1223.3621200936468,1223.2287480892585,0.0350061702112344,1257.8617538028573,1269.8666980654696,1259.7405650826165,1255.3353370369402,1245.8577879085085,1.1917479948660925
FT-165,0.0,0.0,0.0,4330.35494209882,4300.575653459818,1.0,4536.387710929152,4386.005286717726,1.0,0.00023087463700572082,0.0002203911289289456,-3.636623774373733,-3.6568058904679117,False,1255.2798171824015,1255.3525416489088,1255.2149199475878,0.036872816699603,1499.3447722912745,1520.15945308811,1501.9008236691704,1496.6776349502495,1481.9525590833746,1.2738417443216894
FT-099,0.0,0.0,0.0,4622.3856251563175,4756.170217272062,1.0,4808.374720012781,4680.101080567319,1.0,0.00021629171370843414,0.00020792723757597796,-3.6649601183770706,-3.682088616228265,False,1296.3371434985418,1296.4131279821509,1296.2692935047885,0.0373652226579875,1325.9803275270754,1346.0861753380832,1328.1422415901347,1323.4768212611054,1305.3386232127343,1.1912823835485984
FT-041,0.0,0.0,0.0,4503.070971084091,4713.139480357815,1.0,4888.526507889115,4854.952348758719,1.0,0.00022202136831767297,0.00020451878078307334,-3.65360522511757,-3.689266804938077,False,1025.1883020825835,1025.2470030177271,1025.1352405717655,0.0297741950913376,1095.323555128769,1102.8408436153272,1098.0563633672148,1092.842493768012,1078.72885869897,1.2868239953887035
FT-087,0.0,0.0,0.0,4648.464899478415,4891.807522412942,1.0,4896.8462586618325,4884.808690725727,1.0,0.0002150785136827642,0.00020417137394451729,-3.66740297341123,-3.6900051486811574,False,1252.3175410114536,1252.3916994957185,1252.2559552498667,0.0353267523705875,1273.902456757388,1292.6649155155296,1276.3561393171406,1271.5576652920972,1261.4287173363452,1.2088674378886384
FT-032,0.0,0.0,0.0,4336.593666881878,4636.835250271601,1.0,4909.149928232876,4851.138349631384,1.0,0.00023054257194147463,0.00020365976897163547,-3.6372488661437643,-3.6910947532248253,False,923.6242483918668,923.6775548079564,923.5784299297836,0.0272164472860657,1071.5163479969956,1096.3162617107012,1074.3064281661898,1068.7524562678664,1064.6716237330195,1.3373505220465651
FT-169,0.0,0.0,0.0,5079.026956656628,5206.888929642353,1.0,5017.406351990132,4921.773810158654,1.0,0.00019684934913379685,0.00019926644632980618,-3.705866016830408,-3.7005658242328723,False,1335.3236370967948,1335.4007747123198,1335.2512011728293,0.0394608635400237,1551.257112257207,1571.1934994113076,1553.9358403162698,1548.4957449461135,1537.5793297060084,1.3274352834805834
FT-039,0.0,0.0,0.0,4616.98225209315,5043.299965212806,1.0,5050.507097218649,4963.957272452021,1.0,0.00021654479064893314,0.0001979607235532933,-3.6644522594965276,-3.703420967496624,False,1024.6867091528734,1024.7462095090473,1024.6320318882358,0.0302468395928712,1095.258554693031,1102.7683739040208,1097.9305754275408,1092.8018718375124,1078.4275768114187,1.280644822824388
FT-030,0.0,0.0,0.0,4808.515277561291,5120.408048360285,1.0,5113.694887193008,4864.77881827507,1.0,0.00020792116092560977,0.0001955150839014777,-3.6821013086216134,-3.7088197313500935,False,943.6407760815548,943.6939445363817,943.5907638447396,0.0278931269507372,1013.782160621757,1034.6732477987937,1016.3046768281488,1011.0867446353868,997.308114574802,1.3509453587603917
FT-070,0.0,0.0,0.0,4812.123898037988,5013.296524971423,1.0,5314.529385824348,5399.268430927147,1.0,0.0002077652728631478,0.00018812801649951128,-3.682427041303715,-3.725546523401805,False,1150.753810446541,1150.8205810906825,1150.695729566452,0.0333514671345906,1245.2881515322938,1263.9656129090667,1247.3943959348544,1242.8015662893758,1229.169060665631,1.1577912518482407
FT-094,0.0,0.0,0.0,6472.473961961428,6259.596186551549,1.0,5367.3312525406845,2954.41260318838,1.0,0.00015447656171571365,0.0001862776257569291,-3.811137405492971,-3.729839306101318,False,1221.278586377492,1221.3500894868318,1221.2143035851589,0.0353492358973952,1303.4817365710865,1321.727132797243,1305.6325974876218,1300.8830375216428,1288.7102018083829,1.2677084949312982
FT-004,0.0,0.0,0.0,5192.6804661605365,5449.178604741477,1.0,5414.811166240645,5422.689074827023,1.0,0.00019254168725155646,0.00018464454710560824,-3.7154752267618933,-3.7336635133415292,False,888.6453654740943,888.696941107057,888.6002022302245,0.0261611624589508,609.2556518766722,632.996441523236,612.0087323125949,606.7788089451603,595.4616877237953,1.2546838991479563
FT-045,0.0,0.0,0.0,4964.597455987662,5247.887943541714,1.0,5585.666936713928,5548.90031176384,1.0,0.0002013856356387026,0.00017899760471280196,-3.6959715098763732,-3.747152780567441,False,923.1220202532094,923.1748329305268,923.0750959305832,0.026666860202454,1071.5859281352352,1095.0634189274017,1074.300955170282,1068.7521554752243,1064.7794972295344,1.329186310317866
FT-103,0.0,0.0,0.0,5605.078776929837,5606.73893252798,1.0,5776.227461774498,5662.892928290889,1.0,0.000178377800204165,0.00017309340970501552,-3.7486591961972873,-3.761719466978627,False,1295.3340005034854,1295.4088685802842,1295.2660151633097,0.0369004205904129,1325.9263584717098,1348.1806891897468,1328.313249836628,1323.3256151193673,1304.770805939381,1.1895624336993404
FT-162,0.0,0.0,0.0,5599.462218843057,5631.525312523547,1.0,5825.575345077884,5622.5929538474775,1.0,0.00017855669066661073,0.00017162740388224277,-3.748223871793525,-3.765413366809919,False,1254.277029107562,1254.349588244185,1254.211046464982,0.0362667749806767,1499.404825285124,1520.6643017478634,1501.897377148848,1496.650283258094,1481.8052038939109,1.2653251053731978
FT-170,0.0,0.0,0.0,5970.165276770475,6129.233150260483,1.0,5923.94781393716,5835.308273401104,1.0,0.00016747149905400934,0.00016877785786529898,-3.776059092249609,-3.772684529497511,False,1335.8228921318928,1335.9020610217854,1335.7547405936011,0.0383352462187882,1551.4213307481,1575.553642272948,1553.910653186191,1548.7607078924857,1537.0798873901392,1.2195413220166411
FT-097,0.0,0.0,0.0,7306.008277116773,7103.815310695292,1.0,6038.969789213254,3434.0537293665184,1.0,0.00013685491545584834,0.00016556374202167268,-3.8637395992987007,-3.7810347663676898,False,1221.7827177901245,1221.8524106055202,1221.7169620344262,0.0354785929041419,1303.3882126599997,1325.25220737901,1305.5225406711747,1300.5926303818032,1288.0357986272763,1.3854620585509168
FT-050,0.0,0.0,0.0,5273.6830605610785,5835.011822224401,1.0,6058.416970500901,6405.98928540827,1.0,0.00018958485060022317,0.0001650323793309334,-3.7221963693375653,-3.782430838906309,False,1004.669623849698,1004.7279192531678,1004.6184698161242,0.0294407585087183,1156.3925786840523,1179.3259458956536,1158.8210746310124,1153.76426801242,1138.7118691983476,1.295796204185867
FT-104,0.0,0.0,0.0,5841.077577943538,6000.835826232627,1.0,6096.12452045963,6058.892424213305,1.0,0.0001711719823398868,0.00016401173973803234,-3.766567319746243,-3.7851250646293138,False,1222.2864765177096,1222.3567526513016,1222.2240203008816,0.0349509373536697,1258.1864030459938,1275.171996525355,1260.155835858117,1255.5775495992905,1245.5816309792672,1.2015301710468655
FT-092,0.0,0.0,0.0,5846.052689965294,6009.490172719747,1.0,6139.739081906299,6164.081490795641,1.0,0.00017102633634825953,0.00016284684736834074,-3.7669370074439326,-3.788220644736727,False,1251.3142498680247,1251.3872814292572,1251.2506210064705,0.0361206867456643,1273.8054275719012,1292.538921522056,1275.9376310450957,1271.4144752449388,1260.8067512512189,1.150720330226371
FT-008,0.0,0.0,0.0,6149.202168356023,6336.595825284498,1.0,6375.7156276581045,6373.854381887308,1.0,0.0001625962810044185,0.00015682054185741655,-3.7888893920613254,-3.8045970498722093,False,1050.739663862885,1050.8005431176773,1050.68609043662,0.0312770967688553,753.4570032840134,778.2359707740052,756.2428605858503,750.7624984432473,739.0393890873064,1.2978240632867015
FT-046,0.0,0.0,0.0,5583.736964527925,6214.375052255997,1.0,6382.624485196641,6665.916881890726,1.0,0.0001790594626661221,0.00015665081840558734,-3.7470027231017267,-3.805067331850887,False,1004.1671268211272,1004.2261217749128,1004.1153691754812,0.0293680548858246,1156.358765017695,1178.0238250061675,1158.835709078045,1153.6774251130128,1138.0932935777616,1.2480085387190163
FT-160,0.0,0.0,0.0,6247.629484689547,6169.981719483993,1.0,6515.763745093475,6365.359169905764,1.0,0.00016003509288720186,0.00015345039947978905,-3.7957847737431973,-3.8140319766251713,False,1254.7781749513174,1254.8523767229926,1254.7118032564333,0.0370579768691196,1499.4061441213764,1520.9206245256487,1501.9742033461912,1496.7452153750164,1480.487733923874,1.258887658077959
FT-100,0.0,0.0,0.0,6324.949652582003,6558.4471406162575,1.0,6700.259944666136,6695.181980274615,1.0,0.00015807903238557067,0.00014922566924089394,-3.801125731099649,-3.8261564647266177,False,1222.7890111601405,1222.8592513192573,1222.7275498290628,0.0358995751017506,1257.9887283196858,1272.9182917572732,1259.965824885959,1255.53693243177,1245.8706452125716,1.2070912617475065
FT-058,0.0,0.0,0.0,6336.19264884365,6562.2427052131825,1.0,6772.955759641879,6789.148873478328,1.0,0.00015779857981474974,0.00014762422954661683,-3.80189690975393,-3.8308423559628557,False,1078.208562682587,1078.2724700812462,1078.1553836436535,0.0307902558921655,1212.3710107648494,1237.6268490501072,1214.7245810620668,1210.068312567409,1196.383045030678,1.193813684743503
FT-113,0.0,0.0,0.0,6569.4645484130915,6630.195410822312,1.0,6819.189554608141,6770.772523547535,1.0,0.00015219624010322398,0.0001466234907392476,-3.8175960763604,-3.8337964452395177,False,1295.8340568472142,1295.9104778358453,1295.768224225936,0.0366780214193528,1325.935889442976,1348.2670237223315,1327.797072671238,1323.3191753625963,1304.2779909769702,1.190702173843557
FT-025,0.0,0.0,0.0,6458.960169777018,6789.190856566095,1.0,6822.890886668406,6603.767396459407,1.0,0.00015479971605374736,0.0001465439610052477,-3.8102298402707215,-3.8340320738897318,False,843.080105891697,843.1277631649815,843.0381621542712,0.0247628776573223,963.2439588234024,988.1751993200248,965.7639074749648,960.7361998439518,947.918078663588,1.3047236827776925
FT-061,0.0,0.0,0.0,6713.818483944544,6969.131259262773,1.0,7030.990523938472,7080.135455807991,1.0,0.00014892435326301797,0.00014220724510304386,-3.827034277244981,-3.847078276826238,False,1251.8151979857469,1251.8899516831436,1251.7537803186049,0.0365543323765068,1273.952845715492,1294.2930943032966,1276.2735285482115,1271.5526707894803,1260.9871710901643,1.1583630305238604
FT-021,1.212012028116517,0.0,0.16666666666666666,15129.81390988583,15421.796781269588,1.0,15754.05753377002,15556.418649142028,1.0,0.00014619253407586238,0.00014040012379359465,-3.8350748058490707,-3.852632509279922,False,842.0756790432796,842.1224037031269,842.033147766642,0.0247411020790879,963.2789284715732,991.4065647125228,965.900100453346,960.78786884497,946.0247929199916,1.2723722014800722
FT-064,0.0,0.0,0.0,7019.659621602379,7202.20970691446,1.0,7723.696154305892,7843.444674481778,1.0,0.00014243675863775352,0.00012945493000945818,-3.8463779179081645,-3.887881405753375,False,1149.7500936653876,1149.8156497776845,1149.6911692399551,0.0334466553795423,1245.272856166862,1264.3367644279238,1247.3079307712103,1242.858343825742,1228.9963999102197,1.170869750896996
FT-067,0.0,0.0,0.0,7489.672904397807,7652.434633830786,1.0,8161.369120356326,8308.786812229004,1.0,0.0001334993548327141,0.00012251344986421604,-3.8745208331253926,-3.9118162306368527,False,1150.251969729645,1150.3180018976263,1150.192989410226,0.0337478169990694,1245.3086840060384,1265.5461034467148,1247.4885199904472,1242.940885817954,1227.8460459555374,1.1741079896181184
FT-031,0.0,0.0,0.0,7579.413047277645,8096.851902415461,1.0,8487.81729879944,8608.196865179645,1.0,0.00013191893288178145,0.0001178020405906755,-3.879692870442891,-3.928847186547266,False,923.62339275087,923.6774627241764,923.5744842259206,0.02721365046968,1057.5964004037503,1064.684185028079,1059.8854968782284,1054.9518501192424,1041.547487894696,1.2154796227379434
FT-044,0.0,0.0,0.0,8629.153049278148,9292.170256861495,1.0,9654.21998539413,9649.89532413465,1.0,0.00011587280020296315,0.00010357091827143694,-3.9360184976697368,-3.9847621732323875,False,923.1212556300736,923.1751342108996,923.074014873022,0.026964574266534,1057.6205174785268,1064.765986981599,1060.2868398891017,1054.9388995609593,1041.2142873846992,1.2744490931735233
FT-020,0.0,0.0,0.0,12358.648357941045,12737.869115100108,1.0,12926.94598904718,12607.326852052149,1.0,8.090845071312262e-05,7.735180831102021e-05,-4.092006114896953,-4.111529529019328,False,842.5773942493681,842.624259465518,842.5350038070779,0.0247858919562459,963.3235892455184,994.1845837268208,966.0232942432688,960.7144273833812,947.501450842558,1.2969596479291814
FT-077,0.0,0.0,0.0,12873.880216558819,13142.324590777574,1.0,13853.700729501708,13766.69517444286,1.0,7.767062552658674e-05,7.217766875834679e-05,-4.109743197206082,-4.141597149177816,False,1077.705946239623,1077.768563445372,1077.6520562041094,0.0312999075267044,1212.451251396288,1244.5920870381033,1214.768238466988,1209.9249993158323,1196.2741310365736,1.2097870013554028
FT-006,0.0,0.0,0.0,15002.78195670832,15530.411748272498,1.0,15564.614763685193,15456.713574401689,1.0,6.664986220710114e-05,6.424416993365496e-05,-4.176200744115951,-4.192166277810293,False,887.6403722304062,887.6915980212889,887.5931182401197,0.0264112827320949,609.3874587233016,637.95713424683,612.0491366757302,606.703800297612,594.2041830964115,1.275730582215387
FT-009,0.0,0.0,0.0,15977.066281070063,16465.635062532936,1.0,16464.159916917935,16683.71322979748,1.0,6.258579620393396e-05,6.0734302311421886e-05,-4.203524218389945,-4.216565953128567,False,1049.7326640547776,1049.793638635969,1049.6793811125096,0.0309025666260832,753.5937523711316,783.2621119572547,756.1852169737052,751.1297724848172,737.9808130369114,1.236248501679714
FT-088,0.0,0.0,0.0,16409.012051906455,16822.515304856737,1.0,16997.968932224805,16966.41931386627,1.0,6.093840740865414e-05,5.882709733672777e-05,-4.215108900009494,-4.230422580165029,False,1223.7937689750972,1223.8660708013226,1223.731097431243,0.0355204882343369,1299.7601011100369,1336.2607719587245,1301.8750860839802,1297.2461217844962,1283.6113158516257,1.136548855459982
FT-080,0.0,0.0,0.0,20513.122644763193,21592.433998120156,1.0,21769.072349152008,21514.67995382338,1.0,4.874690559848428e-05,4.5934619966430756e-05,-4.312052947640445,-4.337859872347722,False,1077.2019763854523,1077.2646319544158,1077.148303148349,0.0310974533514366,1212.614388815364,1250.3539242951745,1214.840334866664,1209.9427795653692,1195.7557470902184,1.2170096262148369
FT-076,0.0,0.0,0.0,20958.550936442414,21936.08551829819,1.0,22316.46429807284,22072.85951675973,1.0,4.7710945861025004e-05,4.480795786850893e-05,-4.321381973544785,-4.348644848692349,False,1076.70024884105,1076.7625959678255,1076.6463274354337,0.0309426276442148,1212.7298144435597,1251.1490926434903,1215.2321951852618,1209.9909453942582,1194.3964262931574,1.275060245925924
FT-010,0.0,0.0,0.0,29386.32026906297,29919.911885509624,1.0,30386.967758133636,30674.9932051327,1.0,3.4028281273836796e-05,3.290776164958712e-05,-4.468159986024348,-4.482701656942723,False,1048.7247997662084,1048.78595409864,1048.6698763776742,0.0308250717841684,753.8246143446223,789.1346398643811,756.4360118983379,751.049813858065,736.9196307140818,1.2868549250467392
FT-142,0.0,0.0,0.0,30210.204891719182,30609.10133181999,1.0,31458.31129806165,31561.53238012965,1.0,3.310030181133549e-05,3.1787091285167914e-05,-4.480168046272619,-4.497749210889767,False,1223.287004668688,1223.356662280608,1223.2239895857,0.0347578187101029,1299.8451740769872,1340.5209657420266,1302.243180167931,1297.343779084556,1283.3566960044554,1.2104519752257064
FT-005,0.0,0.0,0.0,31389.311688309157,32973.28975369956,1.0,32517.401979629492,32070.201370414165,1.0,3.185696306330194e-05,3.0751818635689115e-05,-4.496795628023734,-4.512129195332819,False,886.6324598613013,886.683374655879,886.5806672354295,0.0260289685536768,609.4612894305731,638.0671635917994,612.0676440481267,606.7118780336342,593.3752149084339,1.2871308303822482
FT-105,0.0,0.0,0.0,41415.38659143461,42033.7279151323,1.0,42164.30907630359,41828.84358089583,1.0,2.4145032493172924e-05,2.3716178581553155e-05,-4.617172205811524,-4.6249552881005975,False,1222.2792600253013,1222.3523829534292,1222.2154645351295,0.0356384043734069,1300.11549170832,1340.2901754940272,1302.463122605168,1297.468351311746,1283.18202748018,1.2617595384120577
FT-101,0.0,0.0,0.0,43239.0845382071,44013.196836291245,1.0,44443.59222875214,43902.32342731462,1.0,2.3126689290267142e-05,2.2499925184443003e-05,-4.635886534366401,-4.647818925979196,False,1222.7800653728018,1222.853415898867,1222.7169146828526,0.0354924396049877,1300.021420828775,1340.6451712215658,1302.407113605227,1297.540546705481,1283.5628868551817,1.204843434452595
