feature,detection_rate__all,detection_rate__B,detection_rate__SS,detection_rate__dQC,detection_rate__QC,detection_rate__Dunn,detection_rate__French,detection_rate__LMU,detection_rate__biological,detection_rate__qc_like,detection_rate__blank,mz,mz max,mz min,mz std,rt,rt end,rt max,rt min,rt start,rt std
FT-216,0.9705882352941176,0.6666666666666666,0.0,1.0,1.0,1.0,1.0,1.0,1.0,1.0,0.6666666666666666,1089.030599875195,1089.095919755252,1088.972675063831,0.0313230993416971,1438.9321184551102,1444.1166801452632,1440.781202333408,1436.371538780407,1431.385180950165,1.1684887685804148
FT-215,0.9607843137254902,0.5,0.0,1.0,1.0,1.0,1.0,1.0,1.0,1.0,0.5,1089.0277133500265,1089.0840974617545,1088.9738160692943,0.0318770459075913,1422.7716282760944,1429.112756517201,1425.6933220631165,1419.2835515569586,1415.3012233310244,1.4437953850017748
FT-001,0.9509803921568627,0.16666666666666666,1.0,1.0,1.0,1.0,1.0,1.0,1.0,1.0,0.16666666666666666,357.1095460532417,357.13001776258693,357.0918708763458,0.0106677196524816,543.8391573306372,563.0215297861308,546.9480172636777,540.0389236227292,528.530310569924,1.6622899874053183
FT-003,0.9509803921568627,0.16666666666666666,1.0,1.0,1.0,1.0,1.0,1.0,1.0,1.0,0.16666666666666666,355.11192836605056,355.13277183397463,355.093652971269,0.0105076185153148,543.9952686842126,566.9512848143872,547.1645032631232,540.6818824875846,526.9432134831192,1.6090714270597912
FT-021,0.9509803921568627,0.16666666666666666,1.0,1.0,1.0,1.0,1.0,1.0,1.0,1.0,0.16666666666666666,842.0756790432796,842.1224037031269,842.033147766642,0.0247411020790879,963.2789284715732,991.4065647125228,965.900100453346,960.78786884497,946.0247929199916,1.2723722014800722
FT-035,0.9509803921568627,0.16666666666666666,1.0,1.0,1.0,1.0,1.0,1.0,1.0,1.0,0.16666666666666666,924.1258165788284,924.180160162224,924.0777586734384,0.0272409259607433,1057.66078474932,1064.7259970025725,1060.338482301454,1055.0311780453726,1043.0294036865268,1.2380418932721453
FT-078,0.9509803921568627,0.3333333333333333,0.0,1.0,1.0,1.0,1.0,1.0,1.0,1.0,0.3333333333333333,1077.205728818574,1077.2697492713137,1077.1507175425947,0.0315129711684634,1164.9081193819106,1176.015186999219,1167.311426224721,1162.4987461160683,1152.201798220714,1.193687829900949
FT-079,0.9509803921568627,0.3333333333333333,0.0,1.0,1.0,1.0,1.0,1.0,1.0,1.0,0.3333333333333333,1077.2093617269695,1077.2780627278853,1077.1457095383691,0.033821129808481,1186.4594094558372,1193.3994246262791,1189.5073639083237,1183.6673357354396,1179.0351316011868,1.4609631651882211
FT-135,0.9509803921568627,0.16666666666666666,1.0,1.0,1.0,1.0,1.0,1.0,1.0,1.0,0.16666666666666666,1173.2301124568482,1173.299758045921,1173.174174305768,0.03387592307933,1442.9947789043065,1461.5335927384624,1446.522009722994,1439.6890407160083,1429.7166348575215,1.5507356932126253
FT-176,0.9509803921568627,0.16666666666666666,1.0,1.0,1.0,1.0,1.0,1.0,1.0,1.0,0.16666666666666666,871.0972026876352,871.1464497877009,871.0521433276865,0.0261144448367921,967.075674195556,981.0014984824444,969.5888018377036,964.5575877934904,954.5241061123936,1.1831890005084889
FT-248,0.9509803921568627,0.3333333333333333,0.0,1.0,1.0,1.0,1.0,1.0,1.0,1.0,0.3333333333333333,925.1361960129163,925.1837228035912,925.0919226799238,0.0243451612151024,1057.851741314575,1064.927979546626,1060.4905075149256,1055.485902411153,1046.1234902046797,1.3621188340795582
FT-000,0.9411764705882353,0.0,1.0,1.0,1.0,1.0,1.0,1.0,1.0,1.0,0.0,359.10876783781686,359.1305908171334,359.0901221835452,0.0109547170734129,543.8463735187979,561.2708790330984,546.6978027845545,539.9411557086032,528.714226872086,1.6839009587493627
FT-002,0.9411764705882353,0.0,1.0,1.0,1.0,1.0,1.0,1.0,1.0,1.0,0.0,889.6499309783783,889.7022159640214,889.6015469549808,0.0255523760494532,609.0997423566134,627.7172511456954,611.7465009922388,606.4265533909693,596.7890463679698,1.324647395195849
FT-004,0.9411764705882353,0.0,1.0,1.0,1.0,1.0,1.0,1.0,1.0,1.0,0.0,888.6453654740943,888.696941107057,888.6002022302245,0.0261611624589508,609.2556518766722,632.996441523236,612.0087323125949,606.7788089451603,595.4616877237953,1.2546838991479563
FT-005,0.9411764705882353,0.0,1.0,1.0,1.0,1.0,1.0,1.0,1.0,1.0,0.0,886.6324598613013,886.683374655879,886.5806672354295,0.0260289685536768,609.4612894305731,638.0671635917994,612.0676440481267,606.7118780336342,593.3752149084339,1.2871308303822482
FT-006,0.9411764705882353,0.0,1.0,1.0,1.0,1.0,1.0,1.0,1.0,1.0,0.0,887.6403722304062,887.6915980212889,887.5931182401197,0.0264112827320949,609.3874587233016,637.95713424683,612.0491366757302,606.703800297612,594.2041830964115,1.275730582215387
FT-007,0.9411764705882353,0.0,1.0,1.0,1.0,1.0,1.0,1.0,1.0,1.0,0.0,1051.7428230998376,1051.8068419482154,1051.6884774309774,0.0298114969532383,753.1931299912063,769.2830906743592,755.954961975586,750.5326793002214,740.815522359763,1.2930408108826212
FT-008,0.9411764705882353,0.0,1.0,1.0,1.0,1.0,1.0,1.0,1.0,1.0,0.0,1050.739663862885,1050.8005431176773,1050.68609043662,0.0312770967688553,753.4570032840134,778.2359707740052,756.2428605858503,750.7624984432473,739.0393890873064,1.2978240632867015
FT-009,0.9411764705882353,0.0,1.0,1.0,1.0,1.0,1.0,1.0,1.0,1.0,0.0,1049.7326640547776,1049.793638635969,1049.6793811125096,0.0309025666260832,753.5937523711316,783.2621119572547,756.1852169737052,751.1297724848172,737.9808130369114,1.236248501679714
FT-010,0.9411764705882353,0.0,1.0,1.0,1.0,1.0,1.0,1.0,1.0,1.0,0.0,1048.7247997662084,1048.78595409864,1048.6698763776742,0.0308250717841684,753.8246143446223,789.1346398643811,756.4360118983379,751.049813858065,736.9196307140818,1.2868549250467392
FT-011,0.9411764705882353,0.0,1.0,1.0,1.0,1.0,1.0,1.0,1.0,1.0,0.0,1211.8279152595003,1211.899520416236,1211.762666802262,0.0363039936634745,874.6133425350365,886.9604836740813,876.7821117479145,872.0452383104141,863.3168395873045,1.2291365451074237
FT-012,0.9411764705882353,0.0,1.0,1.0,1.0,1.0,1.0,1.0,1.0,1.0,0.0,1210.8240555433492,1210.8955600828046,1210.7624399714518,0.0348255069275807,874.6067099501091,886.9375662181682,876.9385692997641,872.1006850718126,862.2934988270636,1.2505477918517685
FT-018,0.9411764705882353,0.0,1.0,1.0,1.0,1.0,1.0,1.0,1.0,1.0,0.0,1372.9191123009864,1372.997683690058,1372.8485441828032,0.0401136096641405,980.422438027575,998.3599555885412,983.254920699392,977.8447214040514,967.5379132700484,1.3146068155169774
FT-020,0.9411764705882353,0.0,1.0,1.0,1.0,1.0,1.0,1.0,1.0,1.0,0.0,842.5773942493681,842.624259465518,842.5350038070779,0.0247858919562459,963.3235892455184,994.1845837268208,966.0232942432688,960.7144273833812,947.501450842558,1.2969596479291814
FT-023,0.9411764705882353,0.0,1.0,1.0,1.0,1.0,1.0,1.0,1.0,1.0,0.0,1373.9225103480585,1374.0029575632857,1373.8540674237456,0.0405870910542427,980.4212867734888,997.417253063569,983.3517791601566,977.5795583957146,968.2150490053244,1.401590404635891
FT-025,0.9411764705882353,0.0,1.0,1.0,1.0,1.0,1.0,1.0,1.0,1.0,0.0,843.080105891697,843.1277631649815,843.0381621542712,0.0247628776573223,963.2439588234024,988.1751993200248,965.7639074749648,960.7361998439518,947.918078663588,1.3047236827776925
FT-027,0.9411764705882353,0.16666666666666666,0.0,1.0,1.0,1.0,1.0,1.0,1.0,1.0,0.16666666666666666,944.1420067072388,944.1949828507568,944.0933831173212,0.0274536438076089,1013.8565207197244,1035.1988995593508,1016.3542223052108,1011.098491583856,998.5545121068548,1.2940592342849382
FT-036,0.9411764705882353,0.0,1.0,1.0,1.0,1.0,1.0,1.0,1.0,1.0,0.0,924.1258325459404,924.1798853197248,924.080169273414,0.0264606354907274,1071.4321892574976,1092.4735550258451,1073.9285036159004,1068.937950833161,1064.7293012038544,1.2463305407572942
FT-042,0.9411764705882353,0.16666666666666666,0.0,1.0,1.0,1.0,1.0,1.0,1.0,1.0,0.16666666666666666,1025.1886386302892,1025.247027968808,1025.1370733359656,0.0298006748993319,1107.3546178711229,1123.5890952400546,1110.207654223817,1104.6921888972022,1102.8541050786582,1.4123877129358002
FT-076,0.9411764705882353,0.0,1.0,1.0,1.0,1.0,1.0,1.0,1.0,1.0,0.0,1076.70024884105,1076.7625959678255,1076.6463274354337,0.0309426276442148,1212.7298144435597,1251.1490926434903,1215.2321951852618,1209.9909453942582,1194.3964262931574,1.275060245925924
FT-080,0.9411764705882353,0.0,1.0,1.0,1.0,1.0,1.0,1.0,1.0,1.0,0.0,1077.2019763854523,1077.2646319544158,1077.148303148349,0.0310974533514366,1212.614388815364,1250.3539242951745,1214.840334866664,1209.9427795653692,1195.7557470902184,1.2170096262148369
FT-082,0.9411764705882353,0.16666666666666666,0.0,1.0,1.0,1.0,1.0,1.0,1.0,1.0,0.16666666666666666,815.19145248803,815.2391948284286,815.1516278485828,0.0232383703674765,1299.3902606601064,1316.9471285420052,1301.4809187367064,1296.7242527442668,1285.1505845592858,1.2686655490251988
FT-084,0.9411764705882353,0.0,1.0,1.0,1.0,1.0,1.0,1.0,1.0,1.0,0.0,1224.2978759761004,1224.3667494540175,1224.2365630785655,0.0355838123362433,1257.7376008872648,1268.2375238108073,1259.5745263285503,1255.5683653972703,1246.972209575565,1.100626009489861
FT-085,0.9411764705882353,0.16666666666666666,0.0,1.0,1.0,1.0,1.0,1.0,1.0,1.0,0.16666666666666666,1224.2975971419808,1224.3676798771355,1224.2360970656302,0.0338887890806766,1299.5622354883926,1326.7008043924968,1301.6533649016435,1297.2715763988908,1284.4157231648746,1.108347628423208
FT-088,0.9411764705882353,0.0,1.0,1.0,1.0,1.0,1.0,1.0,1.0,1.0,0.0,1223.7937689750972,1223.8660708013226,1223.731097431243,0.0355204882343369,1299.7601011100369,1336.2607719587245,1301.8750860839802,1297.2461217844962,1283.6113158516257,1.136548855459982
FT-094,0.9411764705882353,0.0,1.0,1.0,1.0,1.0,1.0,1.0,1.0,1.0,0.0,1221.278586377492,1221.3500894868318,1221.2143035851589,0.0353492358973952,1303.4817365710865,1321.727132797243,1305.6325974876218,1300.8830375216428,1288.7102018083829,1.2677084949312982
FT-101,0.9411764705882353,0.0,1.0,1.0,1.0,1.0,1.0,1.0,1.0,1.0,0.0,1222.7800653728018,1222.853415898867,1222.7169146828526,0.0354924396049877,1300.021420828775,1340.6451712215658,1302.407113605227,1297.540546705481,1283.5628868551817,1.204843434452595
FT-105,0.9411764705882353,0.0,1.0,1.0,1.0,1.0,1.0,1.0,1.0,1.0,0.0,1222.2792600253013,1222.3523829534292,1222.2154645351295,0.0356384043734069,1300.11549170832,1340.2901754940272,1302.463122605168,1297.468351311746,1283.18202748018,1.2617595384120577
FT-119,0.9411764705882353,0.0,1.0,1.0,1.0,1.0,1.0,1.0,1.0,1.0,0.0,1173.7328914728205,1173.8032504310777,1173.6726629889213,0.0333763897511305,1443.2962636993905,1461.1698659261056,1446.2752528351923,1440.3320215371118,1432.0197194417306,1.3310233171334998
FT-139,0.9411764705882353,0.0,1.0,1.0,1.0,1.0,1.0,1.0,1.0,1.0,0.0,1174.234578749382,1174.3047758750722,1174.1691741712189,0.0367706332183141,1443.187753176186,1459.7429939552608,1445.8934686334949,1440.3935207486345,1432.0249712908712,1.2691559803045909
FT-141,0.9411764705882353,0.16666666666666666,0.0,1.0,1.0,1.0,1.0,1.0,1.0,1.0,0.16666666666666666,1223.2951510470548,1223.3681626700757,1223.2234845613689,0.0370316368547799,1273.6834926002612,1281.6057439004244,1276.2935617830008,1270.7086517721582,1268.6967123708414,1.306203097319729
FT-142,0.9411764705882353,0.0,1.0,1.0,1.0,1.0,1.0,1.0,1.0,1.0,0.0,1223.287004668688,1223.356662280608,1223.2239895857,0.0347578187101029,1299.8451740769872,1340.5209657420266,1302.243180167931,1297.343779084556,1283.3566960044554,1.2104519752257064
FT-149,0.9411764705882353,0.0,1.0,1.0,1.0,1.0,1.0,1.0,1.0,1.0,0.0,1264.301168475248,1264.3726695538803,1264.2328619236057,0.0369738887775996,1498.8110275470938,1512.298849795731,1501.6547552339002,1496.0694294737173,1483.2695644459832,1.3381313997308846
FT-150,0.9411764705882353,0.0,1.0,1.0,1.0,1.0,1.0,1.0,1.0,1.0,0.0,1265.276619401272,1265.3482895517168,1265.213020467754,0.0356112029110038,1499.076621782328,1513.241326649982,1501.4315327110053,1496.6076603409624,1483.3374252319345,1.197063759265388
FT-154,0.9411764705882353,0.0,1.0,1.0,1.0,1.0,1.0,1.0,1.0,1.0,0.0,1263.7971017854209,1263.8715515041586,1263.7320792002329,0.037321139261873,1498.895810560801,1516.8788947229823,1501.5387958090012,1496.1383324478263,1479.1927665212909,1.3203674931810594
FT-155,0.9411764705882353,0.0,1.0,1.0,1.0,1.0,1.0,1.0,1.0,1.0,0.0,1266.2831822007336,1266.3496637437588,1266.2194012278928,0.0351803559518064,1499.1248349190344,1514.2912847345538,1501.8993996529623,1496.2190622803143,1483.236571225258,1.3516557316872444
FT-157,0.9411764705882353,0.0,1.0,1.0,1.0,1.0,1.0,1.0,1.0,1.0,0.0,1263.2947685123595,1263.368664598244,1263.2276740087248,0.0374424281621028,1498.9586431862058,1519.8445044172583,1501.829279831422,1496.1558304650562,1479.1106853079289,1.3746438578061395
FT-158,0.9411764705882353,0.0,1.0,1.0,1.0,1.0,1.0,1.0,1.0,1.0,0.0,1256.286883804324,1256.3617691443733,1256.218970839692,0.0384284633284264,1499.1705919535325,1512.5175795444216,1501.7481985790696,1496.5087130770617,1486.488871019942,1.2082867332128768
FT-159,0.9411764705882353,0.0,1.0,1.0,1.0,1.0,1.0,1.0,1.0,1.0,0.0,1343.8406591266526,1343.9145274628254,1343.7677461186618,0.0377960318667136,1551.4018781172863,1565.4921889631703,1553.8324037844404,1548.6513125167294,1538.0750452329032,1.2893645633100164
FT-160,0.9411764705882353,0.0,1.0,1.0,1.0,1.0,1.0,1.0,1.0,1.0,0.0,1254.7781749513174,1254.8523767229926,1254.7118032564333,0.0370579768691196,1499.4061441213764,1520.9206245256487,1501.9742033461912,1496.7452153750164,1480.487733923874,1.258887658077959
FT-161,0.9411764705882353,0.0,1.0,1.0,1.0,1.0,1.0,1.0,1.0,1.0,0.0,1255.783773964013,1255.857464327852,1255.718137993478,0.0376269232141806,1499.2176641397284,1516.2742759870457,1501.9539524350391,1496.516673083489,1484.1305376135774,1.3130847980307403
FT-162,0.9411764705882353,0.0,1.0,1.0,1.0,1.0,1.0,1.0,1.0,1.0,0.0,1254.277029107562,1254.349588244185,1254.211046464982,0.0362667749806767,1499.404825285124,1520.6643017478634,1501.897377148848,1496.650283258094,1481.8052038939109,1.2653251053731978
FT-163,0.9411764705882353,0.0,1.0,1.0,1.0,1.0,1.0,1.0,1.0,1.0,0.0,1337.3318321701493,1337.4086088050117,1337.2605286062494,0.0385999135719712,1551.0732220065731,1564.003391265867,1553.8833102803744,1548.545409600503,1539.332274119059,1.2550125304137447
FT-164,0.9411764705882353,0.0,1.0,1.0,1.0,1.0,1.0,1.0,1.0,1.0,0.0,1344.339916651195,1344.4162181739332,1344.2731293168692,0.0370421980230278,1551.2785241791908,1565.3491908853705,1553.5953896955382,1548.733487286708,1538.2206331599846,1.2805126239551534
FT-165,0.9411764705882353,0.0,1.0,1.0,1.0,1.0,1.0,1.0,1.0,1.0,0.0,1255.2798171824015,1255.3525416489088,1255.2149199475878,0.036872816699603,1499.3447722912745,1520.15945308811,1501.9008236691704,1496.6776349502495,1481.9525590833746,1.2738417443216894
FT-166,0.9411764705882353,0.0,1.0,1.0,1.0,1.0,1.0,1.0,1.0,1.0,0.0,1336.829587591733,1336.9071768270933,1336.758166890643,0.0395924658268704,1551.163342823527,1568.0353767641172,1553.9326980453293,1548.4241335389538,1538.6801701207305,1.3142761731910406
FT-167,0.9411764705882353,0.0,1.0,1.0,1.0,1.0,1.0,1.0,1.0,1.0,0.0,1265.77527779671,1265.8486863418618,1265.707657435392,0.0369358244064868,1499.0848223250168,1514.3265804167722,1501.8588201157356,1496.4021384769785,1481.4138917000043,1.312509119610498
FT-168,0.9411764705882353,0.0,1.0,1.0,1.0,1.0,1.0,1.0,1.0,1.0,0.0,1336.3262451050714,1336.405389862383,1336.2566589899025,0.0391003658010661,1551.2877356272045,1571.0304137199175,1553.9989897891342,1548.747391469725,1537.806266046342,1.2870543607151437
FT-169,0.9411764705882353,0.0,1.0,1.0,1.0,1.0,1.0,1.0,1.0,1.0,0.0,1335.3236370967948,1335.4007747123198,1335.2512011728293,0.0394608635400237,1551.257112257207,1571.1934994113076,1553.9358403162698,1548.4957449461135,1537.5793297060084,1.3274352834805834
FT-170,0.9411764705882353,0.0,1.0,1.0,1.0,1.0,1.0,1.0,1.0,1.0,0.0,1335.8228921318928,1335.9020610217854,1335.7547405936011,0.0383352462187882,1551.4213307481,1575.553642272948,1553.910653186191,1548.7607078924857,1537.0798873901392,1.2195413220166411
FT-171,0.9411764705882353,0.0,1.0,1.0,1.0,1.0,1.0,1.0,1.0,1.0,0.0,1262.7926388390904,1262.8650537775038,1262.7251615197877,0.0354453082579663,1499.0089198979422,1518.4259655164649,1501.8736659668195,1496.264148959211,1479.0215741033132,1.3682078056744542
FT-177,0.9411764705882353,0.0,1.0,1.0,1.0,1.0,1.0,1.0,1.0,1.0,0.0,1372.9222666552944,1373.0044393277417,1372.8475550406097,0.0419239569538517,1005.5678939773716,1014.2933441162128,1009.3238316986228,1001.3395867388192,999.7053329467792,2.0632318308477204
FT-189,0.9411764705882353,0.16666666666666666,0.0,1.0,1.0,1.0,1.0,1.0,1.0,1.0,0.16666666666666666,931.123020951668,931.1758625779664,931.0750071035604,0.0263774599815897,1117.150900959169,1132.9164165454893,1119.9402594800786,1114.513782416522,1107.106961260784,1.384524676638368
FT-202,0.9411764705882353,0.16666666666666666,0.0,1.0,1.0,1.0,1.0,1.0,1.0,1.0,0.16666666666666666,1033.9870057402484,1034.0472286109705,1033.928817254043,0.0317203756271548,1386.1519996372765,1394.7988818241977,1389.2728290402838,1383.1683020518017,1377.1626443129362,1.4789205614544831
FT-204,0.9411764705882353,0.0,1.0,1.0,1.0,1.0,1.0,1.0,1.0,1.0,0.0,1033.9838278235356,1034.042914112964,1033.928607670589,0.0297239387994302,1455.7532616121457,1468.3237969120837,1457.4093418500188,1453.3497847415665,1443.3293499524104,0.98773463920309
FT-218,0.9411764705882353,0.16666666666666666,0.0,1.0,1.0,1.0,1.0,1.0,1.0,1.0,0.16666666666666666,945.1499525476456,945.200369387312,945.0988671251616,0.0260107210777758,1013.699714864276,1026.8376972364338,1016.5529087025468,1010.9159672784848,999.9756356944216,1.416637105738516
FT-225,0.9411764705882353,0.0,1.0,1.0,1.0,1.0,1.0,1.0,1.0,1.0,0.0,1077.7143327045933,1077.774000301872,1077.655267159494,0.0311261598865204,1186.9637374633428,1193.886183441663,1190.5084643354585,1183.6865880769894,1179.1995339315472,1.6444793093376109
FT-231,0.9411764705882353,0.0,1.0,1.0,1.0,1.0,1.0,1.0,1.0,1.0,0.0,1617.0940780665944,1617.1847382877168,1616.99771246037,0.0467831616732671,1121.0916356070506,1137.366105013117,1123.9482234616291,1118.300088291527,1106.5071899946356,1.4566489118648474
FT-235,0.9411764705882353,0.16666666666666666,0.0,1.0,1.0,1.0,1.0,1.0,1.0,1.0,0.16666666666666666,1034.9871234609543,1035.0479195722205,1034.9301733190198,0.0307738226139136,1385.9991044260155,1394.4329527557886,1388.520781427043,1383.2604731417296,1376.6256570034318,1.282938054828365
FT-247,0.9411764705882353,0.0,1.0,1.0,1.0,1.0,1.0,1.0,1.0,1.0,0.0,1210.8237284316058,1210.891724017278,1210.7669821389634,0.0351758775228439,886.0371926968076,894.1140489578265,889.3313556931638,883.5432505380602,881.398349761962,1.3360069536514618
FT-014,0.9313725490196079,0.0,0.0,1.0,1.0,1.0,1.0,1.0,1.0,1.0,0.0,843.583190546885,843.630050243499,843.5406553510771,0.0244139600441625,963.0868614775412,982.5703484671496,965.7982037305084,960.5184649981504,948.7611850277426,1.2901121418075123
FT-015,0.9313725490196079,0.0,0.0,1.0,1.0,1.0,1.0,1.0,1.0,1.0,0.0,1685.172273985871,1685.2705514689096,1685.0893153104369,0.0491659417086484,962.883033571473,978.8590223892908,965.5223748060172,960.160472210801,950.0644366637516,1.3022834918697654
FT-016,0.9313725490196079,0.0,0.0,1.0,1.0,1.0,1.0,1.0,1.0,1.0,0.0,870.5947196667247,870.6445532838661,870.5511700239324,0.0252234482417843,967.2980513141862,982.65905206854,969.9481957866528,964.4931277655786,954.9833971803866,1.317019050732212
FT-017,0.9313725490196079,0.0,0.0,1.0,1.0,1.0,1.0,1.0,1.0,1.0,0.0,1684.17080155624,1684.264407634248,1684.0859451448723,0.0479215646611591,963.0445524548423,982.7533423382316,965.7307566193588,960.5088259175976,948.8170107551284,1.2959592001488849
FT-019,0.9313725490196079,0.0,0.0,1.0,1.0,1.0,1.0,1.0,1.0,1.0,0.0,1683.166364634833,1683.26232662497,1683.0821093374764,0.0492099928764424,963.0453163090324,983.7856538834136,965.6248348152288,960.3374353114888,949.269331655193,1.3454293142813007
FT-022,0.9313725490196079,0.0,0.0,1.0,1.0,1.0,1.0,1.0,1.0,1.0,0.0,1454.994982263801,1455.078441648726,1454.920198358498,0.0427925433009234,1013.8599853437128,1031.0396689111074,1016.4947372485714,1011.0331473889784,999.7792065798594,1.343328762546636
FT-024,0.9313725490196079,0.0,0.0,1.0,1.0,1.0,1.0,1.0,1.0,1.0,0.0,944.6434806058312,944.698424554808,944.5961664284048,0.0273795383944055,1013.805438811442,1033.3746827166992,1016.416349113882,1011.063984934316,999.63219974352,1.2871316138365452
FT-026,0.9313725490196079,0.0,0.0,1.0,1.0,1.0,1.0,1.0,1.0,1.0,0.0,727.9951742528884,728.0375875622003,727.9575827820195,0.0214790515447573,1014.168080213055,1032.1152803172229,1016.9923818887036,1011.3062294193828,999.9946789119542,1.3691867366597237
FT-030,0.9313725490196079,0.0,0.0,1.0,1.0,1.0,1.0,1.0,1.0,1.0,0.0,943.6407760815548,943.6939445363817,943.5907638447396,0.0278931269507372,1013.782160621757,1034.6732477987937,1016.3046768281488,1011.0867446353868,997.308114574802,1.3509453587603917
FT-031,0.9313725490196079,0.0,0.0,1.0,1.0,1.0,1.0,1.0,1.0,1.0,0.0,923.62339275087,923.6774627241764,923.5744842259206,0.02721365046968,1057.5964004037503,1064.684185028079,1059.8854968782284,1054.9518501192424,1041.547487894696,1.2154796227379434
FT-032,0.9313725490196079,0.0,0.0,1.0,1.0,1.0,1.0,1.0,1.0,1.0,0.0,923.6242483918668,923.6775548079564,923.5784299297836,0.0272164472860657,1071.5163479969956,1096.3162617107012,1074.3064281661898,1068.7524562678664,1064.6716237330195,1.3373505220465651
FT-033,0.9313725490196079,0.0,0.0,1.0,1.0,1.0,1.0,1.0,1.0,1.0,0.0,924.6276314779026,924.6807686357288,924.5813200631654,0.0267202128252625,1057.7246344641724,1064.7632179679465,1060.2593047973908,1055.5224966533283,1045.0483313759592,1.245241008611443
FT-034,0.9313725490196079,0.0,0.0,1.0,1.0,1.0,1.0,1.0,1.0,1.0,0.0,924.6284568794596,924.682414112093,924.5817555901798,0.0263176047659261,1071.194488617538,1086.3274333241209,1073.7937312742429,1068.6907211707253,1064.7380309052537,1.2846760771846035
FT-037,0.9313725490196079,0.0,0.0,1.0,1.0,1.0,1.0,1.0,1.0,1.0,0.0,1025.6898265569414,1025.748006596175,1025.6372240551368,0.0299180645632153,1095.46453629439,1103.265474153602,1098.0912759786563,1092.8921077109414,1081.8746330427098,1.3060567861598344
FT-038,0.9313725490196079,0.0,0.0,1.0,1.0,1.0,1.0,1.0,1.0,1.0,0.0,1025.690862799387,1025.7477618544551,1025.6366460844254,0.030538553488754,1107.23462155222,1121.1202767189984,1109.9813621005935,1104.387069581245,1102.96307424481,1.4209852699776997
FT-039,0.9313725490196079,0.0,0.0,1.0,1.0,1.0,1.0,1.0,1.0,1.0,0.0,1024.6867091528734,1024.7462095090473,1024.6320318882358,0.0302468395928712,1095.258554693031,1102.7683739040208,1097.9305754275408,1092.8018718375124,1078.4275768114187,1.280644822824388
FT-040,0.9313725490196079,0.0,0.0,1.0,1.0,1.0,1.0,1.0,1.0,1.0,0.0,1024.6859401518484,1024.745883352035,1024.635571164931,0.0299810881909713,1107.6170160866384,1125.2454211495194,1110.1572639572094,1104.5491052697555,1102.7951743386006,1.4042236421118546
FT-041,0.9313725490196079,0.0,0.0,1.0,1.0,1.0,1.0,1.0,1.0,1.0,0.0,1025.1883020825835,1025.2470030177271,1025.1352405717655,0.0297741950913376,1095.323555128769,1102.8408436153272,1098.0563633672148,1092.842493768012,1078.72885869897,1.2868239953887035
FT-043,0.9313725490196079,0.0,0.0,1.0,1.0,1.0,1.0,1.0,1.0,1.0,0.0,1005.172041771252,1005.2308196005796,1005.1142487241556,0.029859711948434,1156.3855354906916,1177.111414619113,1158.8826604052406,1153.7486667864507,1140.2857042395556,1.3065927903911043
FT-044,0.9313725490196079,0.0,0.0,1.0,1.0,1.0,1.0,1.0,1.0,1.0,0.0,923.1212556300736,923.1751342108996,923.074014873022,0.026964574266534,1057.6205174785268,1064.765986981599,1060.2868398891017,1054.9388995609593,1041.2142873846992,1.2744490931735233
FT-045,0.9313725490196079,0.0,0.0,1.0,1.0,1.0,1.0,1.0,1.0,1.0,0.0,923.1220202532094,923.1748329305268,923.0750959305832,0.026666860202454,1071.5859281352352,1095.0634189274017,1074.300955170282,1068.7521554752243,1064.7794972295344,1.329186310317866
FT-046,0.9313725490196079,0.0,0.0,1.0,1.0,1.0,1.0,1.0,1.0,1.0,0.0,1004.1671268211272,1004.2261217749128,1004.1153691754812,0.0293680548858246,1156.358765017695,1178.0238250061675,1158.835709078045,1153.6774251130128,1138.0932935777616,1.2480085387190163
FT-047,0.9313725490196079,0.0,0.0,1.0,1.0,1.0,1.0,1.0,1.0,1.0,0.0,995.65692637966,995.7086397617136,995.610460153178,0.0270949224828062,1120.1782129636545,1126.083653767903,1122.388534209544,1117.8975231103082,1111.092205754033,1.1569512021216075
FT-048,0.9313725490196079,0.0,0.0,1.0,1.0,1.0,1.0,1.0,1.0,1.0,0.0,995.6559728029966,995.70918172837,995.6074428817482,0.0273435726814712,1136.486651444235,1153.569062908047,1138.6681222264142,1133.988936628819,1126.1802677626015,1.1929094187675182
FT-049,0.9313725490196079,0.0,0.0,1.0,1.0,1.0,1.0,1.0,1.0,1.0,0.0,1097.2225774589213,1097.2878628497194,1097.1653132091003,0.0314364831833364,1176.9292956095635,1192.3969943706786,1179.3552542462571,1174.287214808062,1163.250109913586,1.1924514707526237
FT-050,0.9313725490196079,0.0,0.0,1.0,1.0,1.0,1.0,1.0,1.0,1.0,0.0,1004.669623849698,1004.7279192531678,1004.6184698161242,0.0294407585087183,1156.3925786840523,1179.3259458956536,1158.8210746310124,1153.76426801242,1138.7118691983476,1.295796204185867
FT-051,0.9313725490196079,0.0,0.0,1.0,1.0,1.0,1.0,1.0,1.0,1.0,0.0,1069.2050570468462,1069.267470109953,1069.1500824304103,0.0309242309640597,1157.7638325982018,1163.3854165077216,1160.088364981479,1155.2213391757566,1149.20816373825,1.1956236333629695
FT-052,0.9313725490196079,0.0,0.0,1.0,1.0,1.0,1.0,1.0,1.0,1.0,0.0,1069.2070748658969,1069.267262316396,1069.1527914655323,0.0310318689959965,1173.5811959662594,1189.0482915242503,1175.8907247598563,1171.315212620077,1163.561102549235,1.1500091708878202
FT-053,0.9313725490196079,0.0,0.0,1.0,1.0,1.0,1.0,1.0,1.0,1.0,0.0,1097.723992703951,1097.786081052441,1097.6690565594126,0.0319027810183028,1176.67239430599,1190.5241737784906,1178.8370264710347,1174.3201926093266,1163.6889744852956,1.0738120033017726
FT-054,0.9313725490196079,0.0,0.0,1.0,1.0,1.0,1.0,1.0,1.0,1.0,0.0,1106.2349666883931,1106.2984588554452,1106.1774103781204,0.0320626708743715,1180.403233758563,1196.6204858595336,1183.2722565479864,1177.6164536741317,1165.9355028214,1.351917574115685
FT-055,0.9313725490196079,0.0,0.0,1.0,1.0,1.0,1.0,1.0,1.0,1.0,0.0,1105.7327676680493,1105.7968689408365,1105.676441948791,0.0323388959277148,1180.3586166880116,1197.1622159404142,1183.040199087054,1177.5454495086724,1165.815387848887,1.3546287736842515
FT-056,0.9313725490196079,0.0,0.0,1.0,1.0,1.0,1.0,1.0,1.0,1.0,0.0,1178.2689676482953,1178.3381296315554,1178.209676243099,0.0346187918603327,1244.9133772041282,1263.400026280825,1247.491725418386,1242.276386378739,1231.3467261131775,1.2773380949643511
FT-057,0.9313725490196079,0.0,0.0,1.0,1.0,1.0,1.0,1.0,1.0,1.0,0.0,1179.2722036799555,1179.3415370035414,1179.2139907053818,0.0342749572089302,1244.832670568563,1260.2540539156994,1247.2750431006125,1242.2433003120475,1231.9048456991884,1.2191820975445251
FT-058,0.9313725490196079,0.0,0.0,1.0,1.0,1.0,1.0,1.0,1.0,1.0,0.0,1078.208562682587,1078.2724700812462,1078.1553836436535,0.0307902558921655,1212.3710107648494,1237.6268490501072,1214.7245810620668,1210.068312567409,1196.383045030678,1.193813684743503
FT-059,0.9313725490196079,0.0,0.0,1.0,1.0,1.0,1.0,1.0,1.0,1.0,0.0,1223.7919594716086,1223.8635611861732,1223.7311229497138,0.0347144077413259,1257.9046668683316,1269.0074929226648,1259.707712335104,1255.611618909438,1246.198078112655,1.0683033401089197
FT-060,0.9313725490196079,0.0,0.0,1.0,1.0,1.0,1.0,1.0,1.0,1.0,0.0,1251.815294797806,1251.8928041654049,1251.7555207167077,0.038755507110193,1252.0156980757831,1259.4881563062756,1254.194200130937,1249.5033644892535,1243.0116841700158,1.2070818965472034
FT-061,0.9313725490196079,0.0,0.0,1.0,1.0,1.0,1.0,1.0,1.0,1.0,0.0,1251.8151979857469,1251.8899516831436,1251.7537803186049,0.0365543323765068,1273.952845715492,1294.2930943032966,1276.2735285482115,1271.5526707894803,1260.9871710901643,1.1583630305238604
FT-062,0.9313725490196079,0.0,0.0,1.0,1.0,1.0,1.0,1.0,1.0,1.0,0.0,1078.713769906068,1078.77689772975,1078.6606048411224,0.0306502872948344,1212.1759527027516,1230.5396418417658,1214.4559206074891,1209.787676317876,1197.3987579345717,1.2388468855173635
FT-063,0.9313725490196079,0.0,0.0,1.0,1.0,1.0,1.0,1.0,1.0,1.0,0.0,1149.7527620467906,1149.8187882192658,1149.690158497745,0.032753424332895,1199.627733531914,1211.340092005355,1201.7405156059112,1197.2342172171689,1184.739180146977,1.1315627824245194
FT-064,0.9313725490196079,0.0,0.0,1.0,1.0,1.0,1.0,1.0,1.0,1.0,0.0,1149.7500936653876,1149.8156497776845,1149.6911692399551,0.0334466553795423,1245.272856166862,1264.3367644279238,1247.3079307712103,1242.858343825742,1228.9963999102197,1.170869750896996
FT-065,0.9313725490196079,0.0,0.0,1.0,1.0,1.0,1.0,1.0,1.0,1.0,0.0,1149.7477835102598,1149.8144632764945,1149.685681984192,0.0325078453702678,1279.935188473766,1290.790366661261,1282.5930344589017,1277.339259704826,1271.8166430403594,1.2261011409371214
FT-066,0.9313725490196079,0.0,0.0,1.0,1.0,1.0,1.0,1.0,1.0,1.0,0.0,1150.2523051364865,1150.3219915217664,1150.1924882958133,0.0327477740464124,1199.6136168612857,1211.804089112715,1201.579446951864,1197.0687593819969,1184.1168776425466,1.0672118534282304
FT-067,0.9313725490196079,0.0,0.0,1.0,1.0,1.0,1.0,1.0,1.0,1.0,0.0,1150.251969729645,1150.3180018976263,1150.192989410226,0.0337478169990694,1245.3086840060384,1265.5461034467148,1247.4885199904472,1242.940885817954,1227.8460459555374,1.1741079896181184
FT-068,0.9313725490196079,0.0,0.0,1.0,1.0,1.0,1.0,1.0,1.0,1.0,0.0,1150.2524730526775,1150.3175604084613,1150.188700028146,0.0330723340888498,1279.7884240559065,1291.1614973466476,1282.297445204404,1277.0675088026385,1271.432436429538,1.252126286661389
FT-069,0.9313725490196079,0.0,0.0,1.0,1.0,1.0,1.0,1.0,1.0,1.0,0.0,1150.7568385346326,1150.8215253510546,1150.6976302094158,0.0348052353991313,1199.4452906242605,1210.6137862572284,1201.2154408063195,1197.1823084180112,1184.9031991225047,1.0329515176038833
FT-070,0.9313725490196079,0.0,0.0,1.0,1.0,1.0,1.0,1.0,1.0,1.0,0.0,1150.753810446541,1150.8205810906825,1150.695729566452,0.0333514671345906,1245.2881515322938,1263.9656129090667,1247.3943959348544,1242.8015662893758,1229.169060665631,1.1577912518482407
FT-071,0.9313725490196079,0.0,0.0,1.0,1.0,1.0,1.0,1.0,1.0,1.0,0.0,1150.7515985354444,1150.8216637168111,1150.6946579570076,0.0329001027792091,1279.6007579597722,1289.9491491550348,1281.8612304005794,1276.882566964393,1271.0001140687532,1.1438663349396818
FT-072,0.9313725490196079,0.0,0.0,1.0,1.0,1.0,1.0,1.0,1.0,1.0,0.0,1252.819559504331,1252.8923288346316,1252.7474352137208,0.0360234419531445,1252.123154423304,1259.34100136828,1254.3494914890537,1249.7181801223417,1244.226415264071,1.2333870429369769
FT-073,0.9313725490196079,0.0,0.0,1.0,1.0,1.0,1.0,1.0,1.0,1.0,0.0,1252.8205095026694,1252.8927190429526,1252.7570309093385,0.0359474530824347,1273.817172792693,1288.2634181766712,1275.9684910424037,1271.3181247571324,1262.248121408315,1.1541148926103488
FT-074,0.9313725490196079,0.0,0.0,1.0,1.0,1.0,1.0,1.0,1.0,1.0,0.0,1178.7694962544108,1178.8389828026638,1178.7095364682805,0.0346786304486905,1244.8608776216845,1262.696978661322,1247.2705609836569,1242.3019230957232,1231.0310019216245,1.2087826948352671
FT-075,0.9313725490196079,0.0,0.0,1.0,1.0,1.0,1.0,1.0,1.0,1.0,0.0,1076.704086348371,1076.7659052150043,1076.6508631728868,0.0303673983692482,1165.0016465840235,1176.4046223958326,1167.1510336308895,1162.5396325060522,1152.5668176015192,1.1153635458279254
FT-077,0.9313725490196079,0.0,0.0,1.0,1.0,1.0,1.0,1.0,1.0,1.0,0.0,1077.705946239623,1077.768563445372,1077.6520562041094,0.0312999075267044,1212.451251396288,1244.5920870381033,1214.768238466988,1209.9249993158323,1196.2741310365736,1.2097870013554028
FT-081,0.9313725490196079,0.0,0.0,1.0,1.0,1.0,1.0,1.0,1.0,1.0,0.0,1225.305158770853,1225.3832054372317,1225.241092492524,0.0353997625726626,1299.0897146683544,1313.3628153538991,1301.2456247303928,1296.385905406942,1286.5537450601764,1.2777931470134285
FT-083,0.9313725490196079,0.0,0.0,1.0,1.0,1.0,1.0,1.0,1.0,1.0,0.0,1224.8042649657891,1224.876041896912,1224.7402364071952,0.0346338316722824,1299.2791674223463,1319.7385787963844,1301.3711060851224,1296.826881389742,1284.575736753402,1.191957931979993
FT-086,0.9313725490196079,0.0,0.0,1.0,1.0,1.0,1.0,1.0,1.0,1.0,0.0,1252.3224421698592,1252.394260929982,1252.2598314863185,0.0357571265908724,1252.0492024447103,1259.1190925011254,1254.3147136599673,1249.55524604749,1244.1498037484978,1.2944815304881885
FT-087,0.9313725490196079,0.0,0.0,1.0,1.0,1.0,1.0,1.0,1.0,1.0,0.0,1252.3175410114536,1252.3916994957185,1252.2559552498667,0.0353267523705875,1273.902456757388,1292.6649155155296,1276.3561393171406,1271.5576652920972,1261.4287173363452,1.2088674378886384
FT-089,0.9313725490196079,0.0,0.0,1.0,1.0,1.0,1.0,1.0,1.0,1.0,0.0,1233.2816716646137,1233.3544547572506,1233.2180624334412,0.0354944446073147,1299.4896330327,1318.851755163174,1301.5338470303554,1296.9599185364402,1284.7912920438337,1.2163430138721094
FT-090,0.9313725490196079,0.0,0.0,1.0,1.0,1.0,1.0,1.0,1.0,1.0,0.0,1231.3077713436496,1231.380369112572,1231.245613570184,0.0356744176158798,1298.9480323268451,1316.757474099437,1301.0705844761897,1296.563144995367,1284.9935937696846,1.1223607034036005
FT-091,0.9313725490196079,0.0,0.0,1.0,1.0,1.0,1.0,1.0,1.0,1.0,0.0,1251.314808260303,1251.384541992356,1251.24725487946,0.0341748074286253,1251.9082930023933,1258.873232105109,1254.3394561869425,1249.2792991497554,1243.48779943925,1.2740584064472709
FT-092,0.9313725490196079,0.0,0.0,1.0,1.0,1.0,1.0,1.0,1.0,1.0,0.0,1251.3142498680247,1251.3872814292572,1251.2506210064705,0.0361206867456643,1273.8054275719012,1292.538921522056,1275.9376310450957,1271.4144752449388,1260.8067512512189,1.150720330226371
FT-093,0.9313725490196079,0.0,0.0,1.0,1.0,1.0,1.0,1.0,1.0,1.0,0.0,1233.7846794103978,1233.854648992817,1233.7185235688678,0.0352441991492743,1299.2759946740543,1319.445562362675,1301.19133468601,1296.8841705286684,1284.2519822328006,1.1438939901940073
FT-095,0.9313725490196079,0.0,0.0,1.0,1.0,1.0,1.0,1.0,1.0,1.0,0.0,1296.8385481999308,1296.9145054717983,1296.7740241235522,0.036768193553219,1325.9004245551305,1343.095463462498,1328.046641465988,1323.3579718833523,1306.2086665112035,1.192316158113339
FT-096,0.9313725490196079,0.0,0.0,1.0,1.0,1.0,1.0,1.0,1.0,1.0,0.0,815.5252605920695,815.5724826653777,815.4837884085781,0.0230239980275139,1299.3577408679637,1319.7332979838072,1301.576686001449,1296.8377586315107,1285.7117818196627,1.124421705883728
FT-097,0.9313725490196079,0.0,0.0,1.0,1.0,1.0,1.0,1.0,1.0,1.0,0.0,1221.7827177901245,1221.8524106055202,1221.7169620344262,0.0354785929041419,1303.3882126599997,1325.25220737901,1305.5225406711747,1300.5926303818032,1288.0357986272763,1.3854620585509168
FT-098,0.9313725490196079,0.0,0.0,1.0,1.0,1.0,1.0,1.0,1.0,1.0,0.0,1234.285360466548,1234.3584080913142,1234.2175489976564,0.0355276090628736,1298.978903962394,1315.1444068651524,1301.099355556177,1296.7371931063972,1285.3820376449771,1.0487614830989662
FT-099,0.9313725490196079,0.0,0.0,1.0,1.0,1.0,1.0,1.0,1.0,1.0,0.0,1296.3371434985418,1296.4131279821509,1296.2692935047885,0.0373652226579875,1325.9803275270754,1346.0861753380832,1328.1422415901347,1323.4768212611054,1305.3386232127343,1.1912823835485984
FT-100,0.9313725490196079,0.0,0.0,1.0,1.0,1.0,1.0,1.0,1.0,1.0,0.0,1222.7890111601405,1222.8592513192573,1222.7275498290628,0.0358995751017506,1257.9887283196858,1272.9182917572732,1259.965824885959,1255.53693243177,1245.8706452125716,1.2070912617475065
FT-102,0.9313725490196079,0.0,0.0,1.0,1.0,1.0,1.0,1.0,1.0,1.0,0.0,1295.3371125063638,1295.4121806158155,1295.2703518474862,0.0390429682024521,1284.5115125888428,1294.5797058843823,1286.76247199753,1282.1484267015423,1273.3225453284513,1.1385088817335398
FT-103,0.9313725490196079,0.0,0.0,1.0,1.0,1.0,1.0,1.0,1.0,1.0,0.0,1295.3340005034854,1295.4088685802842,1295.2660151633097,0.0369004205904129,1325.9263584717098,1348.1806891897468,1328.313249836628,1323.3256151193673,1304.770805939381,1.1895624336993404
FT-104,0.9313725490196079,0.0,0.0,1.0,1.0,1.0,1.0,1.0,1.0,1.0,0.0,1222.2864765177096,1222.3567526513016,1222.2240203008816,0.0349509373536697,1258.1864030459938,1275.171996525355,1260.155835858117,1255.5775495992905,1245.5816309792672,1.2015301710468655
FT-106,0.9313725490196079,0.0,0.0,1.0,1.0,1.0,1.0,1.0,1.0,1.0,0.0,1231.808475840107,1231.8816441917318,1231.7485069533702,0.0346626482309744,1298.7819691151412,1313.5432695305844,1301.0484503119612,1296.3875712884785,1285.6570666769262,1.139751591946598
FT-107,0.9313725490196079,0.0,0.0,1.0,1.0,1.0,1.0,1.0,1.0,1.0,0.0,1397.901805271989,1397.9834075650972,1397.8282910010066,0.0396093255769532,1341.8330587617788,1358.3836253996826,1343.8904369989768,1339.4186134601964,1327.118866212901,1.1558570366518297
FT-108,0.9313725490196079,0.0,0.0,1.0,1.0,1.0,1.0,1.0,1.0,1.0,0.0,1230.8065470462725,1230.8777702914354,1230.7478056361565,0.0349307333539019,1298.9114676822571,1315.3311787480875,1301.2326825654698,1296.4986270992797,1285.2202544005015,1.1819301469562054
FT-109,0.9313725490196079,0.0,0.0,1.0,1.0,1.0,1.0,1.0,1.0,1.0,0.0,1396.899301617407,1396.9803416469035,1396.8265741735293,0.0398332420027345,1341.7972869078426,1357.880144119264,1344.0520152636232,1339.454277055849,1326.836228992628,1.118430322145405
FT-110,0.9313725490196079,0.0,0.0,1.0,1.0,1.0,1.0,1.0,1.0,1.0,0.0,1397.397689304656,1397.4807202889865,1397.32751164411,0.0396415334606327,1341.878177208506,1358.4040985107413,1343.935126354734,1339.536640575101,1327.251101175941,1.0627275704614252
FT-111,0.9313725490196079,0.0,0.0,1.0,1.0,1.0,1.0,1.0,1.0,1.0,0.0,1295.8363020697318,1295.9072791203832,1295.773465539277,0.0370243052418961,1243.8481834080928,1256.6009494236548,1245.3463489025294,1241.5589757546982,1232.480297633579,1.045388498174385
FT-112,0.9313725490196079,0.0,0.0,1.0,1.0,1.0,1.0,1.0,1.0,1.0,0.0,1295.833757739158,1295.9055910747572,1295.7695076366322,0.0377600808592019,1284.7258569724574,1295.3360296396097,1286.8981919328824,1282.3580923089296,1272.7005949753996,1.0657237935960988
FT-113,0.9313725490196079,0.0,0.0,1.0,1.0,1.0,1.0,1.0,1.0,1.0,0.0,1295.8340568472142,1295.9104778358453,1295.768224225936,0.0366780214193528,1325.935889442976,1348.2670237223315,1327.797072671238,1323.3191753625963,1304.2779909769702,1.190702173843557
FT-114,0.9313725490196079,0.0,0.0,1.0,1.0,1.0,1.0,1.0,1.0,1.0,0.0,1151.256806499619,1151.3231198517683,1151.2053092518372,0.0333565268257377,1245.2813146104488,1261.8825232464346,1247.5078771979656,1242.7542043970964,1230.7061763431725,1.1684670730987647
FT-115,0.9313725490196079,0.0,0.0,1.0,1.0,1.0,1.0,1.0,1.0,1.0,0.0,1151.2577144686827,1151.3262326936172,1151.1904885859722,0.0345722197950819,1279.5426959634483,1288.5432278668477,1281.9849407416823,1276.8114177037737,1271.368124220108,1.3332454669452618
FT-116,0.9313725490196079,0.0,0.0,1.0,1.0,1.0,1.0,1.0,1.0,1.0,0.0,1034.3156777245072,1034.3733453488437,1034.2664963897112,0.0277415348472434,1386.2288582150331,1396.2981626211867,1388.9721706356552,1383.0239916368391,1375.9949180878775,1.5877595200199193
FT-117,0.9313725490196079,0.0,0.0,1.0,1.0,1.0,1.0,1.0,1.0,1.0,0.0,1034.319112072233,1034.3791365004477,1034.2691452052984,0.0295539645166638,1419.481401442064,1437.173489695009,1421.2976504376825,1417.141106790319,1405.209990791653,1.1360127306637906
FT-118,0.9313725490196079,0.16666666666666666,0.0,1.0,1.0,1.0,1.0,0.9615384615384616,0.9873417721518988,1.0,0.16666666666666666,1560.0017940800249,1560.090017053007,1559.919869866818,0.0433290812359491,1455.4088624671206,1469.8380283733015,1457.1646166902804,1453.1566235223015,1441.8293720287295,1.0131394302246124
FT-120,0.9313725490196079,0.0,0.0,1.0,1.0,1.0,1.0,1.0,1.0,1.0,0.0,1558.9989797646351,1559.0842363807174,1558.920019528133,0.044886920178662,1386.1476473421424,1396.046158381872,1388.6361896759065,1383.3754083622428,1376.375687190463,1.270025774274783
FT-122,0.9313725490196079,0.0,0.0,1.0,1.0,1.0,1.0,1.0,1.0,1.0,0.0,1558.9975814931574,1559.0919110686575,1558.9204884819696,0.0442520577550481,1455.6854919433242,1470.0663666291705,1457.630313211872,1453.345694785168,1443.0093526840212,1.0182380922440444
FT-123,0.9313725490196079,0.0,0.0,1.0,1.0,1.0,1.0,1.0,1.0,1.0,0.0,1089.0265712685955,1089.0914068180275,1088.971235140457,0.0306282484678529,1455.280496632148,1466.5178693574048,1457.040376031163,1452.9903136270375,1444.6004065151849,1.048298112389065
FT-124,0.9313725490196079,0.0,0.0,1.0,1.0,1.0,1.0,1.0,1.0,1.0,0.0,1039.6588042265028,1039.7181822788175,1039.60785831974,0.0282757160242886,1419.321667147817,1435.4509426502711,1421.01773506427,1416.900410268311,1406.3992888204173,1.1388471623303726
FT-125,0.9313725490196079,0.0,0.0,1.0,1.0,1.0,1.0,1.0,1.0,1.0,0.0,1039.65820184451,1039.7156227742005,1039.6116036892988,0.0271609162775383,1455.661683126547,1466.5936145782448,1457.6419700348458,1453.1418866655522,1444.138712882998,1.1481226616014215
FT-126,0.9313725490196079,0.0,0.0,1.0,1.0,1.0,1.0,1.0,1.0,1.0,0.0,1089.3589349095078,1089.4148180416405,1089.3021122932485,0.0314652651679778,1439.0541834189,1443.9025790192345,1441.7753715424665,1435.925619866697,1431.709452784338,1.5876312466436946
FT-127,0.9313725490196079,0.0,0.0,1.0,1.0,1.0,1.0,1.0,1.0,1.0,0.0,1089.3621822179891,1089.4251348726043,1089.307522369366,0.0309853004019954,1455.0379438086263,1466.2902433975903,1456.7362453819535,1452.8117716271825,1443.8567584493844,1.0701762813663769
FT-130,0.9313725490196079,0.0,0.0,1.0,1.0,1.0,1.0,1.0,1.0,1.0,0.0,1040.3294064561312,1040.3900491717618,1040.2756843475045,0.0298022321977683,1419.1001653827748,1433.8092028576395,1421.1078526689091,1416.7725438654402,1405.8145236969008,1.0330371323009613
FT-131,0.9313725490196079,0.0,0.0,1.0,1.0,1.0,1.0,1.0,1.0,1.0,0.0,1040.328774739611,1040.3905778938313,1040.2758764608654,0.0302810872302927,1455.4224047810255,1466.6943168640173,1457.3205103985615,1452.965088839576,1443.890949958978,1.0864556546498374
FT-132,0.9313725490196079,0.0,0.0,1.0,1.0,1.0,1.0,1.0,1.0,1.0,0.0,1088.3549855574815,1088.4235585769136,1088.2966321686972,0.034138899170978,1438.8098367577045,1443.9222989763543,1441.2888604137547,1435.8971073917498,1431.0580607822933,1.1606352416236407
FT-133,0.9313725490196079,0.0,0.0,1.0,1.0,1.0,1.0,1.0,1.0,1.0,0.0,1088.3554957275571,1088.4199453175788,1088.2934665530554,0.0305335130841398,1455.6188085752144,1466.7822506003197,1457.4629416105597,1453.362926730289,1444.7626845477362,1.0102804559737495
FT-134,0.9313725490196079,0.0,0.0,1.0,1.0,1.0,1.0,1.0,1.0,1.0,0.0,1088.3568018363508,1088.4270703314248,1088.290582748391,0.0345227235842915,1473.517094540187,1482.6548940485163,1476.0500895172927,1470.3533129077691,1467.699538144199,1.4751542512680245
FT-136,0.9313725490196079,0.0,0.0,1.0,1.0,1.0,1.0,1.0,1.0,1.0,0.0,1040.0009583626654,1040.0569257891393,1039.9470140830122,0.0281851224878726,1386.0494617442523,1396.068245569866,1387.9975391137882,1383.8138140663868,1376.509656906129,1.1247046995250976
FT-137,0.9313725490196079,0.0,0.0,1.0,1.0,1.0,1.0,1.0,1.0,1.0,0.0,1039.9948749944976,1040.0556074818528,1039.9401829519206,0.0296340304782202,1419.220544280622,1435.4423992450425,1420.738403699792,1416.9777064725702,1405.3065377539317,1.0235389125370007
FT-138,0.9313725490196079,0.0,0.0,1.0,1.0,1.0,1.0,1.0,1.0,1.0,0.0,1039.997339280622,1040.058723239445,1039.940846349422,0.0305292028672184,1455.4289604217147,1467.5490430196126,1457.5928674741217,1453.1463043270896,1443.0368334452346,1.139480376270928
FT-140,0.9313725490196079,0.0,0.0,1.0,1.0,1.0,1.0,1.0,1.0,1.0,0.0,1223.2883799925703,1223.3621200936468,1223.2287480892585,0.0350061702112344,1257.8617538028573,1269.8666980654696,1259.7405650826165,1255.3353370369402,1245.8577879085085,1.1917479948660925
FT-151,0.9313725490196079,0.0,0.0,1.0,1.0,1.0,1.0,1.0,1.0,1.0,0.0,1088.6951060782058,1088.7596143680532,1088.630881136988,0.0330279363335156,1438.8803038529063,1444.1661421831948,1441.2777670267333,1436.5525669265598,1430.835098715389,1.1930280235989963
FT-152,0.9313725490196079,0.0,0.0,1.0,1.0,1.0,1.0,1.0,1.0,1.0,0.0,1088.69277311038,1088.7531592942134,1088.6355161607228,0.0305833539223234,1455.33623852908,1466.4624174348594,1456.9608822617963,1452.985883470457,1444.6656153752283,1.0657414549985278
FT-153,0.9313725490196079,0.0,0.0,1.0,1.0,1.0,1.0,1.0,1.0,1.0,0.0,1088.6918828508271,1088.7513371347547,1088.6296921898063,0.0323400428121432,1473.446015556528,1483.6614707498018,1476.5098227948197,1470.4869684703458,1467.3194005629591,1.339608092953679
FT-156,0.9313725490196079,0.0,1.0,1.0,1.0,1.0,1.0,0.9615384615384616,0.9873417721518988,1.0,0.0,1560.001369125993,1560.0914572782103,1559.9171022035998,0.0453103280372081,1419.237135066407,1434.9778151004848,1421.147539593874,1416.8768402638188,1406.173628949106,1.0870526004769543
FT-175,0.9313725490196079,0.0,0.0,1.0,1.0,1.0,1.0,1.0,1.0,1.0,0.0,844.0870342319306,844.1323782106103,844.0413754189648,0.024631739029111,962.9974510538884,978.5761512080348,965.591399884148,960.298923399465,948.8306583935764,1.3765320185913352
FT-178,0.9313725490196079,0.0,0.0,1.0,1.0,1.0,1.0,1.0,1.0,1.0,0.0,1455.998949997305,1456.082154844198,1455.926444513204,0.041233206473815,1013.726434598975,1028.9705747968685,1016.3456457697848,1011.168015919862,1000.145713291808,1.295076577039198
FT-179,0.9313725490196079,0.0,0.0,1.0,1.0,1.0,1.0,1.0,1.0,1.0,0.0,728.4969707230775,728.5374900581327,728.4606010611253,0.0212811240501545,1014.0492700576092,1031.0792793022397,1016.8041164703352,1011.1718983749886,1001.4421236646056,1.3515994807877785
FT-182,0.9313725490196079,0.0,0.0,1.0,1.0,1.0,1.0,1.0,1.0,1.0,0.0,1026.1932694786867,1026.2519200407537,1026.1381214922203,0.0299624324206606,1095.4661545958722,1104.191831524452,1098.1953511608233,1092.7190611696617,1082.1188748820443,1.2733034739127342
FT-183,0.9313725490196079,0.0,0.0,1.0,1.0,1.0,1.0,1.0,1.0,1.0,0.0,1026.1928910886666,1026.2538693229394,1026.1336043527974,0.02995941888026,1107.040419851715,1118.291006590189,1109.7816043702717,1104.4961403666218,1102.9698040610858,1.4824875618511024
FT-184,0.9313725490196079,0.0,0.0,1.0,1.0,1.0,1.0,1.0,1.0,1.0,0.0,809.0412002643465,809.0880344897744,808.9996841611195,0.0236203538121697,1121.032321128916,1139.3550392750944,1123.4003501883312,1118.4709922131613,1104.8390810677215,1.311603084577435
FT-185,0.9313725490196079,0.0,0.0,1.0,1.0,1.0,1.0,1.0,1.0,1.0,0.0,931.6414646729085,931.6860469922854,931.5946942259465,0.0260586297151206,1057.9007241015097,1071.3753969916013,1060.667301728328,1055.003061513269,1045.429825618348,1.4463668036397197
FT-186,0.9313725490196079,0.0,0.0,1.0,1.0,1.0,1.0,1.0,1.0,1.0,0.0,931.6243046494036,931.6784901191336,931.5809314937704,0.0274414767123745,1102.186769188893,1106.829634834741,1104.5947650644134,1099.0703438301748,1094.5528271619044,1.4732397071044796
FT-187,0.9313725490196079,0.0,0.0,1.0,1.0,1.0,1.0,1.0,1.0,1.0,0.0,931.6249044842097,931.6794619563228,931.5717895491504,0.0272151232804482,1117.1180883829777,1133.3014284331186,1119.8573127218217,1114.319571095626,1106.9318692437553,1.3574661876097962
FT-188,0.9313725490196079,0.0,0.0,1.0,1.0,1.0,1.0,1.0,1.0,1.0,0.0,931.123316275561,931.1738081023892,931.07426737904,0.0254915780131796,1102.1879690833632,1107.124431889231,1104.963450062722,1099.1332192776542,1093.916465014947,1.3268034181666346
FT-190,0.9313725490196079,0.0,0.0,1.0,1.0,1.0,1.0,1.0,1.0,1.0,0.0,996.1598538662096,996.22030685846,996.1126477514904,0.0282638266067295,1120.0790796707618,1125.9807273319786,1122.1649823760506,1118.0374858521734,1110.9794875553678,1.0179829325467225
FT-191,0.9313725490196079,0.0,0.0,1.0,1.0,1.0,1.0,1.0,1.0,1.0,0.0,996.1601236401428,996.2186492772656,996.110795668755,0.0284715935311538,1136.386402786609,1153.94223276774,1138.371931479331,1134.0748031589246,1126.063989003498,1.108437168086034
FT-192,0.9313725490196079,0.0,0.0,1.0,1.0,1.0,1.0,1.0,1.0,1.0,0.0,1068.7037715820934,1068.7709537862363,1068.644656968828,0.0326297049075302,1157.8147203461158,1163.3792711145747,1159.779912946269,1155.301746795193,1149.5256244435009,1.1713404979799975
FT-193,0.9313725490196079,0.0,0.0,1.0,1.0,1.0,1.0,1.0,1.0,1.0,0.0,1068.7043278235449,1068.7687486413256,1068.6522719222885,0.0303495491247058,1173.5611587867572,1188.1107673645054,1175.798036250536,1171.238443259308,1163.5870780944826,1.073615958423335
FT-194,0.9313725490196079,0.0,0.0,1.0,1.0,1.0,1.0,1.0,1.0,1.0,0.0,1106.736189796707,1106.8013071714472,1106.6793317132142,0.0322864849836996,1180.3607794138811,1194.835010057088,1183.154158165373,1177.6877652976746,1167.7071170592574,1.3268503508308518
FT-195,0.9313725490196079,0.0,0.0,1.0,1.0,1.0,1.0,1.0,1.0,1.0,0.0,1077.708774786632,1077.7732844734803,1077.6548450786415,0.0305915600535078,1164.8240522057135,1175.084413340395,1166.9203041317107,1162.488701920126,1152.544404150735,1.1655651972698904
FT-196,0.9313725490196079,0.0,0.0,1.0,1.0,1.0,1.0,1.0,1.0,1.0,0.0,1079.2166019688184,1079.2799026126334,1079.1624727504054,0.0309298310255249,1212.162690219896,1228.1000091217345,1214.808575306565,1209.5278179587426,1198.610527541609,1.2535770652518865
FT-197,0.9313725490196079,0.0,0.0,1.0,1.0,1.0,1.0,1.0,1.0,1.0,0.0,1230.809519318578,1230.877912747094,1230.7412762209678,0.0353371808666718,1266.2292769123917,1275.864038013278,1268.9682879036254,1263.3943549090618,1256.566223871141,1.2845018900553564
FT-198,0.9313725490196079,0.0,0.0,1.0,1.0,1.0,1.0,1.0,1.0,1.0,0.0,1398.406658551712,1398.487095265835,1398.3355869959996,0.0399371078113669,1341.7948458373571,1355.4510447743162,1343.7796393323767,1339.4045540846112,1328.786968608478,1.124417950389659
FT-199,0.9313725490196079,0.0,0.0,1.0,1.0,1.0,1.0,1.0,1.0,1.0,0.0,1223.794329633322,1223.8477891740072,1223.7328858293467,0.0320895105058515,1273.4466422499067,1280.9673685186042,1276.269530388491,1270.7744681742668,1268.557216980878,1.2870284782640955
FT-200,0.9313725490196079,0.0,0.0,1.0,1.0,1.0,1.0,1.0,1.0,1.0,0.0,1039.6606356714726,1039.7152117448236,1039.609987920612,0.0285971293977563,1386.5689310879638,1396.528175354006,1389.322205274966,1383.8648933908498,1377.2603266789347,1.358794537316638
FT-201,0.9313725490196079,0.0,0.0,1.0,1.0,1.0,1.0,1.0,1.0,1.0,0.0,1560.0025678909035,1560.0923396222902,1559.9118780120905,0.0482189961015412,1385.9591274494428,1395.7667957652686,1388.5420000753802,1383.4854303484206,1375.953470205332,1.22676144180058
FT-203,0.9313725490196079,0.0,0.0,1.0,1.0,1.0,1.0,1.0,1.0,1.0,0.0,1033.9851251097311,1034.0431134347784,1033.93021982602,0.0303773301958856,1419.5994173936797,1436.3402098797728,1421.5891002033584,1417.1693973731028,1406.504333983076,1.2292331845144575
FT-205,0.9313725490196079,0.0,0.0,1.0,1.0,1.0,1.0,1.0,1.0,1.0,0.0,1559.5079808864853,1559.593122537758,1559.4291321157314,0.0434378052259568,1385.8104858293589,1396.1924584706642,1388.2480646536085,1383.251170625242,1375.8304738998434,1.2375875733611723
FT-206,0.9313725490196079,0.0,0.0,1.0,1.0,1.0,1.0,1.0,1.0,1.0,0.0,1034.6560763743712,1034.7123139359592,1034.6014150768017,0.0298462974025474,1386.0386461317642,1395.2626547813416,1388.8838369044424,1383.0236739106767,1376.8958172798157,1.443510211018104
FT-207,0.9313725490196079,0.0,0.0,1.0,1.0,1.0,1.0,1.0,1.0,1.0,0.0,1034.6551417461487,1034.7125304192216,1034.5975891814644,0.0303605748289172,1455.50905041845,1469.479553565551,1457.2048275403458,1453.303311263696,1442.954649764501,1.045363518081707
FT-208,0.9313725490196079,0.0,0.0,1.0,1.0,1.0,1.0,1.0,1.0,1.0,0.0,1034.3174542653558,1034.380541985564,1034.2613138443917,0.0295451611052212,1455.555851617301,1469.701675415041,1457.6545435811267,1453.1631563393423,1442.65215174357,1.0732159464279536
FT-209,0.9313725490196079,0.0,0.0,1.0,1.0,1.0,1.0,1.0,1.0,1.0,0.0,1632.5496568490846,1632.6439370468956,1632.468630968542,0.0492385054668293,1438.8645645787187,1444.8693813855136,1440.6580787895616,1436.0888835821331,1430.697591757474,1.1907313115547458
FT-211,0.9313725490196079,0.0,0.0,1.0,1.0,1.0,1.0,1.0,1.0,1.0,0.0,815.8635371185956,815.9097037102256,815.8168325066675,0.0237987236535292,1299.0589008403172,1315.8451273355154,1300.8173377571577,1296.6742952794136,1285.8302638042446,1.1679361461324014
FT-212,0.9313725490196079,0.0,0.0,1.0,1.0,1.0,1.0,1.0,1.0,1.0,0.0,1034.6524894655838,1034.712526312989,1034.5946546772016,0.0289896148038387,1419.5355960078075,1437.3696770828783,1421.3266819845712,1417.0516013166043,1406.067496310462,1.0710088590038451
FT-217,0.9313725490196079,0.0,0.0,1.0,1.0,1.0,1.0,1.0,1.0,1.0,0.0,1089.0287993120237,1089.0950065180127,1088.970820326633,0.030458456101534,1473.4388815633502,1483.5051296283675,1476.2821695524506,1470.872925663907,1466.9955052957894,1.2981758393010991
FT-219,0.9313725490196079,0.0,0.0,1.0,1.0,1.0,1.0,1.0,1.0,1.0,0.0,809.5439415442514,809.5901010781033,809.5004145134822,0.0238060682328357,1120.883361213832,1137.4299807981995,1123.5258483320945,1118.0010013993176,1106.2009100480516,1.407083948317459
FT-220,0.9313725490196079,0.0,0.0,1.0,1.0,1.0,1.0,1.0,1.0,1.0,0.0,1098.2292261588002,1098.2904734059596,1098.173907533108,0.0325171901432204,1176.4712324222012,1189.1500946783274,1178.6797381441168,1173.8919929822691,1163.494515572824,1.1867773561182018
FT-221,0.9313725490196079,0.0,0.0,1.0,1.0,1.0,1.0,1.0,1.0,1.0,0.0,1005.6756059707232,1005.7351871901508,1005.6206808174506,0.0294205207121462,1156.2008704897985,1172.2008562088015,1158.7916354985457,1153.40959517587,1141.539906588467,1.314394711507909
FT-222,0.9313725490196079,0.0,0.0,1.0,1.0,1.0,1.0,1.0,1.0,1.0,0.0,1087.6997012829654,1087.7619304064426,1087.6443678719036,0.03103060333828,1212.1840644998792,1229.1766516010414,1214.6552307545503,1209.398301752987,1197.634043318504,1.289501447076295
FT-223,0.9313725490196079,0.0,0.0,1.0,1.0,1.0,1.0,1.0,1.0,1.0,0.0,1088.2006657983875,1088.2647114412373,1088.1441726877654,0.0308360094818792,1212.1002271969037,1227.8823891553018,1214.4726100783676,1209.566328387379,1197.8670644760136,1.162187290885767
FT-224,0.9313725490196079,0.0,0.0,1.0,1.0,1.0,1.0,1.0,1.0,1.0,0.0,1253.32364366104,1253.39641832023,1253.2628428970104,0.0341562439500352,1273.874816816318,1285.89905912226,1276.2559770273813,1271.3717770670623,1263.522872491316,1.183151434417745
FT-226,0.9313725490196079,0.0,0.0,1.0,1.0,1.0,1.0,1.0,1.0,1.0,0.0,815.1931200400654,815.2369274905478,815.1512909790769,0.0235253767613145,1257.978548513949,1271.0305211315415,1260.1923474812538,1255.2972656249676,1246.223995783555,1.3002026551407582
FT-227,0.9313725490196079,0.0,0.0,1.0,1.0,1.0,1.0,1.0,1.0,1.0,0.0,815.5263145478614,815.5720124399368,815.4833781251697,0.0234497161485411,1257.9480855586548,1270.610866815275,1259.5108106778086,1255.372326819194,1246.8639153493934,1.1653434695229583
FT-228,0.9313725490196079,0.0,0.0,1.0,1.0,1.0,1.0,1.0,1.0,1.0,0.0,1618.0944863886548,1618.192836077746,1618.0103252971178,0.0474912638140451,1121.2716800177573,1134.893977078523,1123.7690728640036,1118.6476203191232,1106.596914117983,1.2163968224129416
FT-229,0.9313725490196079,0.0,0.0,1.0,1.0,1.0,1.0,1.0,1.0,1.0,0.0,975.1420796493152,975.19513630601,975.0878433330068,0.0290253234446013,1174.724661855747,1190.7307771536025,1177.058293531887,1172.2284839034685,1160.82065582275,1.228760315355733
FT-230,0.9313725490196079,0.0,0.0,1.0,1.0,1.0,1.0,1.0,1.0,1.0,0.0,975.6477809466752,975.6990653589808,975.5940350043956,0.0287421584037574,1174.6013930519584,1189.00957448142,1176.7579145842003,1172.100459753538,1162.114930834089,1.1040347611923722
FT-232,0.9313725490196079,0.0,0.0,1.0,1.0,1.0,1.0,1.0,1.0,1.0,0.0,1151.7625057823254,1151.8278132907371,1151.7003322838043,0.0337363777691751,1245.2407794332655,1258.885828041167,1247.7170349348398,1242.597248836875,1232.0764022275648,1.318578168780149
FT-233,0.9313725490196079,0.0,0.0,1.0,1.0,1.0,1.0,1.0,1.0,1.0,0.0,1179.778005634704,1179.8471969424174,1179.7162683397833,0.0348061923921688,1244.6512806591527,1258.3621313912536,1247.0162825638563,1242.1525013996577,1231.8023332868306,1.2082635774533983
FT-234,0.9313725490196079,0.0,0.0,1.0,1.0,1.0,1.0,1.0,1.0,1.0,0.0,1297.3438707330265,1297.41780999526,1297.2834308267838,0.035936390989363,1326.1469761141468,1339.8936870180316,1328.3423882735617,1323.7863328692615,1309.1371917724628,1.0893447788281685
FT-236,0.9313725490196079,0.0,0.0,1.0,1.0,1.0,1.0,1.0,1.0,1.0,0.0,1034.9898999251243,1035.0498484503012,1034.9323592474368,0.030924112226632,1419.3602150227453,1435.8320741768357,1420.919376846407,1417.2551242460954,1405.4176036421077,1.002582734876893
FT-237,0.9313725490196079,0.0,0.0,1.0,1.0,1.0,1.0,1.0,1.0,1.0,0.0,1034.9881000850553,1035.0498298584166,1034.933521063501,0.0298679283561603,1455.4754033806444,1468.5007572174063,1457.4421390509146,1453.3524117623429,1442.3543914159118,0.996514613389124
FT-238,0.9313725490196079,0.0,0.0,1.0,1.0,1.0,1.0,1.0,1.0,1.0,0.0,1083.34221048445,1083.4156648006433,1083.2876061219467,0.0332555834962821,1423.037280138564,1429.8039524371825,1425.2939780948373,1420.203550145215,1414.9106421837485,1.413257598599415
FT-239,0.9313725490196079,0.0,0.0,1.0,1.0,1.0,1.0,1.0,1.0,1.0,0.0,1083.3425827511437,1083.4166557113358,1083.2876164929687,0.0363729984623317,1439.3248342615186,1444.926219667708,1440.6319758799573,1437.3318144239922,1431.6119139535092,0.9884917727754934
FT-240,0.9313725490196079,0.0,0.0,1.0,1.0,1.0,1.0,1.0,1.0,1.0,0.0,1083.3466638903149,1083.418782663368,1083.293469620257,0.0379018511140412,1455.299982043751,1466.075484139584,1456.6897452440542,1453.095145833872,1445.1545170375284,1.139622011246467
FT-241,0.9313725490196079,0.0,0.0,1.0,1.0,1.0,1.0,1.0,1.0,1.0,0.0,1083.3479141235127,1083.4274300384948,1083.284999164605,0.0411502899069144,1473.3785589320328,1482.4898161206963,1474.8711895611846,1471.0252971599662,1467.2716426849436,1.1772538924513325
FT-242,0.9313725490196079,0.0,0.0,1.0,1.0,1.0,1.0,1.0,1.0,1.0,0.0,1083.0169631809986,1083.0848216619854,1082.950362254375,0.0368602131796223,1422.690822712629,1429.628389935163,1425.145367036958,1420.289303760063,1413.690671698993,1.3914501278972984
FT-243,0.9313725490196079,0.0,0.0,1.0,1.0,1.0,1.0,1.0,1.0,1.0,0.0,1083.0184165320716,1083.081155245212,1082.9536937910798,0.0367099381181748,1438.918439562102,1444.8087708493492,1440.6161703055536,1436.2722954248684,1431.0281680492635,1.1621010653959112
FT-244,0.9313725490196079,0.0,0.0,1.0,1.0,1.0,1.0,1.0,1.0,1.0,0.0,1083.0144831519058,1083.0790412617855,1082.95637841365,0.0347705557677826,1455.407052190095,1466.5766937878682,1456.8898431918287,1452.9667683924738,1445.1365334647055,1.0296105334833578
FT-245,0.9313725490196079,0.0,0.0,1.0,1.0,1.0,1.0,1.0,1.0,1.0,0.0,1083.02130840629,1083.085385012217,1082.9524375265098,0.0367501395346961,1473.1330249701502,1482.318571374777,1476.1689162150667,1469.9701177376287,1466.9295087773758,1.491661240294952
FT-249,0.9313725490196079,0.0,0.0,1.0,1.0,1.0,1.0,1.0,1.0,1.0,0.0,1069.709184439815,1069.7804240606993,1069.6449862815853,0.032195006247936,1158.0681524278946,1163.6372934068968,1160.4743729659026,1155.2261009596696,1149.9450179508715,1.242632907231868
FT-250,0.9313725490196079,0.0,0.0,1.0,1.0,1.0,1.0,1.0,1.0,1.0,0.0,1069.708344315076,1069.774287255223,1069.649218122904,0.030644853390045,1173.681223284433,1187.769702729723,1175.700209664516,1171.3635911074043,1163.6172158377544,1.1401411506553842
FT-029,0.9215686274509803,0.0,0.0,1.0,1.0,0.9629629629629629,1.0,1.0,0.9873417721518988,1.0,0.0,1845.2657451181792,1845.3735977845588,1845.168910499205,0.0528826872786653,1070.965956893128,1085.9088605244974,1073.2973908373,1068.1964103160765,1063.1140670776354,1.2396830023498544
FT-121,0.9215686274509803,0.0,0.0,1.0,1.0,1.0,1.0,0.9615384615384616,0.9873417721518988,1.0,0.0,1558.995169070793,1559.0819550228848,1558.9198968448936,0.042817280695425,1419.464297181073,1435.8906794118377,1421.563979355039,1417.0187324451276,1406.8921053540569,1.117459420027129
FT-128,0.9215686274509803,0.0,0.0,1.0,1.0,1.0,1.0,0.9615384615384616,0.9873417721518988,1.0,0.0,1559.5001805325464,1559.5898928598965,1559.4213651654734,0.0452821540101573,1419.26972000283,1434.98844392838,1421.1230373671274,1417.110955369115,1406.1567343434988,1.0686491312695778
FT-129,0.9215686274509803,0.0,0.0,1.0,1.0,1.0,1.0,0.9615384615384616,0.9873417721518988,1.0,0.0,1559.499840726536,1559.591193601963,1559.4186670548086,0.044603153211056,1455.3698325798234,1469.8877197763204,1457.3428571525346,1453.1341868624918,1441.7818338974682,1.0536807743373076
FT-143,0.9215686274509803,0.0,0.0,1.0,1.0,1.0,1.0,0.9615384615384616,0.9873417721518988,1.0,0.0,1632.5484544078683,1632.6430337023194,1632.4618631254198,0.0461621359007383,1455.1631672982346,1465.2903601828598,1457.14821150355,1452.7942091509242,1445.2795851632454,1.1089243890799865
FT-144,0.9215686274509803,0.0,0.0,1.0,1.0,1.0,1.0,0.9615384615384616,0.9873417721518988,1.0,0.0,1632.5484775521786,1632.6461105251813,1632.4546442621267,0.0466912860728051,1473.171101763048,1482.4374332428004,1475.4512352411034,1470.6162300679728,1466.381916046143,1.1104967430642156
FT-213,0.9215686274509803,0.0,0.0,1.0,1.0,0.9629629629629629,1.0,1.0,0.9873417721518988,1.0,0.0,1560.5057355603417,1560.5939289632963,1560.419867474586,0.0447411201277256,1419.153460464564,1432.79973961325,1420.7644262107144,1416.8304331429194,1406.3754851397352,1.084823661888734
FT-214,0.9215686274509803,0.0,0.0,1.0,1.0,0.9629629629629629,1.0,1.0,0.9873417721518988,1.0,0.0,1560.5106879252833,1560.603218971056,1560.4389892318009,0.0469938642049179,1455.2785186733047,1469.0251868111725,1457.2718004475466,1453.2646538510369,1442.4326360793343,1.0442360641897566
FT-028,0.9117647058823529,0.0,0.0,1.0,1.0,1.0,0.9615384615384616,0.9615384615384616,0.9746835443037974,1.0,0.0,1845.2675702568588,1845.3714278358416,1845.1623419189225,0.0547059411325117,1057.465322843472,1063.011718921446,1060.0061878004767,1054.8746688276972,1047.5546058911905,1.2638959113625776
FT-145,0.9117647058823529,0.0,0.0,1.0,0.9090909090909091,0.9629629629629629,1.0,1.0,0.9873417721518988,0.9375,0.0,1632.0422244647154,1632.143549164095,1631.944909954586,0.0498037752269419,1455.2449080604651,1465.325859832764,1457.0759410058563,1452.9375087822204,1445.226665496828,1.1451980467965952
FT-148,0.9117647058823529,0.0,0.0,1.0,1.0,1.0,1.0,0.9230769230769231,0.9746835443037974,1.0,0.0,1633.0433891731236,1633.1408675210662,1632.9657943151262,0.0455721833872696,1473.397159852177,1482.8077298944656,1475.3327389874703,1471.072093996486,1466.4682648398627,1.0908347103613008
FT-147,0.8921568627450981,0.0,0.0,1.0,1.0,0.9629629629629629,1.0,0.8846153846153846,0.9493670886075949,1.0,0.0,1633.0436758967032,1633.1441146353052,1632.9696891058245,0.0449364037120985,1455.2477318872882,1465.6225339104108,1456.8264409502044,1453.1028637962902,1445.261146881999,0.9790647979449134
FT-180,0.8921568627450981,0.0,0.0,1.0,1.0,0.9629629629629629,1.0,0.8846153846153846,0.9493670886075949,1.0,0.0,1846.2712907601397,1846.3774994429132,1846.1786216070363,0.0533862657772983,1057.5333992700469,1063.1384947133608,1060.249283829451,1054.8385991324435,1047.2597561326115,1.3137241358138774
FT-146,0.8823529411764706,0.0,0.0,1.0,0.9090909090909091,0.9629629629629629,1.0,0.8846153846153846,0.9493670886075949,0.9375,0.0,1633.038705134174,1633.107167277146,1632.9691329723976,0.0425022110452064,1439.0391430336188,1445.0717250636355,1440.7764451317369,1436.86510091518,1430.602291920149,0.996074966973379
FT-181,0.8823529411764706,0.0,0.0,1.0,0.9090909090909091,0.9629629629629629,1.0,0.8846153846153846,0.9493670886075949,0.9375,0.0,1846.2703428802347,1846.3757490022745,1846.1788405008117,0.0534756835928777,1070.925201977295,1084.9925969721205,1073.693689919803,1068.1755747616285,1063.147841652671,1.3700972262640243
FT-210,0.8823529411764706,0.0,1.0,1.0,0.8181818181818182,0.9259259259259259,0.9230769230769231,1.0,0.9493670886075949,0.875,0.0,293.1831414699142,293.1996029087832,293.16727975808595,0.0086518209989555,674.6181627077369,683.8307102655976,677.6995786520689,671.0613470701732,665.6266603631451,1.7099955693838589
FT-172,0.803921568627451,0.0,1.0,0.8,0.8181818181818182,0.8518518518518519,1.0,0.7307692307692307,0.8607594936708861,0.8125,0.0,886.6352611425967,886.6797677782474,886.5887702166918,0.0241624875229154,674.1885161473726,683.2720027250376,679.4295417213385,668.2875055110654,665.7916876848988,2.238306369755907
FT-246,0.7549019607843137,0.0,1.0,0.6,0.8181818181818182,1.0,1.0,0.4230769230769231,0.810126582278481,0.75,0.0,886.640677379445,886.6885162538287,886.5933552782225,0.0251461497954597,640.7806068187616,655.6501274724213,645.2189602083051,636.1348053340776,634.6614019332407,1.8430872720483809
FT-173,0.7352941176470589,0.0,1.0,0.6,0.8181818181818182,0.9629629629629629,1.0,0.38461538461538464,0.7848101265822784,0.75,0.0,887.6456265913164,887.6784669270911,887.6006141771315,0.0231159416785256,639.9073997418709,651.9194210900256,643.8938394306622,635.7707743457954,634.3369441562289,1.9090119072460423
FT-174,0.7352941176470589,0.0,1.0,1.0,0.9090909090909091,0.6296296296296297,1.0,0.6153846153846154,0.7468354430379747,0.9375,0.0,1210.8304701216448,1210.9006110405176,1210.7634042850927,0.0393243797493412,928.6948296247882,936.6544350710782,933.2542365417872,923.4052741038936,921.7589794505756,2.2293708605911333
FT-013,0.7058823529411765,0.0,1.0,0.8,0.8181818181818182,0.9629629629629629,0.6153846153846154,0.6153846153846154,0.7341772151898734,0.8125,0.0,1210.8270502489595,1210.8965928740345,1210.757497420239,0.0348292922405459,899.7233926516836,910.3418386122776,902.5053635226112,896.73995171614,892.597834867591,1.520345058452607
FT-251,0.5882352941176471,0.0,1.0,0.4,0.8181818181818182,0.37037037037037035,1.0,0.46153846153846156,0.6075949367088608,0.6875,0.0,887.6472211426521,887.6812600576577,887.5895078640959,0.0254866335531941,674.3056333776316,681.8237132410858,677.5745826924477,670.8389651880215,666.8800310934755,1.6584137163707755
