task_name,positive_class,negative_class,feature,n_positive,n_negative,median_transformed_positive,median_transformed_negative,median_diff_transformed,mean_diff_transformed,raw_median_positive,raw_median_negative,raw_log2_fc,u_statistic,p_value,auc_positive_class,auc_abs,rank_biserial,cliffs_delta,positive_detection_rate_raw,negative_detection_rate_raw,detection_rate_diff_raw,q_value,neglog10_q,effect_direction,significant_fdr_05,qc_mean_intensity,qc_std_intensity,qc_cv_pct,qc_log_sd,qc_detection_rate,Dunn_mean_intensity,Dunn_std_intensity,Dunn_cv_pct,Dunn_log_sd,Dunn_detection_rate,French_mean_intensity,French_std_intensity,French_cv_pct,French_log_sd,French_detection_rate,LMU_mean_intensity,LMU_std_intensity,LMU_cv_pct,LMU_log_sd,LMU_detection_rate,bio_cv_pct_median,bio_cv_pct_max,bio_log_sd_median,bio_detection_rate_median,bio_detection_rate_min,d_ratio_cv,d_ratio_log,mz,mz max,mz min,mz std,rt,rt end,rt max,rt min,rt start,rt std,detection_rate__Dunn,detection_rate__French,detection_rate__LMU,blank_mean_intensity,blank_detection_rate,qc_mean_intensity_cont,bio_mean_intensity,blank_to_qc_ratio,blank_to_bio_ratio,blank_dominant_flag,carryover_spearman_rho,n_blank_contexts,bio_detection_rate_max,passes_mz_500,passes_qc_cv_30,passes_detection_70_any_class,passes_detection_70_all_classes,blank_dominant_veto,potential_carryover_flag,retained_main,retained_high_confidence,exclusion_reason,rank_within_task,feature_space
LMU_vs_Dunn,LMU,Dunn,FT-133,24,26,7.413908157075779,6.937337138848798,0.47657101822698156,0.4823328387081576,1534.3373044237626,1055.9402857836808,0.5386617711642009,624.0,1.4590262142284933e-09,1.0,1.0,1.0,1.0,1.0,1.0,0.0,1.9696853892084658e-08,7.705603136600914,LMU > Dunn,True,1351.542551822656,286.5416417756065,21.20108178534103,0.2053519591697415,1.0,1097.3934043636864,239.03633427878904,21.782191630483883,0.2092158809227371,1.0,928.0793216650784,169.53446132105458,18.26723830209801,0.1843039852101316,1.0,1659.7731732869022,357.42945752525014,21.534837607805237,0.2160954655260679,1.0,21.534837607805237,21.782191630483883,0.2092158809227371,1.0,1.0,0.9845015862881068,0.981531412740018,1088.3554957275571,1088.4199453175788,1088.2934665530554,0.0305335130841398,1455.6188085752144,1466.7822506003197,1457.4629416105597,1453.362926730289,1444.7626845477362,1.0102804559737495,1.0,1.0,1.0,0.0,0.0,1439.6278977590514,1226.756794766722,0.00069414177079,0.0008144935578955,False,,5,1.0,True,True,True,True,False,False,True,True,retained,1,high
LMU_vs_Dunn,LMU,Dunn,FT-043,24,26,7.8366422105679865,8.201503526914355,-0.3648613163463681,-0.36782239393564087,2445.9626464379608,3909.4016634320087,-0.676324725526075,0.0,1.4590262142284933e-09,0.0,1.0,-1.0,-1.0,1.0,1.0,0.0,1.9696853892084658e-08,7.705603136600914,LMU < Dunn,True,3673.4484500965054,515.6823455472766,14.038099419463173,0.1443753891704913,1.0,3876.9053153964496,617.4300280197714,15.925847494076171,0.1593609127292718,1.0,4275.790561019544,477.8174094852651,11.174948881764957,0.108745086451523,1.0,2479.727802149605,391.1012205210839,15.77194158899414,0.1613811788650551,1.0,15.77194158899414,15.925847494076171,0.1593609127292718,1.0,1.0,0.8900679310947446,0.9059648736811744,1005.172041771252,1005.2308196005796,1005.1142487241556,0.029859711948434,1156.3855354906916,1177.111414619113,1158.8826604052406,1153.7486667864507,1140.2857042395556,1.3065927903911043,1.0,1.0,1.0,0.0,0.0,3118.8095264918284,3548.3534298493914,0.0003205323887591,0.0002817414551028,False,,5,1.0,True,True,True,True,False,False,True,True,retained,2,high
LMU_vs_Dunn,LMU,Dunn,FT-046,24,26,8.438271165086753,8.782871169890429,-0.3446000048036755,-0.34424479338496994,4475.16992958472,6809.890684614646,-0.6055786703559807,0.0,1.4590262142284933e-09,0.0,1.0,-1.0,-1.0,1.0,1.0,0.0,1.9696853892084658e-08,7.705603136600914,LMU < Dunn,True,6610.777976966396,882.4985701415895,13.349390543993996,0.1369811487358044,1.0,6917.041036523019,1029.6813517947776,14.88615357864591,0.1477540765815728,1.0,7712.581031773899,751.1978769822063,9.739902555155783,0.0968400165926968,1.0,4497.696904549683,660.8527451943933,14.693136492276794,0.1496327238329179,1.0,14.693136492276794,14.88615357864591,0.1477540765815728,1.0,1.0,0.9085460106499986,0.9270887944684166,1004.1671268211272,1004.2261217749128,1004.1153691754812,0.0293680548858246,1156.358765017695,1178.0238250061675,1158.835709078045,1153.6774251130128,1138.0932935777616,1.2480085387190163,1.0,1.0,1.0,0.0,0.0,5583.736964527925,6382.624485196641,0.0001790594626661,0.0001566508184055,False,,5,1.0,True,True,True,True,False,False,True,True,retained,3,high
LMU_vs_Dunn,LMU,Dunn,FT-050,24,26,8.38089759311823,8.731302385403577,-0.3504047922853477,-0.3522253898729524,4208.253372772229,6620.229924845053,-0.6535348751560435,0.0,1.4590262142284933e-09,0.0,1.0,-1.0,-1.0,1.0,1.0,0.0,1.9696853892084658e-08,7.705603136600914,LMU < Dunn,True,6227.326577897577,889.3394364031454,14.28123971464168,0.1481178661026975,1.0,6581.1352570758845,976.5986958541667,14.839365211407111,0.1504386314876479,1.0,7323.356623935527,729.2654193675152,9.95807601372296,0.1000532254249698,1.0,4250.654481007634,631.9083081377187,14.866141460359827,0.1510288355989158,1.0,14.839365211407111,14.866141460359827,0.1504386314876479,1.0,1.0,0.9623888563416176,0.9845733415546192,1004.669623849698,1004.7279192531678,1004.6184698161242,0.0294407585087183,1156.3925786840523,1179.3259458956536,1158.8210746310124,1153.76426801242,1138.7118691983476,1.295796204185867,1.0,1.0,1.0,0.0,0.0,5273.683060561079,6058.416970500901,0.0001895848506002,0.0001650323793309,False,,5,1.0,True,True,True,True,False,False,True,True,retained,4,high
LMU_vs_Dunn,LMU,Dunn,FT-238,24,26,4.616570849365876,4.043667774515187,0.5729030748506885,0.5503196931983423,91.51164879352729,64.190732896947,0.5049681423524823,611.0,6.775771545178461e-09,0.9791666666666666,0.9791666666666666,0.9583333333333333,0.9583333333333334,1.0,1.0,0.0,6.098194390660615e-08,7.2147987358503265,LMU > Dunn,True,77.6716780384699,14.379820606504389,18.513595907355345,0.2083849271706473,1.0,60.38118484345158,16.487280292249793,27.305327537039645,0.2921114397875644,1.0,53.77688656031649,12.374878358330772,23.011518795256084,0.2619713772785836,1.0,93.97777325423417,22.833771100379494,24.296990990208123,0.2506508361585895,1.0,24.296990990208123,27.305327537039645,0.2619713772785836,1.0,1.0,0.7619707277669268,0.7954492179084443,1083.34221048445,1083.4156648006433,1083.2876061219467,0.0332555834962821,1423.037280138564,1429.8039524371825,1425.2939780948373,1420.203550145215,1414.9106421837485,1.413257598599415,1.0,1.0,1.0,0.0,0.0,74.77722454767705,69.2647233664748,0.0131965772825425,0.0142318926495215,False,,5,1.0,True,True,True,True,False,False,True,True,retained,5,high
LMU_vs_Dunn,LMU,Dunn,FT-115,24,26,5.217817137731371,4.800931207799662,0.41688592993170914,0.4011160783416763,176.51858544667766,132.0049697412386,0.4164899234584119,611.0,6.775771545178461e-09,0.9791666666666666,0.9791666666666666,0.9583333333333333,0.9583333333333334,1.0,1.0,0.0,6.098194390660615e-08,7.2147987358503265,LMU > Dunn,True,139.8000252545429,30.149390976812636,21.56608407038389,0.223851601841387,1.0,129.58792378319723,31.86225846519408,24.58736704393857,0.2440007728351992,1.0,94.63121562935764,25.29950592898983,26.73484194484036,0.2586073691200118,1.0,177.61194427190546,34.084432892518635,19.190394560592672,0.1942818738617155,1.0,24.58736704393857,26.73484194484036,0.2440007728351992,1.0,1.0,0.8771205160700805,0.9174216919082416,1151.2577144686827,1151.3262326936172,1151.1904885859722,0.0345722197950819,1279.5426959634483,1288.5432278668477,1281.9849407416823,1276.8114177037737,1271.368124220108,1.3332454669452618,1.0,1.0,1.0,0.0,0.0,133.8988169299706,133.8885582225211,0.0074129634548175,0.0074135272344621,False,,5,1.0,True,True,True,True,False,False,True,True,retained,6,high
LMU_vs_Dunn,LMU,Dunn,FT-076,24,26,9.950002198681577,10.015183790650314,-0.06518159196873619,-0.08786507383326736,19608.712735142915,23500.761767267395,-0.2612005083957737,41.0,1.4990612339439745e-07,0.0657051282051282,0.9342948717948718,-0.8685897435897436,-0.8685897435897436,1.0,1.0,0.0,1.1564186661853518e-06,5.936884906835459,LMU < Dunn,True,23152.514526849813,3135.561951005438,13.543073031523846,0.1371897518699396,1.0,24068.69687168032,3404.7506715331688,14.145970135754473,0.1403371789832725,1.0,22539.69817974451,2140.6167695095387,9.497095979010144,0.093044737113377,1.0,20273.604282270328,2976.373678783881,14.681028776845464,0.1430870654367492,1.0,14.145970135754473,14.681028776845464,0.1403371789832725,1.0,1.0,0.9573802928717642,0.9775723928887862,1076.70024884105,1076.7625959678255,1076.6463274354337,0.0309426276442148,1212.7298144435597,1251.1490926434903,1215.2321951852618,1209.9909453942582,1194.3964262931574,1.275060245925924,1.0,1.0,1.0,0.0,0.0,20958.55093644241,22316.46429807284,4.771094586102501e-05,4.480795786850893e-05,False,,5,1.0,True,True,True,True,False,False,True,True,retained,7,high
LMU_vs_Dunn,LMU,Dunn,FT-051,24,26,4.6001000478011,4.8757855948926085,-0.2756855470915083,-0.291241363684537,87.61677914688968,141.0279167603337,-0.680522734334985,59.0,9.431493085827788e-07,0.09455128205128202,0.905448717948718,-0.8108974358974359,-0.8108974358974359,1.0,1.0,0.0,6.366257832933757e-06,5.196115776467002,LMU < Dunn,True,130.10013630036502,20.62777859395784,15.855308980102864,0.1547061737356558,1.0,142.9059654289295,29.160715138683127,20.405526844983555,0.208847161297784,1.0,110.27678130247511,19.12185369597076,17.339872881782753,0.1635417294301753,1.0,99.34108019766782,27.14648683125351,27.32654685980636,0.2569963402982306,1.0,20.405526844983555,27.32654685980636,0.208847161297784,1.0,1.0,0.7770105178147211,0.7407626360555056,1069.2050570468462,1069.267470109953,1069.1500824304103,0.0309242309640597,1157.7638325982018,1163.3854165077216,1160.088364981479,1155.2213391757566,1149.20816373825,1.1956236333629695,1.0,1.0,1.0,0.0,0.0,112.01591078476524,117.82943627322548,0.008848311649715,0.0084154232432836,False,,5,1.0,True,True,True,True,False,False,True,True,retained,8,high
LMU_vs_Dunn,LMU,Dunn,FT-145,24,26,7.182893156214966,6.68261750372346,0.5002756524915064,0.34820737091567633,1289.6959780910395,862.484524050502,0.5799069894041355,560.0,1.5394006354359023e-06,0.8974358974358974,0.8974358974358974,0.7948717948717949,0.7948717948717948,1.0,1.0,0.0,9.236403812615414e-06,5.034497088124188,LMU > Dunn,True,1085.0013862206083,173.3565501749655,15.977541814837616,0.1556454618677374,0.9090909090909092,860.100180918337,165.60026338976036,19.25360173892156,0.19499243586553,0.9629629629629628,679.7249247934143,196.23195167673936,28.86931823728242,0.71295336553404,1.0,1138.012470849773,491.3327394622425,43.174635783679605,1.0975387745376597,1.0,28.86931823728242,43.174635783679605,0.71295336553404,1.0,0.9629629629629628,0.5534436831349864,0.2183108592960363,1632.0422244647154,1632.143549164095,1631.944909954586,0.0498037752269419,1455.2449080604651,1465.325859832764,1457.0759410058563,1452.9375087822204,1445.226665496828,1.1451980467965952,0.9629629629629628,1.0,1.0,0.0,0.0,1057.5379063408889,881.3136327924005,0.0009446992819149,0.0011333838250182,False,,5,1.0,True,True,True,True,False,False,True,True,retained,9,high
LMU_vs_Dunn,LMU,Dunn,FT-028,24,26,6.218182953833056,6.475140477159766,-0.25695752332670985,-0.46368418035728975,482.9336069526175,688.4771600300517,-0.5106936298862894,72.0,3.3080282949017956e-06,0.1153846153846154,0.8846153846153846,-0.7692307692307692,-0.7692307692307693,1.0,1.0,0.0,1.7863352792469698e-05,4.748037024584563,LMU < Dunn,True,555.7034288030117,136.73290474117934,24.60537359571504,0.2716816191609109,0.9090909090909092,639.3515506917423,184.40183354408424,28.84200927401707,0.8176455099697597,1.0,573.1177919836174,155.02991656993234,27.050271120245363,0.3506755015950928,0.9615384615384616,413.5039091888864,171.46050287180628,41.46526769435789,0.7372262169052736,0.9615384615384616,28.84200927401707,41.46526769435789,0.7372262169052736,0.9615384615384616,0.9615384615384616,0.8531088580531491,0.3685186621568822,1845.2675702568588,1845.3714278358416,1845.1623419189225,0.0547059411325117,1057.465322843472,1063.011718921446,1060.0061878004767,1054.8746688276972,1047.5546058911905,1.2638959113625776,1.0,0.9615384615384616,0.9615384615384616,0.0,0.0,421.6582446569468,530.7346126327803,0.0023659777435825,0.0018806374011439,False,,5,1.0,True,True,True,True,False,False,True,True,retained,10,high
LMU_vs_Dunn,LMU,Dunn,FT-156,24,26,7.45436827342334,7.5699809550381545,-0.11561268161481486,-0.2982413752221156,1707.0200792688559,2045.2323975379945,-0.260645070947301,80.0,6.94531577749783e-06,0.1282051282051282,0.8717948717948718,-0.7435897435897436,-0.7435897435897436,1.0,1.0,0.0,3.125392099874024e-05,4.50509548995849,LMU < Dunn,True,2067.210688115104,388.6049358611448,18.79851618876242,0.1843025114301495,0.9090909090909092,1988.40151440123,464.9820200114352,23.38471463855507,0.4314863783948948,1.0,1868.912320000172,482.2281241500231,25.802608233112764,0.444972533041154,1.0,1538.7698878048118,564.4279108071868,36.68046244473837,1.0449765627870082,0.9615384615384616,25.802608233112764,36.68046244473837,0.444972533041154,1.0,0.9615384615384616,0.728551006120307,0.4141885121999296,1560.001369125993,1560.0914572782103,1559.9171022035998,0.0453103280372081,1419.237135066407,1434.9778151004848,1421.147539593874,1416.8768402638188,1406.173628949106,1.0870526004769543,1.0,1.0,0.9615384615384616,0.0,0.0,1732.6610796448415,1781.617827898203,0.0005768140103859,0.0005609727359111,False,,5,1.0,True,True,True,True,False,False,True,True,retained,11,high
LMU_vs_Dunn,LMU,Dunn,FT-056,24,26,7.81843848412753,7.910201305295191,-0.0917628211676611,-0.10300427417309876,2346.2279301744475,2927.535810732721,-0.31922159295686253,80.0,6.94531577749783e-06,0.1282051282051282,0.8717948717948718,-0.7435897435897436,-0.7435897435897436,1.0,1.0,0.0,3.125392099874024e-05,4.50509548995849,LMU < Dunn,True,2788.1660946357697,462.4385414829106,16.585760165888576,0.168154494327205,1.0,2975.833522177238,518.5589672499494,17.425671274465348,0.1718737894296348,1.0,2432.6862108110627,308.0027308638646,12.661013553456852,0.1276400845836562,1.0,2496.4985602396814,487.78693280579375,19.53884294485485,0.1881914209821631,1.0,17.425671274465348,19.53884294485485,0.1718737894296348,1.0,1.0,0.9518003584856136,0.9783603124433792,1178.2689676482953,1178.3381296315554,1178.209676243099,0.0346187918603327,1244.9133772041282,1263.400026280825,1247.491725418386,1242.276386378739,1231.3467261131775,1.2773380949643511,1.0,1.0,1.0,0.0,0.0,2542.598814284542,2639.320368938036,0.0003931437593004,0.0003787419177477,False,,5,1.0,True,True,True,True,False,False,True,True,retained,12,high
LMU_vs_Dunn,LMU,Dunn,FT-102,24,26,6.240582067249827,6.380332058447014,-0.13974999119718667,-0.1247101742155099,497.6909412303082,611.8618619840219,-0.29741593301768793,86.0,1.1930876873825186e-05,0.1378205128205128,0.8621794871794872,-0.7243589743589743,-0.7243589743589743,1.0,1.0,0.0,4.9559027014350776e-05,4.3048772286568795,LMU < Dunn,True,595.2975324589725,105.1812729031908,17.66868954902645,0.1721669875367504,1.0,616.1015013748932,125.68594800544533,20.40020154551877,0.2120311120795627,1.0,607.4260162741509,73.3245843992448,12.071360533584892,0.1171539362602065,1.0,503.6426854460259,91.6148124211813,18.19043839384806,0.1728215092319016,1.0,18.19043839384806,20.40020154551877,0.1728215092319016,1.0,1.0,0.9713174122841336,0.9962127301279792,1295.3371125063638,1295.4121806158155,1295.2703518474862,0.0390429682024521,1284.5115125888428,1294.5797058843823,1286.76247199753,1282.1484267015423,1273.3225453284513,1.1385088817335398,1.0,1.0,1.0,0.0,0.0,526.3788486510487,576.2345162259078,0.0018961700920653,0.0017323981360959,False,,5,1.0,True,True,True,True,False,False,True,True,retained,13,high
LMU_vs_Dunn,LMU,Dunn,FT-168,24,26,8.40235556468378,8.281129783541761,0.12122578114201943,0.11819266935429873,4426.256828780619,4256.791122604329,0.05630789153918844,533.0,1.8542490639938033e-05,0.8541666666666666,0.8541666666666666,0.7083333333333333,0.7083333333333334,1.0,1.0,0.0,7.152103532547527e-05,4.14556620739885,LMU > Dunn,True,4272.505543503742,647.1068858692253,15.14584075503748,0.1549091845619992,1.0,4228.6050966851,811.5313554095404,19.191467087946293,0.2069617323617849,1.0,4544.164145292001,573.1416536814055,12.612696974760718,0.1238463724811625,1.0,4226.153285283751,1065.088414705093,25.20231384919067,0.5655774027785154,1.0,19.191467087946293,25.20231384919067,0.2069617323617849,1.0,1.0,0.7891966093905465,0.7484919206764573,1336.3262451050714,1336.405389862383,1336.2566589899025,0.0391003658010661,1551.2877356272045,1571.0304137199175,1553.9989897891342,1548.747391469725,1537.806266046342,1.2870543607151437,1.0,1.0,1.0,0.0,0.0,4360.541664934453,4331.653048170472,0.0002292767275479,0.0002308054646614,False,,5,1.0,True,True,True,True,False,False,True,True,retained,14,high
LMU_vs_Dunn,LMU,Dunn,FT-079,24,26,3.9578680833222406,4.3931347376772525,-0.4352666543550119,-0.5706653667814066,46.434782760965874,92.06943582022129,-0.9723621217563571,95.0,2.6214431739141237e-05,0.15224358974358973,0.8477564102564102,-0.6955128205128205,-0.6955128205128205,0.9583333333333334,1.0,-0.04166666666666663,9.437195426090845e-05,4.0251570514583905,LMU < Dunn,True,71.47372902399326,20.764956361815123,29.052571686646527,0.2866971967972456,1.0,89.28751929112467,24.88581714288769,27.871551747055182,0.3138745705312104,1.0,62.65457214130426,23.91614570581125,38.17142929629045,0.4162819333454849,1.0,80.95084998642987,161.69266039604543,199.74176975677292,0.8223924024236376,0.9615384615384616,38.17142929629045,199.74176975677292,0.4162819333454849,1.0,0.9615384615384616,0.7611077767389207,0.6887091988191257,1077.2093617269695,1077.2780627278853,1077.1457095383691,0.033821129808481,1186.4594094558372,1193.3994246262791,1189.5073639083237,1183.6673357354396,1179.0351316011868,1.4609631651882211,1.0,1.0,0.9615384615384616,2.55112722212645,0.3333333333333333,85.72907572772174,76.87344777391537,0.0409450601465522,0.04560125849874,False,0.3535533905932737,5,1.0,True,True,True,True,False,False,True,True,retained,15,high
LMU_vs_Dunn,LMU,Dunn,FT-158,24,26,6.97424667333897,6.807847604286717,0.166399069052253,0.15393058491292333,1032.747872826576,1002.3521697802892,0.04305628974858346,527.0,3.110185801826194e-05,0.844551282051282,0.844551282051282,0.6891025641025641,0.6891025641025641,1.0,1.0,0.0,0.00010496877081163406,3.978939888372835,LMU > Dunn,True,984.5967368662832,143.59764913315124,14.584412456025948,0.1534563617952599,1.0,988.1466796263404,203.06819794960268,20.550410393160583,0.2006633238580641,1.0,1066.708522918447,175.02912508890694,16.408336610083357,0.1619257321850824,1.0,1052.9436143684177,179.121852018199,17.01153315086496,0.1659174758278136,1.0,17.01153315086496,20.550410393160583,0.1659174758278136,1.0,1.0,0.8573249880939977,0.9248957111336144,1256.286883804324,1256.3617691443733,1256.218970839692,0.0384284633284264,1499.1705919535325,1512.5175795444216,1501.7481985790696,1496.5087130770617,1486.488871019942,1.2082867332128768,1.0,1.0,1.0,0.0,0.0,994.754597744716,1035.3280496122743,0.0010042635025385,0.0009649454150875,False,,5,1.0,True,True,True,True,False,False,True,True,retained,16,high
LMU_vs_Dunn,LMU,Dunn,FT-161,24,26,7.779636680351878,7.630103209739933,0.14953347061194489,0.13770281092124304,2267.8197612717345,2258.821269630088,0.005733329828440028,524.0,4.008491271869131e-05,0.8397435897435898,0.8397435897435898,0.6794871794871795,0.6794871794871795,1.0,1.0,0.0,0.00012732854628290182,3.8950742192582215,LMU > Dunn,True,2252.563161035589,320.3131827392607,14.21994234301517,0.1530022647655249,1.0,2289.2257960955617,420.4224160972272,18.365266406410747,0.1712468501816914,1.0,2404.156180008782,392.6592100237592,16.332516717874995,0.1649602797032179,1.0,2394.185734845982,383.955309576996,16.03698927734593,0.1595972948967543,1.0,16.332516717874995,18.365266406410747,0.1649602797032179,1.0,1.0,0.8706522447610456,0.9275097316808218,1255.783773964013,1255.857464327852,1255.718137993478,0.0376269232141806,1499.2176641397284,1516.2742759870457,1501.9539524350391,1496.516673083489,1484.1305376135774,1.3130847980307403,1.0,1.0,1.0,0.0,0.0,2261.558763434563,2361.594763048152,0.0004419774708887,0.0004232634456151,False,,5,1.0,True,True,True,True,False,False,True,True,retained,17,high
LMU_vs_Dunn,LMU,Dunn,FT-038,24,26,6.107036017879496,6.244498143067295,-0.137462125187799,-0.21266046311847653,413.0305926664725,554.294295507252,-0.4235152031064708,102.0,4.7387283797267674e-05,0.16346153846153844,0.8365384615384616,-0.6730769230769231,-0.6730769230769231,1.0,1.0,0.0,0.00014216185139180303,3.847216929293862,LMU < Dunn,True,483.19473611175033,85.39446478785928,17.6728880523462,0.1817703839288994,1.0,639.112857653513,507.7790029695238,79.450600451667,0.3907956941146937,1.0,413.86352127777786,61.06467138958861,14.754784669365211,0.1478343687389213,1.0,438.18500502963366,85.02436825023963,19.403760346497844,0.1985234383838393,1.0,19.403760346497844,79.450600451667,0.1985234383838393,1.0,1.0,0.910797069060686,0.9156117051400836,1025.690862799387,1025.7477618544551,1025.6366460844254,0.030538553488754,1107.23462155222,1121.1202767189984,1109.9813621005935,1104.387069581245,1102.96307424481,1.4209852699776997,1.0,1.0,1.0,0.0,0.0,423.7966793550052,498.8520106409816,0.002354067365871,0.0020005921326947,False,,5,1.0,True,True,True,True,False,False,True,True,retained,18,high
LMU_vs_Dunn,LMU,Dunn,FT-146,24,26,5.357656184464416,5.54441994061899,-0.18676375615457452,-0.41575276656746585,206.01619673317657,267.9229090181087,-0.37744901371390205,105.0,6.07450527507298e-05,0.16826923076923078,0.8317307692307692,-0.6634615384615384,-0.6634615384615384,0.9583333333333334,1.0,-0.04166666666666663,0.0001726438341336531,3.7628489275928243,LMU < Dunn,True,261.6091094216664,47.00097804719745,17.9661091125999,0.1758773658218541,0.9090909090909092,261.9596697911767,65.71144256136327,25.0845645872686,0.2872472934526396,0.9629629629629628,194.7691029998359,63.56732097576573,32.63727151622159,0.4567167706769161,1.0,198.9681783603712,49.36386104631966,24.80992762416101,0.338700797787478,0.8846153846153846,25.0845645872686,32.63727151622159,0.338700797787478,0.9629629629629628,0.8846153846153846,0.7162216848570855,0.519270598034465,1633.038705134174,1633.107167277146,1632.9691329723976,0.0425022110452064,1439.0391430336188,1445.0717250636355,1440.7764451317369,1436.86510091518,1430.602291920149,0.996074966973379,0.9629629629629628,1.0,0.8846153846153846,0.0,0.0,214.16382200172248,208.2432429728464,0.0046476214760304,0.0047791268467855,False,,5,1.0,True,True,True,True,False,False,True,True,retained,19,high
LMU_vs_Dunn,LMU,Dunn,FT-217,24,26,4.853151089910124,4.613978682264464,0.23917240764566028,0.31032613087223826,116.33833748543562,106.28516203915333,0.1292238968846355,504.0,0.00020031264959228642,0.8076923076923076,0.8076923076923076,0.6153846153846154,0.6153846153846154,1.0,1.0,0.0,0.0005408441538991733,3.2669278603134635,LMU > Dunn,True,113.99744515007,25.211088899547768,22.115485892125964,0.232141856461769,1.0,109.45642950639582,32.71733236158546,29.890735984288348,0.3073831835780404,1.0,112.3975742635556,178.924854739174,159.18924933346145,0.5770913220586236,1.0,163.51959818131456,204.238495617062,124.90153956383706,0.5285792074738542,1.0,124.90153956383706,159.18924933346145,0.5285792074738542,1.0,1.0,0.1770633570198929,0.4391808326536411,1089.0287993120237,1089.0950065180127,1088.970820326633,0.030458456101534,1473.4388815633502,1483.5051296283675,1476.2821695524506,1470.872925663907,1466.9955052957894,1.2981758393010991,1.0,1.0,1.0,0.0,0.0,115.9467520052329,128.2173427878394,0.0085509001562972,0.0077388992717633,False,,5,1.0,True,True,True,True,False,False,True,True,retained,20,high
LMU_vs_Dunn,LMU,Dunn,FT-101,24,26,10.738558144826422,10.665513988031595,0.07304415679482723,0.06470563405677154,44486.805991498826,45268.48597505213,-0.025128974429973232,502.0,0.0002334306016707161,0.8044871794871795,0.8044871794871795,0.608974358974359,0.6089743589743589,1.0,1.0,0.0,0.0006002501185818414,3.221667745474293,LMU > Dunn,True,45626.17676693369,4279.033789591016,9.378462305638829,0.0910214052864614,1.0,45557.49099681806,4420.148442554461,9.702352666575042,0.0973703185670491,1.0,43120.127373938994,2960.1820920723767,6.8649660201640685,0.0686635287788551,1.0,44610.31605518913,4225.289315579831,9.471552074082068,0.0973692627224306,1.0,9.471552074082068,9.702352666575042,0.0973692627224306,1.0,1.0,0.9901716458173764,0.9348063520408388,1222.7800653728018,1222.853415898867,1222.7169146828526,0.0354924396049877,1300.021420828775,1340.6451712215658,1302.407113605227,1297.540546705481,1283.5628868551817,1.204843434452595,1.0,1.0,1.0,0.0,0.0,43239.0845382071,44443.59222875214,2.3126689290267146e-05,2.2499925184443003e-05,False,,5,1.0,True,True,True,True,False,False,True,True,retained,21,high
LMU_vs_Dunn,LMU,Dunn,FT-105,24,26,10.678831543235301,10.609252041911493,0.0695795013238083,0.06288211447230196,41609.7810814839,42220.62251102996,-0.02102465061162424,496.0,0.0003662570019089513,0.7948717948717949,0.7948717948717949,0.5897435897435896,0.5897435897435898,1.0,1.0,0.0,0.0008599077436123204,3.0655481401393443,LMU > Dunn,True,43569.556183615,4508.197218448666,10.347126786074636,0.1026774622681893,1.0,43079.30368149134,4733.557043407208,10.988007323435314,0.1086906312195774,1.0,41117.41663917922,3427.654260033813,8.336258792989762,0.0835609054949195,1.0,42261.01480804069,4771.840521568528,11.291353374364842,0.1124554287996281,1.0,10.988007323435314,11.291353374364842,0.1086906312195774,1.0,1.0,0.9416745440282148,0.9446762900912756,1222.2792600253013,1222.3523829534292,1222.2154645351295,0.0356384043734069,1300.11549170832,1340.2901754940272,1302.463122605168,1297.468351311746,1283.18202748018,1.2617595384120577,1.0,1.0,1.0,0.0,0.0,41415.38659143461,42164.30907630359,2.4145032493172924e-05,2.3716178581553155e-05,False,,5,1.0,True,True,True,True,False,False,True,True,retained,22,high
LMU_vs_Dunn,LMU,Dunn,FT-040,24,26,6.711105939763549,6.789559998485157,-0.07845405872160871,-0.10586082928958174,826.3424303788925,959.3091015487462,-0.21501427826279731,128.0,0.0003662570019089513,0.20512820512820512,0.7948717948717949,-0.5897435897435898,-0.5897435897435898,1.0,1.0,0.0,0.0008599077436123204,3.0655481401393443,LMU < Dunn,True,886.5293864385967,118.68696932945446,13.387821221160957,0.1414291388719939,1.0,951.0122073465504,173.75886699485983,18.270939705355623,0.1883104607211186,1.0,753.6994522024642,116.15019627125176,15.410678080213152,0.150496224795471,1.0,789.8296231670555,152.89654677833602,19.358168178758863,0.1991974977750463,1.0,18.270939705355623,19.358168178758863,0.1883104607211186,1.0,1.0,0.7327385146608898,0.7510423920710684,1024.6859401518484,1024.745883352035,1024.635571164931,0.0299810881909713,1107.6170160866384,1125.2454211495194,1110.1572639572094,1104.5491052697555,1102.7951743386006,1.4042236421118546,1.0,1.0,1.0,0.0,0.0,780.9964350724675,833.0263994679034,0.0012787782081223,0.0011990028141051,False,,5,1.0,True,True,True,True,False,False,True,True,retained,23,high
LMU_vs_Dunn,LMU,Dunn,FT-233,24,26,6.819432418868731,6.879042982853265,-0.059610563984533904,-0.06825348358658623,863.5808361465613,1047.7478204721451,-0.27859504876592356,132.0,0.0004910324992009517,0.2115384615384615,0.7884615384615385,-0.5769230769230769,-0.5769230769230769,1.0,1.0,0.0,0.0011048231232021414,2.956707244843976,LMU < Dunn,True,961.8194147125778,156.01010600685552,16.22031159076533,0.1638829499752081,1.0,1036.1497168646174,170.3027150323796,16.43611075315588,0.164374168470677,1.0,852.9316266516083,103.94259908633498,12.186510130288765,0.1214605077086721,1.0,890.4352367947397,153.16996116685368,17.201695849123492,0.1781088488032578,1.0,16.43611075315588,17.201695849123492,0.164374168470677,1.0,1.0,0.9868704241756758,0.99701158338905,1179.778005634704,1179.8471969424174,1179.7162683397833,0.0348061923921688,1244.6512806591527,1258.3621313912536,1247.0162825638563,1242.1525013996577,1231.8023332868306,1.2082635774533983,1.0,1.0,1.0,0.0,0.0,868.799531497013,927.893427910756,0.0011496902030734,0.0010765497633557,False,,5,1.0,True,True,True,True,False,False,True,True,retained,24,high
LMU_vs_Dunn,LMU,Dunn,FT-245,24,26,4.82628645786391,4.569067606003639,0.25721885186027116,0.2690359414527004,107.9443321317776,98.4474121713065,0.13158540694392035,478.0,0.001310165643911266,0.766025641025641,0.766025641025641,0.5320512820512822,0.532051282051282,1.0,1.0,0.0,0.002829957790848334,2.5482200419804304,LMU > Dunn,True,102.27264637167885,23.94401701317341,23.41194626582377,0.2375632912336369,1.0,98.14780253491524,28.04250125982913,28.57170566794224,0.2995754866079673,1.0,72.38617095643076,25.493013967975468,35.21807222448569,0.3624332430992935,1.0,121.74430209413164,37.588003177106906,30.87454815589168,0.3152967411805737,1.0,30.87454815589168,35.21807222448569,0.3152967411805737,1.0,1.0,0.7582927577631983,0.753459393028049,1083.02130840629,1083.085385012217,1082.9524375265098,0.0367501395346961,1473.1330249701502,1482.318571374777,1476.1689162150667,1469.9701177376287,1466.9295087773758,1.491661240294952,1.0,1.0,1.0,0.0,0.0,88.51679395190241,97.43522743996624,0.011171088193097,0.010158964691882,False,,5,1.0,True,True,True,True,False,False,True,True,retained,25,high
LMU_vs_Dunn,LMU,Dunn,FT-089,24,26,7.653326275280975,7.570473759161846,0.0828525161191287,0.0672076273598119,2048.8552417483843,2028.0554475387855,0.014713742147657546,477.0,0.0014015808241005048,0.7644230769230769,0.7644230769230769,0.5288461538461537,0.5288461538461539,1.0,1.0,0.0,0.002910975557747202,2.535961441136277,LMU > Dunn,True,2103.1511880187813,232.5006999647917,11.05487333907806,0.1094476694914168,1.0,2038.935859110151,319.7756490021742,15.683457994688135,0.1873448944478679,1.0,1983.580024250205,138.7781667026422,6.996348269594038,0.0712517773303911,1.0,1989.819037067214,284.7717931253494,14.311441785433582,0.1681592093072086,1.0,14.311441785433582,15.683457994688135,0.1681592093072086,1.0,1.0,0.7724500092177916,0.6508574222150857,1233.2816716646137,1233.3544547572506,1233.2180624334412,0.0354944446073147,1299.4896330327,1318.851755163174,1301.5338470303554,1296.9599185364402,1284.7912920438337,1.2163430138721094,1.0,1.0,1.0,0.0,0.0,2032.678384664808,2004.552453040848,0.0004917198351227,0.0004986157297874,False,,5,1.0,True,True,True,True,False,False,True,True,retained,26,high
LMU_vs_Dunn,LMU,Dunn,FT-015,24,26,7.5628737463439,7.617092332234768,-0.05421858589086792,-0.14727155251292867,1856.4307131037021,2123.5155154760123,-0.1938254842179291,153.0,0.002085243498140463,0.2451923076923077,0.7548076923076923,-0.5096153846153846,-0.5096153846153846,1.0,1.0,0.0,0.004170486996280926,2.379813228611758,LMU < Dunn,True,1948.2048682113164,335.9240659414338,17.242748512883658,0.1793591036019114,0.9090909090909092,2066.3966469167967,570.9602390147946,27.63071842314039,0.8069407118605975,1.0,1411.6876752169676,378.9761476769072,26.845608581137533,0.4839804421678657,1.0,1632.9332523941323,670.5500900217854,41.06414570458746,1.034697073242102,1.0,27.63071842314039,41.06414570458746,0.8069407118605975,1.0,1.0,0.6240427139398252,0.2222704852607517,1685.172273985871,1685.2705514689096,1685.0893153104369,0.0491659417086484,962.883033571473,978.8590223892908,965.5223748060172,960.160472210801,950.0644366637516,1.3022834918697654,1.0,1.0,1.0,0.0,0.0,1659.047450135412,1708.2639694258492,0.0006023924195169,0.0005850471418618,False,,5,1.0,True,True,True,True,False,False,True,True,retained,27,high
LMU_vs_Dunn,LMU,Dunn,FT-005,24,26,10.427732656959211,10.289423613986042,0.13830904297316948,0.2269607492757757,35415.42213309069,31260.226283026517,0.1800441023314644,466.0,0.002875687711167,0.7467948717948718,0.7467948717948718,0.4935897435897436,0.4935897435897436,1.0,1.0,0.0,0.0051762378801006,2.285985773366956,LMU > Dunn,True,30133.94500837972,5345.247283314719,17.73829242015375,0.2121248988977114,1.0,30292.07643437917,8830.42094827246,29.15092653817093,0.4041830115391308,1.0,33741.45757326203,5823.609372125243,17.25950741600471,0.1775964155562451,1.0,33604.26137529538,8872.61190006485,26.40323440225254,0.2891473850239668,1.0,26.40323440225254,29.15092653817093,0.2891473850239668,1.0,1.0,0.6718227073968045,0.7336220553408388,886.6324598613013,886.683374655879,886.5806672354295,0.0260289685536768,609.4612894305731,638.0671635917994,612.0676440481267,606.7118780336342,593.3752149084339,1.2871308303822482,1.0,1.0,1.0,0.0,0.0,31389.31168830916,32517.40197962949,3.185696306330194e-05,3.0751818635689115e-05,False,,5,1.0,True,True,True,True,False,False,True,True,retained,28,high
LMU_vs_Dunn,LMU,Dunn,FT-155,24,26,6.951307803821604,6.848293322352491,0.10301448146911252,0.06526166710707226,1013.179380028565,1023.4289929530396,-0.01450714176609869,466.0,0.002875687711167,0.7467948717948718,0.7467948717948718,0.4935897435897436,0.4935897435897436,1.0,1.0,0.0,0.0051762378801006,2.285985773366956,LMU > Dunn,True,1038.9695002714582,163.279629059216,15.71553630944459,0.1564104066425036,1.0,1009.7221976645932,157.85608072607192,15.633614977582988,0.1642765567562091,1.0,1030.8070125145923,135.40441370882257,13.135767613620663,0.1387392788681812,1.0,997.7027006819924,143.62022611258183,14.395092447320067,0.1670527753153103,1.0,14.395092447320067,15.633614977582988,0.1642765567562091,1.0,1.0,1.0917287517920975,0.9521164171624372,1266.2831822007336,1266.3496637437588,1266.2194012278928,0.0351803559518064,1499.1248349190344,1514.2912847345538,1501.8993996529623,1496.2190622803143,1483.236571225258,1.3516557316872444,1.0,1.0,1.0,0.0,0.0,1087.7698336030307,1012.7057200006992,0.000918467768978,0.0009864795869942,False,,5,1.0,True,True,True,True,False,False,True,True,retained,29,high
LMU_vs_Dunn,LMU,Dunn,FT-225,24,26,3.966971925841265,4.2930213340464825,-0.32604940820521744,-0.2969354423727508,48.07827296341962,75.98179241123832,-0.6494327803620688,158.0,0.002875687711167,0.2532051282051282,0.7467948717948718,-0.4935897435897436,-0.4935897435897436,1.0,1.0,0.0,0.0051762378801006,2.285985773366956,LMU < Dunn,True,67.83135853454345,19.44863422762497,28.672039964702545,0.308022619944372,1.0,80.73975326922363,26.92942968746948,33.35337129118332,0.3466794905088786,1.0,65.78898030292068,17.277471594322904,26.26195377215153,0.2715956800775632,1.0,69.38107808751514,81.67884672190607,117.7249604263556,0.7119806126003634,1.0,33.35337129118332,117.7249604263556,0.3466794905088786,1.0,1.0,0.8596444333734189,0.88849392126496,1077.7143327045933,1077.774000301872,1077.655267159494,0.0311261598865204,1186.9637374633428,1193.886183441663,1190.5084643354585,1183.6865880769894,1179.1995339315472,1.6444793093376109,1.0,1.0,1.0,0.0,0.0,56.88954332566981,72.08094754962491,0.0172742768823428,0.0136834569546455,False,,5,1.0,True,True,True,True,False,False,True,True,retained,30,high
LMU_vs_Dunn,LMU,Dunn,FT-006,24,26,9.649389239658039,9.542770272096684,0.1066189675613547,0.23832884206645488,16566.65457920083,14764.819985891241,0.16610790463040337,456.0,0.005327419083857926,0.7307692307692308,0.7307692307692308,0.46153846153846145,0.46153846153846156,1.0,1.0,0.0,0.009280020339623484,2.0324510719086635,LMU > Dunn,True,14237.665886413428,2793.4597523051384,19.62020863947125,0.2333371653017254,1.0,14353.00281365266,4482.013535674623,31.2270093851811,0.4300291955618134,1.0,16234.006148135048,3248.81288554222,20.012391617305397,0.2028509278892641,1.0,16153.435788884508,4743.407375695724,29.36469638836683,0.3242575065160616,1.0,29.36469638836683,31.2270093851811,0.3242575065160616,1.0,1.0,0.6681563595952597,0.7196045137359601,887.6403722304062,887.6915980212889,887.5931182401197,0.0264112827320949,609.3874587233016,637.95713424683,612.0491366757302,606.703800297612,594.2041830964115,1.275730582215387,1.0,1.0,1.0,0.0,0.0,15002.78195670832,15564.614763685193,6.664986220710114e-05,6.424416993365496e-05,False,,5,1.0,True,True,True,True,False,False,True,True,retained,31,high
LMU_vs_Dunn,LMU,Dunn,FT-004,24,26,8.611466996502752,8.483066197997818,0.12840079850493424,0.24489916091210162,5614.770451786205,5178.217418029228,0.11674984322318664,451.0,0.007157048009195629,0.7227564102564102,0.7227564102564102,0.4455128205128205,0.44551282051282054,1.0,1.0,0.0,0.012077518515517624,1.918022288042977,LMU > Dunn,True,4927.071786112868,1017.7322477937986,20.655924897670747,0.2500675052057238,1.0,4984.858382333048,1549.4631335959764,31.083393243175465,0.4489999649122724,1.0,5633.607046559093,1219.6645374404725,21.64979785349817,0.2186352319383048,1.0,5642.504715364699,1733.473738644778,30.721706513146195,0.3366704673573767,1.0,30.721706513146195,31.083393243175465,0.3366704673573767,1.0,1.0,0.6723560388428235,0.7427663827141582,888.6453654740943,888.696941107057,888.6002022302245,0.0261611624589508,609.2556518766722,632.996441523236,612.0087323125949,606.7788089451603,595.4616877237953,1.2546838991479563,1.0,1.0,1.0,0.0,0.0,5192.6804661605365,5414.811166240645,0.0001925416872515,0.0001846445471056,False,,5,1.0,True,True,True,True,False,False,True,True,retained,32,high
LMU_vs_Dunn,LMU,Dunn,FT-023,24,26,7.476333446796607,7.402073769513489,0.07425967728311811,0.05528575649123546,1789.5214416229355,1765.5451781791203,0.019449149503924807,441.0,0.012586371998807676,0.7067307692307692,0.7067307692307692,0.41346153846153855,0.41346153846153844,1.0,1.0,0.0,0.02059588145259438,1.6862196165841832,LMU > Dunn,True,1724.8333027315362,323.5220148815151,18.756711988872706,0.1939580026098016,1.0,1770.0987940056827,323.50770533601474,18.276251383908697,0.1970287152090957,1.0,1824.9613909279733,227.3149329952592,12.455876279096074,0.1239343162333272,1.0,1699.825069969328,399.2304388201249,23.486560227478503,0.3410545958200204,1.0,18.276251383908697,23.486560227478503,0.1970287152090957,1.0,1.0,1.0262887938489962,0.9844148981226656,1373.9225103480585,1374.0029575632857,1373.8540674237456,0.0405870910542427,980.4212867734888,997.417253063569,983.3517791601566,977.5795583957146,968.2150490053244,1.401590404635891,1.0,1.0,1.0,0.0,0.0,1768.6488499031534,1765.02677748713,0.0005650838583342,0.0005662428298074,False,,5,1.0,True,True,True,True,False,False,True,True,retained,33,high
LMU_vs_Dunn,LMU,Dunn,FT-018,24,26,7.9338830117668895,7.845032765102081,0.08885024666480845,0.05822546382787408,2798.04111367362,2777.9342442937336,0.010400980471637894,439.0,0.014032652260761811,0.7035256410256411,0.7035256410256411,0.40705128205128216,0.40705128205128205,1.0,1.0,0.0,0.022287153590621698,1.651945394006186,LMU > Dunn,True,2618.2826099031004,542.1395654625433,20.705922401654234,0.2182820654825567,1.0,2700.190045656604,651.514564657568,24.12847072396119,0.5172835306293211,1.0,2803.7602110732228,356.7108877011631,12.722588982194784,0.1269841623967162,1.0,2635.671107355181,530.3400228677482,20.121631313852696,0.2202243373097747,1.0,20.121631313852696,24.12847072396119,0.2202243373097747,1.0,1.0,1.0290379581400682,0.9911804850865056,1372.9191123009864,1372.997683690058,1372.8485441828032,0.0401136096641405,980.422438027575,998.3599555885412,983.254920699392,977.8447214040514,967.5379132700484,1.3146068155169774,1.0,1.0,1.0,0.0,0.0,2719.6012785888224,2713.042348251479,0.0003675658053497,0.0003684540886564,False,,5,1.0,True,True,True,True,False,False,True,True,retained,34,high
LMU_vs_Dunn,LMU,Dunn,FT-172,24,26,1.833271079188676,2.92354555933171,-1.0902744801430342,-1.3194744749567426,4.42142814410595,17.69441686341842,-1.7858626199168384,191.0,0.0186539780218619,0.3060897435897436,0.6939102564102564,-0.3878205128205128,-0.38782051282051283,0.25,0.6538461538461539,-0.40384615384615385,0.028780423233729785,1.5409028237864224,LMU < Dunn,True,73.04771150881156,18.84406624611353,25.79692896175183,0.2557618923329953,0.8181818181818182,172.0618625851469,224.13242358192284,130.26269750567658,1.5112433042832,0.6666666666666666,189.9702629472652,38.22021388502828,20.11905089358013,0.2023013591624453,1.0,22.948212248870828,10.210735726801875,44.49468924231472,0.4072489990891061,0.2692307692307692,44.49468924231472,130.26269750567658,0.4072489990891061,0.6666666666666666,0.2692307692307692,0.5797754608704806,0.6280233785842517,886.6352611425967,886.6797677782474,886.5887702166918,0.0241624875229154,674.1885161473726,683.2720027250376,679.4295417213385,668.2875055110654,665.7916876848988,2.238306369755907,0.6666666666666666,1.0,0.2692307692307692,0.0,0.0,44.86338354956652,104.85633871737188,0.0218038862945917,0.0094467654192152,False,,5,1.0,True,True,True,False,False,False,True,True,retained,35,high
LMU_vs_Dunn,LMU,Dunn,FT-002,24,26,7.336073915494046,7.248595200778398,0.0874787147156475,0.2207326064991566,1662.9976590018782,1500.1371325964158,0.14859762707695184,430.0,0.02250936614558268,0.6891025641025641,0.6891025641025641,0.3782051282051282,0.3782051282051282,1.0,1.0,0.0,0.033764049218374025,1.471545475324146,LMU > Dunn,True,1375.0627606749038,288.0754338021132,20.949984396401003,0.2449409241714183,1.0,1439.636430766677,450.079252450003,31.26339698213345,0.439853957382915,1.0,1606.1515481488566,344.3016937438306,21.436438805581563,0.214657924474939,1.0,1593.6030149750611,493.28334676682425,30.953966711373457,0.3413215147327254,1.0,30.953966711373457,31.26339698213345,0.3413215147327254,1.0,1.0,0.6768109752054273,0.7176252114175146,889.6499309783783,889.7022159640214,889.6015469549808,0.0255523760494532,609.0997423566134,627.7172511456954,611.7465009922388,606.4265533909693,596.7890463679698,1.324647395195849,1.0,1.0,1.0,0.0,0.0,1466.5399815071848,1545.1114211635718,0.000681412440275,0.0006467839162894,False,,5,1.0,True,True,True,True,False,False,True,True,retained,36,high
LMU_vs_Dunn,LMU,Dunn,FT-200,24,26,4.486798622576336,4.6457710850305975,-0.1589724624542619,-0.16149350685907393,84.86900317184157,109.80585660024785,-0.3678247873261271,202.0,0.03347713914371033,0.3237179487179488,0.6762820512820512,-0.35256410256410253,-0.3525641025641026,1.0,1.0,0.0,0.04885852739892859,1.311059626845947,LMU < Dunn,True,128.16086591180053,38.03150326503204,29.67481765549639,0.2863542322785414,1.0,112.08920837006772,35.737109706901926,31.882738959948934,0.3057154888534732,1.0,132.16427975693648,30.00481258543737,22.702664169637416,0.2281400024537738,1.0,84.36630293131853,23.53272136508822,27.893507890521047,0.3063415606593952,1.0,27.893507890521047,31.882738959948934,0.3057154888534732,1.0,1.0,1.0638610881057624,0.9366690361435646,1039.6606356714726,1039.7152117448236,1039.609987920612,0.0285971293977563,1386.5689310879638,1396.528175354006,1389.322205274966,1383.8648933908498,1377.2603266789347,1.358794537316638,1.0,1.0,1.0,0.0,0.0,118.20702815776716,109.5721996947653,0.0083887671344052,0.0090438645768149,False,,5,1.0,True,True,True,True,False,False,True,True,retained,37,high
LMU_vs_Dunn,LMU,Dunn,FT-243,24,26,5.196683806658308,5.3047175829318824,-0.10803377627357413,-0.0743671429150563,165.70863901464529,199.4842924760024,-0.2661603407606239,225.0,0.09301748762696663,0.3605769230769231,0.6394230769230769,-0.27884615384615385,-0.27884615384615385,1.0,1.0,0.0,0.1321827455751631,0.8788252316170541,LMU < Dunn,False,191.9783482780277,33.9596297754927,17.68930198644669,0.1857901915026876,1.0,203.45385559039389,41.27843794233053,20.28884526299412,0.2068319291778701,1.0,170.64969018079324,41.52366171149954,24.332690945707363,0.2448092526649984,1.0,176.92273689744272,46.469376127861416,26.26535002948685,0.2454882273931065,1.0,24.332690945707363,26.26535002948685,0.2448092526649984,1.0,1.0,0.7269768076994105,0.758918176009166,1083.0184165320716,1083.081155245212,1082.9536937910798,0.0367099381181748,1438.918439562102,1444.8087708493492,1440.6161703055536,1436.2722954248684,1431.0281680492635,1.1621010653959112,1.0,1.0,1.0,0.0,0.0,161.443969675892,183.925787404744,0.0061559687441472,0.0054075746494528,False,,5,1.0,True,True,True,True,False,False,True,True,retained,38,high
LMU_vs_Dunn,LMU,Dunn,FT-095,24,26,7.859227672362351,7.877428255537168,-0.018200583174817098,-0.021388659910908103,2470.1999452761593,2795.5756197570245,-0.17844959737634034,226.0,0.09685966046130312,0.3621794871794872,0.6378205128205128,-0.27564102564102566,-0.27564102564102566,1.0,1.0,0.0,0.13411337602334278,0.8725279048969014,LMU < Dunn,False,2754.065463448269,524.5629975517419,19.046860160504497,0.1818524673668541,1.0,2754.034399961064,519.7633846100945,18.872799287381557,0.2234442754243461,1.0,2421.396406298692,255.86849521679517,10.566980877282775,0.105222289612389,1.0,2458.75815225543,430.6424203795125,17.514631115080686,0.2062818098117186,1.0,17.514631115080686,18.872799287381557,0.2062818098117186,1.0,1.0,1.0874828042541251,0.8815729682265141,1296.8385481999308,1296.9145054717983,1296.7740241235522,0.036768193553219,1325.9004245551305,1343.095463462498,1328.046641465988,1323.3579718833523,1306.2086665112035,1.192316158113339,1.0,1.0,1.0,0.0,0.0,2506.461190989754,2547.379080017163,0.0003988097616798,0.0003924062977291,False,,5,1.0,True,True,True,True,False,False,True,True,retained,39,high
LMU_vs_Dunn,LMU,Dunn,FT-069,24,26,6.776379274126407,6.812233799727391,-0.03585452560098368,-0.02512029846991659,820.6121648810849,989.128091174274,-0.26915763373335894,235.0,0.13740959524053575,0.3766025641025641,0.6233974358974359,-0.2467948717948718,-0.2467948717948718,1.0,1.0,0.0,0.18550295357472327,0.7316491711648792,LMU < Dunn,False,924.0848528841284,133.00049018131477,14.39267073431749,0.1483940005332454,1.0,963.5270914734796,167.26846340223193,17.36001663912072,0.1778894901757489,1.0,880.6997002504892,111.29518142855169,12.637131748415156,0.1238138893119786,1.0,864.6323305632338,151.8128953212514,17.55808682545543,0.1744434343662844,1.0,17.36001663912072,17.55808682545543,0.1744434343662844,1.0,1.0,0.8290701001912447,0.8506711706997114,1150.7568385346326,1150.8215253510546,1150.6976302094158,0.0348052353991313,1199.4452906242605,1210.6137862572284,1201.2154408063195,1197.1823084180112,1184.9031991225047,1.0329515176038833,1.0,1.0,1.0,0.0,0.0,837.8789706795819,903.719800897984,0.0011920670739783,0.0011053145946484,False,,5,1.0,True,True,True,True,False,False,True,True,retained,40,high
LMU_vs_Dunn,LMU,Dunn,FT-188,24,26,4.4534033143102665,4.525424436053235,-0.07202112174296893,0.026850366021976768,81.74055690487448,104.22593360788062,-0.3468237368028282,239.0,0.15918042470607296,0.38301282051282054,0.6169871794871795,-0.23397435897435892,-0.23397435897435898,1.0,1.0,0.0,0.20965226668604733,0.6785004377969215,LMU < Dunn,False,84.0586923610034,24.55222090585828,29.20842594173946,0.2858227215115502,1.0,153.37385402380642,282.51253530013986,184.1986283113736,0.5913674936175541,1.0,360.94833375547785,635.3992200826013,176.03605853270082,1.3522059763956265,1.0,204.0093915709096,337.47004082368125,165.41887519250966,0.8827058541398851,1.0,176.03605853270082,184.1986283113736,0.8827058541398851,1.0,1.0,0.1659229716070565,0.3238029069038609,931.123316275561,931.1738081023892,931.07426737904,0.0254915780131796,1102.1879690833632,1107.124431889231,1104.963450062722,1099.1332192776542,1093.916465014947,1.3268034181666346,1.0,1.0,1.0,0.0,0.0,78.81477712077168,238.3543660396056,0.0125290082372447,0.0041779058245151,False,,5,1.0,True,True,True,True,False,False,True,True,retained,41,high
LMU_vs_Dunn,LMU,Dunn,FT-063,24,26,7.156964818131987,7.174460830698473,-0.01749601256648603,-0.01987679362223993,1229.7964665528564,1409.4747093059702,-0.19658859071939203,242.0,0.17715133041971598,0.3878205128205128,0.6121794871794872,-0.22435897435897434,-0.22435897435897437,1.0,1.0,0.0,0.22776599625392052,0.6425111123095089,LMU < Dunn,False,1353.3149118790946,183.8754122947832,13.587038070796831,0.1470859695382142,1.0,1403.740408274534,220.23408296643825,15.689089070047368,0.1584401484599632,1.0,1292.5027699691805,162.33883923725097,12.560038013777092,0.1266621654565877,1.0,1273.2629893831324,228.5484794232739,17.949825081619668,0.1746794686766625,1.0,15.689089070047368,17.949825081619668,0.1584401484599632,1.0,1.0,0.8660182888971139,0.9283377412094626,1149.7527620467906,1149.8187882192658,1149.690158497745,0.032753424332895,1199.627733531914,1211.340092005355,1201.7405156059112,1197.2342172171689,1184.739180146977,1.1315627824245194,1.0,1.0,1.0,0.0,0.0,1224.2201682630816,1324.1886172983866,0.0008161798392672,0.0007546095604402,False,,5,1.0,True,True,True,True,False,False,True,True,retained,42,high
LMU_vs_Dunn,LMU,Dunn,FT-186,24,26,4.278990004404468,4.331333089131055,-0.05234308472658711,-0.06954037571926719,68.31205337121126,81.6153578083028,-0.2533037378766172,249.0,0.22488162159255476,0.3990384615384615,0.6009615384615385,-0.20192307692307687,-0.20192307692307693,1.0,1.0,0.0,0.28240947827902224,0.5491207315040886,LMU < Dunn,False,72.66245175596532,20.486493447601248,28.194057525617943,0.2811623787610746,1.0,79.08902165136585,17.924290219155072,22.66343652367777,0.2437459840534943,1.0,303.63529508360534,525.693109301528,173.13307043464084,1.3586506177174884,1.0,69.20358692577742,18.98562056384173,27.434445824613523,0.2884858520977447,1.0,27.434445824613523,173.13307043464084,0.2884858520977447,1.0,1.0,1.0276882465882695,0.974614098807907,931.6243046494036,931.6784901191336,931.5809314937704,0.0274414767123745,1102.186769188893,1106.829634834741,1104.5947650644134,1099.0703438301748,1094.5528271619044,1.4732397071044796,1.0,1.0,1.0,0.0,0.0,69.87107009203004,149.73689261811177,0.014110129827325,0.0066340759891705,False,,5,1.0,True,True,True,True,False,False,True,True,retained,43,high
LMU_vs_Dunn,LMU,Dunn,FT-202,24,26,5.011364573104081,5.070459945198502,-0.05909537209442117,-0.015344314953008364,143.46045758327682,179.7740470710911,-0.3235129260019425,273.0,0.4546966071237052,0.4375,0.5625,-0.125,-0.125,1.0,1.0,0.0,0.5580367451063655,0.25333720308478797,LMU < Dunn,False,180.79833832393183,36.35545102564704,20.10828825235655,0.2198876089897222,1.0,170.54677305128698,45.58314942362598,26.72765283569345,0.2761820550416628,1.0,206.5152695907976,54.47476663338082,26.378081747330626,0.2620040403370905,1.0,153.77264659607332,40.78064140551163,26.520088135462316,0.2306623585132428,1.0,26.520088135462316,26.72765283569345,0.2620040403370905,1.0,1.0,0.7582285605404159,0.8392527409379569,1033.9870057402484,1034.0472286109705,1033.928817254043,0.0317203756271548,1386.1519996372765,1394.7988818241977,1389.2728290402838,1383.1683020518017,1377.1626443129362,1.4789205614544831,1.0,1.0,1.0,0.8118030693812693,0.1666666666666666,157.84461632562994,176.86390750941004,0.0114061345690627,0.0101864571331618,False,0.0,5,1.0,True,True,True,True,False,False,True,True,retained,44,high
LMU_vs_Dunn,LMU,Dunn,FT-206,24,26,5.152004983281206,5.179682419628806,-0.027677436347600448,-0.03607545987800176,162.93200867194844,184.75640484550968,-0.18031437898677624,277.0,0.5028995538059735,0.4439102564102564,0.5560897435897436,-0.11217948717948723,-0.11217948717948718,1.0,1.0,0.0,0.6034794645671682,0.21933750365594507,LMU < Dunn,False,198.7698817395667,36.36401977646919,18.29453207811143,0.2018259206828987,1.0,188.6426636835975,40.62467727436547,21.53525426385176,0.2194138164074426,1.0,217.8586346343642,49.0157388128015,22.49887359069584,0.2249005520751773,1.0,168.16508787552533,44.587460351738784,26.514100468191188,0.2676324265510753,1.0,22.49887359069584,26.514100468191188,0.2249005520751773,1.0,1.0,0.8131310220648973,0.8974007347720273,1034.6560763743712,1034.7123139359592,1034.6014150768017,0.0298462974025474,1386.0386461317642,1395.2626547813416,1388.8838369044424,1383.0236739106767,1376.8958172798157,1.443510211018104,1.0,1.0,1.0,0.0,0.0,164.53404527072766,191.51859119891463,0.0060410533577217,0.005194303541141,False,,5,1.0,True,True,True,True,False,False,True,True,retained,45,high
LMU_vs_Dunn,LMU,Dunn,FT-178,24,26,7.224649420505564,7.237010719134442,-0.012361298628878359,-0.03473153838488674,1352.4163418541393,1465.4586427785298,-0.11573067101376823,284.0,0.5933375553870515,0.4551282051282051,0.5448717948717949,-0.08974358974358976,-0.08974358974358974,1.0,1.0,0.0,0.6965266954543649,0.15706223391862967,LMU < Dunn,False,1510.7574407189436,367.83106939405207,24.347460385103748,0.2582807507030983,1.0,1450.6667791604805,309.56596846474355,21.33956418605611,0.2594716549765548,1.0,1679.1258688084863,229.1803249530222,13.648787694257212,0.1363614110155887,1.0,1261.1295235666462,373.7460369107488,29.63581693446872,0.4241204834792494,1.0,21.33956418605611,29.63581693446872,0.2594716549765548,1.0,1.0,1.140953965733428,0.9954102721795792,1455.998949997305,1456.082154844198,1455.926444513204,0.041233206473815,1013.726434598975,1028.9705747968685,1016.3456457697848,1011.168015919862,1000.145713291808,1.295076577039198,1.0,1.0,1.0,0.0,0.0,1360.8780803096256,1463.4764966972964,0.0007342801198273,0.0006828378620313,False,,5,1.0,True,True,True,True,False,False,True,True,retained,46,high
LMU_vs_Dunn,LMU,Dunn,FT-072,24,26,4.9047381645061305,4.955972146994711,-0.05123398248858013,-0.047234836243940315,130.1872357576811,147.95169617177788,-0.18321719662991798,286.0,0.6204808530430301,0.45833333333333337,0.5416666666666666,-0.08333333333333337,-0.08333333333333333,1.0,1.0,0.0,0.7128928949856091,0.14697571364150647,LMU < Dunn,False,135.20509259487687,28.80662512848012,21.30587285997809,0.225489375649795,1.0,145.40447430488308,33.238896509614065,22.859610523345367,0.2366934632125195,1.0,111.04914744010998,21.10003677121711,19.000629232742728,0.1875858058867834,1.0,130.78801710461696,39.40299930055532,30.12737724208861,0.2933388740004765,1.0,22.859610523345367,30.12737724208861,0.2366934632125195,1.0,1.0,0.932031315153838,0.9526641445409724,1252.819559504331,1252.8923288346316,1252.7474352137208,0.0360234419531445,1252.123154423304,1259.34100136828,1254.3494914890537,1249.7181801223417,1244.226415264071,1.2333870429369769,1.0,1.0,1.0,0.0,0.0,122.3648908550372,129.28717828347777,0.0081060340026164,0.0076753523499005,False,,5,1.0,True,True,True,True,False,False,True,True,retained,47,high
LMU_vs_Dunn,LMU,Dunn,FT-066,24,26,7.236852871226656,7.234289457414703,0.002563413811953019,0.009008714910672566,1317.6163330620266,1475.5187404197331,-0.16317481115927268,336.0,0.6481511217430623,0.5384615384615384,0.5384615384615384,0.07692307692307687,0.07692307692307693,1.0,1.0,0.0,0.7291700119609451,0.13717120055969406,LMU > Dunn,False,1444.0545926452266,195.26008462013647,13.521655317923823,0.1386496435118967,1.0,1467.200533485155,234.8016712953004,16.003379629201593,0.1634155737458739,1.0,1370.4015117600438,165.70220828686985,12.091507989804684,0.1191002032664035,1.0,1356.8324626653,217.7398718523021,16.047660845656935,0.155784231919713,1.0,16.003379629201593,16.047660845656935,0.155784231919713,1.0,1.0,0.8449249865478833,0.8900107655526587,1150.2523051364865,1150.3219915217664,1150.1924882958133,0.0327477740464124,1199.6136168612857,1211.804089112715,1201.579446951864,1197.0687593819969,1184.1168776425466,1.0672118534282304,1.0,1.0,1.0,0.0,0.0,1313.9452043548083,1399.0189587235209,0.0007604879630635,0.0007142760415985,False,,5,1.0,True,True,True,True,False,False,True,True,retained,48,high
LMU_vs_Dunn,LMU,Dunn,FT-203,24,26,7.489972477973668,7.4734171326160705,0.016555345357597062,-0.01904739857655624,1577.1506150514476,1899.3989229619447,-0.26806739481787273,289.0,0.66217386633478,0.4631410256410256,0.5368589743589745,-0.07371794871794868,-0.07371794871794872,1.0,1.0,0.0,0.729742628205676,0.13683028352154084,LMU > Dunn,False,1928.6212154045788,362.16833018737447,18.778613824975483,0.2076194367505124,1.0,1936.3164448047264,402.9926658578325,20.81233503640844,0.1976835645132479,1.0,1982.8918837503916,439.9229907367873,22.18592926532778,0.2113894980586151,1.0,1778.4510582875105,430.1917640905181,24.18912581742645,0.2260294279727742,1.0,22.18592926532778,24.18912581742645,0.2113894980586151,1.0,1.0,0.8464199808985574,0.9821653329861388,1033.9851251097311,1034.0431134347784,1033.93021982602,0.0303773301958856,1419.5994173936797,1436.3402098797728,1421.5891002033584,1417.1693973731028,1406.504333983076,1.2292331845144575,1.0,1.0,1.0,0.0,0.0,1680.5062875592694,1899.6893734520645,0.000594704882996,0.0005261248965599,False,,5,1.0,True,True,True,True,False,False,True,True,retained,49,high
LMU_vs_Dunn,LMU,Dunn,FT-060,24,26,6.036112204878306,6.045355018967479,-0.009242814089173379,0.008544594239546122,395.469251632177,433.7025236677868,-0.132819489869646,329.0,0.7486625102538513,0.5272435897435898,0.5272435897435898,0.054487179487179516,0.05448717948717949,1.0,1.0,0.0,0.8083332925258202,0.0924095337060953,LMU < Dunn,False,400.7886016215288,69.83598077931343,17.424642441618307,0.1793481241270795,1.0,429.4710455346248,94.39164729852024,21.97858232352248,0.2548115972073745,1.0,356.3431608640206,54.006261886152025,15.155689183202997,0.153157362295362,1.0,398.0676644056148,83.15382079225036,20.889368373191942,0.2114450227667062,1.0,20.889368373191942,21.97858232352248,0.2114450227667062,1.0,1.0,0.8341392678957186,0.8482021557204483,1251.815294797806,1251.8928041654049,1251.7555207167077,0.038755507110193,1252.0156980757831,1259.4881563062756,1254.194200130937,1249.5033644892535,1243.0116841700158,1.2070818965472034,1.0,1.0,1.0,0.0,0.0,369.7445069546533,395.068350461334,0.0026972752967107,0.0025248167363921,False,,5,1.0,True,True,True,True,False,False,True,True,retained,50,high
LMU_vs_Dunn,LMU,Dunn,FT-078,24,26,6.652463664130766,6.661000301962728,-0.00853663783196179,0.01309207580107774,750.2869674920902,840.4135530840879,-0.16345098035006297,328.0,0.7634258873854969,0.5256410256410255,0.5256410256410255,0.05128205128205132,0.05128205128205128,1.0,1.0,0.0,0.8083332925258202,0.0924095337060953,LMU < Dunn,False,849.9818739507681,153.95509179749394,18.11274999099701,0.1811393873244086,1.0,820.718794452905,144.52799610962492,17.609928892388528,0.1821749056385841,1.0,854.605458357555,111.33603502772895,13.027770176158588,0.1284196688399669,1.0,765.2266471390691,145.57378190997628,19.02361639577357,0.1890435834123533,1.0,17.609928892388528,19.02361639577357,0.1821749056385841,1.0,1.0,1.028553272513543,0.9943158015614412,1077.205728818574,1077.2697492713137,1077.1507175425947,0.0315129711684634,1164.9081193819106,1176.015186999219,1167.311426224721,1162.4987461160683,1152.201798220714,1.193687829900949,1.0,1.0,1.0,2.55112722212645,0.3333333333333333,750.8839119116299,813.608129027097,0.0047229727433559,0.0043593073719601,False,0.3535533905932737,5,1.0,True,True,True,True,False,False,True,True,retained,51,high
LMU_vs_Dunn,LMU,Dunn,FT-174,24,26,1.948485985200091,1.8201520753911031,0.12833390980898796,0.29223518272651017,5.307769650760624,5.47475770806951,-0.037696230442290125,326.0,0.7864348920926031,0.5224358974358975,0.5224358974358975,0.044871794871794934,0.04487179487179487,0.3333333333333333,0.34615384615384615,-0.01282051282051283,0.8166823879423185,0.08794681003160326,LMU > Dunn,False,28.534948565135387,6.840222093642689,23.971383996115623,0.2488077418313656,0.9090909090909092,42.78142624756968,85.14422754511979,199.02147967765956,0.9665892576199262,0.3703703703703703,97.2041630102426,23.251326409421583,23.920093223755806,0.2389378500589421,1.0,85.63914429270048,73.76357206909495,86.13300924280983,1.1430564060057398,0.3846153846153846,86.13300924280983,199.02147967765956,0.9665892576199262,0.3846153846153846,0.3703703703703703,0.2783065889238822,0.257407931931724,1210.8304701216448,1210.9006110405176,1210.7634042850927,0.0393243797493412,928.6948296247882,936.6544350710782,933.2542365417872,923.4052741038936,921.7589794505756,2.2293708605911333,0.3703703703703703,1.0,0.3846153846153846,0.0,0.0,37.48465694808375,49.21328013165891,0.025984381291199,0.0199150503089622,False,,5,1.0,True,True,True,False,False,False,True,True,retained,52,high
LMU_vs_Dunn,LMU,Dunn,FT-159,24,26,6.842569471032862,6.886583398328086,-0.04401392729522424,0.017021439265326066,948.2909547234831,998.4302596745948,-0.0742555625396979,325.0,0.8082146534807377,0.5208333333333334,0.5208333333333334,0.04166666666666674,0.041666666666666664,1.0,1.0,0.0,0.82346398656528,0.08435538954580948,LMU < Dunn,False,1069.713385107761,298.8936910512389,27.94147434372141,0.270728387483183,1.0,1004.2222939698864,301.79672512746885,30.05278083743865,0.5499986215498742,1.0,1047.5708897310249,202.59123229530567,19.339142990821667,0.2022127846512563,1.0,933.4698175111224,254.90342394134504,27.307087937881597,0.3032184463030614,1.0,27.307087937881597,30.05278083743865,0.3032184463030614,1.0,1.0,1.0232315656390356,0.8928493328291606,1343.8406591266526,1343.9145274628254,1343.7677461186618,0.0377960318667136,1551.4018781172863,1565.4921889631703,1553.8324037844404,1548.6513125167294,1538.0750452329032,1.2893645633100164,1.0,1.0,1.0,0.0,0.0,1213.416491655562,995.2032952592753,0.0008234407280131,0.0010038111746455,False,,5,1.0,True,True,True,True,False,False,True,True,retained,53,high
LMU_vs_Dunn,LMU,Dunn,FT-110,24,26,8.052948325601943,8.055319101151753,-0.0023707755498101335,-0.04609402686623554,3004.659585132408,3324.8264401629654,-0.1460312610496797,320.0,0.884207221812355,0.5128205128205128,0.5128205128205128,0.02564102564102555,0.02564102564102564,1.0,1.0,0.0,0.884207221812355,0.05344594229098313,LMU < Dunn,False,3057.572263320515,912.4749291047112,29.843119001667223,0.4677711304322494,1.0,3226.9030056594324,793.9168322069155,24.603058437595493,0.653333578222849,1.0,2825.3568334846327,355.54610274710154,12.58411321831485,0.120158017576864,1.0,2853.947249405985,850.404097986457,29.797470789393824,0.5732015101014872,1.0,24.603058437595493,29.797470789393824,0.5732015101014872,1.0,1.0,1.2129841124168728,0.8160675123647686,1397.397689304656,1397.4807202889865,1397.32751164411,0.0396415334606327,1341.878177208506,1358.4040985107413,1343.935126354734,1339.536640575101,1327.251101175941,1.0627275704614252,1.0,1.0,1.0,0.0,0.0,2824.110301241298,2972.0036368096294,0.0003539684802963,0.0003363601670777,False,,5,1.0,True,True,True,True,False,False,True,True,retained,54,high
